Year,COMMENT_OBS,SDG Series,Value
2005,Disclaimer: The data being submitted by UNDRR has been extracted from two sources: (a) the Sendai Framework Monitoring System as provided by designated national focal points; and (b) DesInventar disaster loss databases. Some of the data has not followed an official validation process and may be subject to revision at a later date.,Number of disruptions to basic services attributed to disasters [11.5.3],18
2006,Disclaimer: The data being submitted by UNDRR has been extracted from two sources: (a) the Sendai Framework Monitoring System as provided by designated national focal points; and (b) DesInventar disaster loss databases. Some of the data has not followed an official validation process and may be subject to revision at a later date.,Number of disruptions to basic services attributed to disasters [11.5.3],10
2007,Disclaimer: The data being submitted by UNDRR has been extracted from two sources: (a) the Sendai Framework Monitoring System as provided by designated national focal points; and (b) DesInventar disaster loss databases. Some of the data has not followed an official validation process and may be subject to revision at a later date.,Number of disruptions to basic services attributed to disasters [11.5.3],16
2008,Disclaimer: The data being submitted by UNDRR has been extracted from two sources: (a) the Sendai Framework Monitoring System as provided by designated national focal points; and (b) DesInventar disaster loss databases. Some of the data has not followed an official validation process and may be subject to revision at a later date.,Number of disruptions to basic services attributed to disasters [11.5.3],14
2009,Disclaimer: The data being submitted by UNDRR has been extracted from two sources: (a) the Sendai Framework Monitoring System as provided by designated national focal points; and (b) DesInventar disaster loss databases. Some of the data has not followed an official validation process and may be subject to revision at a later date.,Number of disruptions to basic services attributed to disasters [11.5.3],9
2010,Disclaimer: The data being submitted by UNDRR has been extracted from two sources: (a) the Sendai Framework Monitoring System as provided by designated national focal points; and (b) DesInventar disaster loss databases. Some of the data has not followed an official validation process and may be subject to revision at a later date.,Number of disruptions to basic services attributed to disasters [11.5.3],9
2011,Disclaimer: The data being submitted by UNDRR has been extracted from two sources: (a) the Sendai Framework Monitoring System as provided by designated national focal points; and (b) DesInventar disaster loss databases. Some of the data has not followed an official validation process and may be subject to revision at a later date.,Number of disruptions to basic services attributed to disasters [11.5.3],6
2012,Disclaimer: The data being submitted by UNDRR has been extracted from two sources: (a) the Sendai Framework Monitoring System as provided by designated national focal points; and (b) DesInventar disaster loss databases. Some of the data has not followed an official validation process and may be subject to revision at a later date.,Number of disruptions to basic services attributed to disasters [11.5.3],15
2013,Disclaimer: The data being submitted by UNDRR has been extracted from two sources: (a) the Sendai Framework Monitoring System as provided by designated national focal points; and (b) DesInventar disaster loss databases. Some of the data has not followed an official validation process and may be subject to revision at a later date.,Number of disruptions to basic services attributed to disasters [11.5.3],20
2014,Disclaimer: The data being submitted by UNDRR has been extracted from two sources: (a) the Sendai Framework Monitoring System as provided by designated national focal points; and (b) DesInventar disaster loss databases. Some of the data has not followed an official validation process and may be subject to revision at a later date.,Number of disruptions to basic services attributed to disasters [11.5.3],13
2015,Obs_Value = 0;  Disclaimer: The data being submitted by UNDRR has been extracted from two sources: (a) the Sendai Framework Monitoring System as provided by designated national focal points; and (b) DesInventar disaster loss databases. Some of the data has not followed an official validation process and may be subject to revision at a later date.,Number of disruptions to basic services attributed to disasters [11.5.3],0
2005,Disclaimer: The data being submitted by UNDRR has been extracted from two sources: (a) the Sendai Framework Monitoring System as provided by designated national focal points; and (b) DesInventar disaster loss databases. Some of the data has not followed an official validation process and may be subject to revision at a later date.,Number of damaged critical infrastructure attributed to disasters [11.5.3],1
2006,Obs_Value = 0;  Disclaimer: The data being submitted by UNDRR has been extracted from two sources: (a) the Sendai Framework Monitoring System as provided by designated national focal points; and (b) DesInventar disaster loss databases. Some of the data has not followed an official validation process and may be subject to revision at a later date.,Number of damaged critical infrastructure attributed to disasters [11.5.3],0
2007,Obs_Value = 0;  Disclaimer: The data being submitted by UNDRR has been extracted from two sources: (a) the Sendai Framework Monitoring System as provided by designated national focal points; and (b) DesInventar disaster loss databases. Some of the data has not followed an official validation process and may be subject to revision at a later date.,Number of damaged critical infrastructure attributed to disasters [11.5.3],0
2008,Disclaimer: The data being submitted by UNDRR has been extracted from two sources: (a) the Sendai Framework Monitoring System as provided by designated national focal points; and (b) DesInventar disaster loss databases. Some of the data has not followed an official validation process and may be subject to revision at a later date.,Number of damaged critical infrastructure attributed to disasters [11.5.3],2
2009,Disclaimer: The data being submitted by UNDRR has been extracted from two sources: (a) the Sendai Framework Monitoring System as provided by designated national focal points; and (b) DesInventar disaster loss databases. Some of the data has not followed an official validation process and may be subject to revision at a later date.,Number of damaged critical infrastructure attributed to disasters [11.5.3],1
2010,Disclaimer: The data being submitted by UNDRR has been extracted from two sources: (a) the Sendai Framework Monitoring System as provided by designated national focal points; and (b) DesInventar disaster loss databases. Some of the data has not followed an official validation process and may be subject to revision at a later date.,Number of damaged critical infrastructure attributed to disasters [11.5.3],3
2011,Disclaimer: The data being submitted by UNDRR has been extracted from two sources: (a) the Sendai Framework Monitoring System as provided by designated national focal points; and (b) DesInventar disaster loss databases. Some of the data has not followed an official validation process and may be subject to revision at a later date.,Number of damaged critical infrastructure attributed to disasters [11.5.3],3
2012,Disclaimer: The data being submitted by UNDRR has been extracted from two sources: (a) the Sendai Framework Monitoring System as provided by designated national focal points; and (b) DesInventar disaster loss databases. Some of the data has not followed an official validation process and may be subject to revision at a later date.,Number of damaged critical infrastructure attributed to disasters [11.5.3],4
2013,Disclaimer: The data being submitted by UNDRR has been extracted from two sources: (a) the Sendai Framework Monitoring System as provided by designated national focal points; and (b) DesInventar disaster loss databases. Some of the data has not followed an official validation process and may be subject to revision at a later date.,Number of damaged critical infrastructure attributed to disasters [11.5.3],13
2014,Disclaimer: The data being submitted by UNDRR has been extracted from two sources: (a) the Sendai Framework Monitoring System as provided by designated national focal points; and (b) DesInventar disaster loss databases. Some of the data has not followed an official validation process and may be subject to revision at a later date.,Number of damaged critical infrastructure attributed to disasters [11.5.3],12
2015,Obs_Value = 0;  Disclaimer: The data being submitted by UNDRR has been extracted from two sources: (a) the Sendai Framework Monitoring System as provided by designated national focal points; and (b) DesInventar disaster loss databases. Some of the data has not followed an official validation process and may be subject to revision at a later date.,Number of damaged critical infrastructure attributed to disasters [11.5.3],0
2005,Obs_Value = 0;  Disclaimer: The data being submitted by UNDRR has been extracted from two sources: (a) the Sendai Framework Monitoring System as provided by designated national focal points; and (b) DesInventar disaster loss databases. Some of the data has not followed an official validation process and may be subject to revision at a later date.,Number of destroyed or damaged educational facilities attributed to disasters [11.5.3],0
2006,Obs_Value = 0;  Disclaimer: The data being submitted by UNDRR has been extracted from two sources: (a) the Sendai Framework Monitoring System as provided by designated national focal points; and (b) DesInventar disaster loss databases. Some of the data has not followed an official validation process and may be subject to revision at a later date.,Number of destroyed or damaged educational facilities attributed to disasters [11.5.3],0
2007,Obs_Value = 0;  Disclaimer: The data being submitted by UNDRR has been extracted from two sources: (a) the Sendai Framework Monitoring System as provided by designated national focal points; and (b) DesInventar disaster loss databases. Some of the data has not followed an official validation process and may be subject to revision at a later date.,Number of destroyed or damaged educational facilities attributed to disasters [11.5.3],0
2008,Disclaimer: The data being submitted by UNDRR has been extracted from two sources: (a) the Sendai Framework Monitoring System as provided by designated national focal points; and (b) DesInventar disaster loss databases. Some of the data has not followed an official validation process and may be subject to revision at a later date.,Number of destroyed or damaged educational facilities attributed to disasters [11.5.3],2
2009,Disclaimer: The data being submitted by UNDRR has been extracted from two sources: (a) the Sendai Framework Monitoring System as provided by designated national focal points; and (b) DesInventar disaster loss databases. Some of the data has not followed an official validation process and may be subject to revision at a later date.,Number of destroyed or damaged educational facilities attributed to disasters [11.5.3],1
2010,Disclaimer: The data being submitted by UNDRR has been extracted from two sources: (a) the Sendai Framework Monitoring System as provided by designated national focal points; and (b) DesInventar disaster loss databases. Some of the data has not followed an official validation process and may be subject to revision at a later date.,Number of destroyed or damaged educational facilities attributed to disasters [11.5.3],2
2011,Disclaimer: The data being submitted by UNDRR has been extracted from two sources: (a) the Sendai Framework Monitoring System as provided by designated national focal points; and (b) DesInventar disaster loss databases. Some of the data has not followed an official validation process and may be subject to revision at a later date.,Number of destroyed or damaged educational facilities attributed to disasters [11.5.3],2
2012,Disclaimer: The data being submitted by UNDRR has been extracted from two sources: (a) the Sendai Framework Monitoring System as provided by designated national focal points; and (b) DesInventar disaster loss databases. Some of the data has not followed an official validation process and may be subject to revision at a later date.,Number of destroyed or damaged educational facilities attributed to disasters [11.5.3],4
2013,Disclaimer: The data being submitted by UNDRR has been extracted from two sources: (a) the Sendai Framework Monitoring System as provided by designated national focal points; and (b) DesInventar disaster loss databases. Some of the data has not followed an official validation process and may be subject to revision at a later date.,Number of destroyed or damaged educational facilities attributed to disasters [11.5.3],11
2014,Disclaimer: The data being submitted by UNDRR has been extracted from two sources: (a) the Sendai Framework Monitoring System as provided by designated national focal points; and (b) DesInventar disaster loss databases. Some of the data has not followed an official validation process and may be subject to revision at a later date.,Number of destroyed or damaged educational facilities attributed to disasters [11.5.3],11
2015,Obs_Value = 0;  Disclaimer: The data being submitted by UNDRR has been extracted from two sources: (a) the Sendai Framework Monitoring System as provided by designated national focal points; and (b) DesInventar disaster loss databases. Some of the data has not followed an official validation process and may be subject to revision at a later date.,Number of destroyed or damaged educational facilities attributed to disasters [11.5.3],0
2005,Disclaimer: The data being submitted by UNDRR has been extracted from two sources: (a) the Sendai Framework Monitoring System as provided by designated national focal points; and (b) DesInventar disaster loss databases. Some of the data has not followed an official validation process and may be subject to revision at a later date.,Number of disruptions to educational services attributed to disasters [11.5.3],1
2006,Obs_Value = 0;  Disclaimer: The data being submitted by UNDRR has been extracted from two sources: (a) the Sendai Framework Monitoring System as provided by designated national focal points; and (b) DesInventar disaster loss databases. Some of the data has not followed an official validation process and may be subject to revision at a later date.,Number of disruptions to educational services attributed to disasters [11.5.3],0
2007,Disclaimer: The data being submitted by UNDRR has been extracted from two sources: (a) the Sendai Framework Monitoring System as provided by designated national focal points; and (b) DesInventar disaster loss databases. Some of the data has not followed an official validation process and may be subject to revision at a later date.,Number of disruptions to educational services attributed to disasters [11.5.3],5
2008,Disclaimer: The data being submitted by UNDRR has been extracted from two sources: (a) the Sendai Framework Monitoring System as provided by designated national focal points; and (b) DesInventar disaster loss databases. Some of the data has not followed an official validation process and may be subject to revision at a later date.,Number of disruptions to educational services attributed to disasters [11.5.3],8
2009,Disclaimer: The data being submitted by UNDRR has been extracted from two sources: (a) the Sendai Framework Monitoring System as provided by designated national focal points; and (b) DesInventar disaster loss databases. Some of the data has not followed an official validation process and may be subject to revision at a later date.,Number of disruptions to educational services attributed to disasters [11.5.3],5
2010,Disclaimer: The data being submitted by UNDRR has been extracted from two sources: (a) the Sendai Framework Monitoring System as provided by designated national focal points; and (b) DesInventar disaster loss databases. Some of the data has not followed an official validation process and may be subject to revision at a later date.,Number of disruptions to educational services attributed to disasters [11.5.3],4
2011,Disclaimer: The data being submitted by UNDRR has been extracted from two sources: (a) the Sendai Framework Monitoring System as provided by designated national focal points; and (b) DesInventar disaster loss databases. Some of the data has not followed an official validation process and may be subject to revision at a later date.,Number of disruptions to educational services attributed to disasters [11.5.3],3
2012,Disclaimer: The data being submitted by UNDRR has been extracted from two sources: (a) the Sendai Framework Monitoring System as provided by designated national focal points; and (b) DesInventar disaster loss databases. Some of the data has not followed an official validation process and may be subject to revision at a later date.,Number of disruptions to educational services attributed to disasters [11.5.3],8
2013,Disclaimer: The data being submitted by UNDRR has been extracted from two sources: (a) the Sendai Framework Monitoring System as provided by designated national focal points; and (b) DesInventar disaster loss databases. Some of the data has not followed an official validation process and may be subject to revision at a later date.,Number of disruptions to educational services attributed to disasters [11.5.3],16
2014,Disclaimer: The data being submitted by UNDRR has been extracted from two sources: (a) the Sendai Framework Monitoring System as provided by designated national focal points; and (b) DesInventar disaster loss databases. Some of the data has not followed an official validation process and may be subject to revision at a later date.,Number of disruptions to educational services attributed to disasters [11.5.3],9
2015,Obs_Value = 0;  Disclaimer: The data being submitted by UNDRR has been extracted from two sources: (a) the Sendai Framework Monitoring System as provided by designated national focal points; and (b) DesInventar disaster loss databases. Some of the data has not followed an official validation process and may be subject to revision at a later date.,Number of disruptions to educational services attributed to disasters [11.5.3],0
2005,Disclaimer: The data being submitted by UNDRR has been extracted from two sources: (a) the Sendai Framework Monitoring System as provided by designated national focal points; and (b) DesInventar disaster loss databases. Some of the data has not followed an official validation process and may be subject to revision at a later date.,Number of destroyed or damaged health facilities attributed to disasters [11.5.3],1
2006,Obs_Value = 0;  Disclaimer: The data being submitted by UNDRR has been extracted from two sources: (a) the Sendai Framework Monitoring System as provided by designated national focal points; and (b) DesInventar disaster loss databases. Some of the data has not followed an official validation process and may be subject to revision at a later date.,Number of destroyed or damaged health facilities attributed to disasters [11.5.3],0
2007,Obs_Value = 0;  Disclaimer: The data being submitted by UNDRR has been extracted from two sources: (a) the Sendai Framework Monitoring System as provided by designated national focal points; and (b) DesInventar disaster loss databases. Some of the data has not followed an official validation process and may be subject to revision at a later date.,Number of destroyed or damaged health facilities attributed to disasters [11.5.3],0
2008,Obs_Value = 0;  Disclaimer: The data being submitted by UNDRR has been extracted from two sources: (a) the Sendai Framework Monitoring System as provided by designated national focal points; and (b) DesInventar disaster loss databases. Some of the data has not followed an official validation process and may be subject to revision at a later date.,Number of destroyed or damaged health facilities attributed to disasters [11.5.3],0
2009,Obs_Value = 0;  Disclaimer: The data being submitted by UNDRR has been extracted from two sources: (a) the Sendai Framework Monitoring System as provided by designated national focal points; and (b) DesInventar disaster loss databases. Some of the data has not followed an official validation process and may be subject to revision at a later date.,Number of destroyed or damaged health facilities attributed to disasters [11.5.3],0
2010,Disclaimer: The data being submitted by UNDRR has been extracted from two sources: (a) the Sendai Framework Monitoring System as provided by designated national focal points; and (b) DesInventar disaster loss databases. Some of the data has not followed an official validation process and may be subject to revision at a later date.,Number of destroyed or damaged health facilities attributed to disasters [11.5.3],1
2011,Disclaimer: The data being submitted by UNDRR has been extracted from two sources: (a) the Sendai Framework Monitoring System as provided by designated national focal points; and (b) DesInventar disaster loss databases. Some of the data has not followed an official validation process and may be subject to revision at a later date.,Number of destroyed or damaged health facilities attributed to disasters [11.5.3],1
2012,Obs_Value = 0;  Disclaimer: The data being submitted by UNDRR has been extracted from two sources: (a) the Sendai Framework Monitoring System as provided by designated national focal points; and (b) DesInventar disaster loss databases. Some of the data has not followed an official validation process and may be subject to revision at a later date.,Number of destroyed or damaged health facilities attributed to disasters [11.5.3],0
2013,Disclaimer: The data being submitted by UNDRR has been extracted from two sources: (a) the Sendai Framework Monitoring System as provided by designated national focal points; and (b) DesInventar disaster loss databases. Some of the data has not followed an official validation process and may be subject to revision at a later date.,Number of destroyed or damaged health facilities attributed to disasters [11.5.3],2
2014,Disclaimer: The data being submitted by UNDRR has been extracted from two sources: (a) the Sendai Framework Monitoring System as provided by designated national focal points; and (b) DesInventar disaster loss databases. Some of the data has not followed an official validation process and may be subject to revision at a later date.,Number of destroyed or damaged health facilities attributed to disasters [11.5.3],1
2015,Obs_Value = 0;  Disclaimer: The data being submitted by UNDRR has been extracted from two sources: (a) the Sendai Framework Monitoring System as provided by designated national focal points; and (b) DesInventar disaster loss databases. Some of the data has not followed an official validation process and may be subject to revision at a later date.,Number of destroyed or damaged health facilities attributed to disasters [11.5.3],0
2005,Disclaimer: The data being submitted by UNDRR has been extracted from two sources: (a) the Sendai Framework Monitoring System as provided by designated national focal points; and (b) DesInventar disaster loss databases. Some of the data has not followed an official validation process and may be subject to revision at a later date.,Number of disruptions to health services attributed to disasters [11.5.3],17
2006,Disclaimer: The data being submitted by UNDRR has been extracted from two sources: (a) the Sendai Framework Monitoring System as provided by designated national focal points; and (b) DesInventar disaster loss databases. Some of the data has not followed an official validation process and may be subject to revision at a later date.,Number of disruptions to health services attributed to disasters [11.5.3],10
2007,Disclaimer: The data being submitted by UNDRR has been extracted from two sources: (a) the Sendai Framework Monitoring System as provided by designated national focal points; and (b) DesInventar disaster loss databases. Some of the data has not followed an official validation process and may be subject to revision at a later date.,Number of disruptions to health services attributed to disasters [11.5.3],11
2008,Disclaimer: The data being submitted by UNDRR has been extracted from two sources: (a) the Sendai Framework Monitoring System as provided by designated national focal points; and (b) DesInventar disaster loss databases. Some of the data has not followed an official validation process and may be subject to revision at a later date.,Number of disruptions to health services attributed to disasters [11.5.3],6
2009,Disclaimer: The data being submitted by UNDRR has been extracted from two sources: (a) the Sendai Framework Monitoring System as provided by designated national focal points; and (b) DesInventar disaster loss databases. Some of the data has not followed an official validation process and may be subject to revision at a later date.,Number of disruptions to health services attributed to disasters [11.5.3],4
2010,Disclaimer: The data being submitted by UNDRR has been extracted from two sources: (a) the Sendai Framework Monitoring System as provided by designated national focal points; and (b) DesInventar disaster loss databases. Some of the data has not followed an official validation process and may be subject to revision at a later date.,Number of disruptions to health services attributed to disasters [11.5.3],5
2011,Disclaimer: The data being submitted by UNDRR has been extracted from two sources: (a) the Sendai Framework Monitoring System as provided by designated national focal points; and (b) DesInventar disaster loss databases. Some of the data has not followed an official validation process and may be subject to revision at a later date.,Number of disruptions to health services attributed to disasters [11.5.3],3
2012,Disclaimer: The data being submitted by UNDRR has been extracted from two sources: (a) the Sendai Framework Monitoring System as provided by designated national focal points; and (b) DesInventar disaster loss databases. Some of the data has not followed an official validation process and may be subject to revision at a later date.,Number of disruptions to health services attributed to disasters [11.5.3],7
2013,Disclaimer: The data being submitted by UNDRR has been extracted from two sources: (a) the Sendai Framework Monitoring System as provided by designated national focal points; and (b) DesInventar disaster loss databases. Some of the data has not followed an official validation process and may be subject to revision at a later date.,Number of disruptions to health services attributed to disasters [11.5.3],4
2014,Disclaimer: The data being submitted by UNDRR has been extracted from two sources: (a) the Sendai Framework Monitoring System as provided by designated national focal points; and (b) DesInventar disaster loss databases. Some of the data has not followed an official validation process and may be subject to revision at a later date.,Number of disruptions to health services attributed to disasters [11.5.3],4
2015,Obs_Value = 0;  Disclaimer: The data being submitted by UNDRR has been extracted from two sources: (a) the Sendai Framework Monitoring System as provided by designated national focal points; and (b) DesInventar disaster loss databases. Some of the data has not followed an official validation process and may be subject to revision at a later date.,Number of disruptions to health services attributed to disasters [11.5.3],0
2005,Obs_Value = 0;  Disclaimer: The data being submitted by UNDRR has been extracted from two sources: (a) the Sendai Framework Monitoring System as provided by designated national focal points; and (b) DesInventar disaster loss databases. Some of the data has not followed an official validation process and may be subject to revision at a later date.,Number of disruptions to other basic services attributed to disasters [11.5.3],0
2006,Obs_Value = 0;  Disclaimer: The data being submitted by UNDRR has been extracted from two sources: (a) the Sendai Framework Monitoring System as provided by designated national focal points; and (b) DesInventar disaster loss databases. Some of the data has not followed an official validation process and may be subject to revision at a later date.,Number of disruptions to other basic services attributed to disasters [11.5.3],0
2007,Obs_Value = 0;  Disclaimer: The data being submitted by UNDRR has been extracted from two sources: (a) the Sendai Framework Monitoring System as provided by designated national focal points; and (b) DesInventar disaster loss databases. Some of the data has not followed an official validation process and may be subject to revision at a later date.,Number of disruptions to other basic services attributed to disasters [11.5.3],0
2008,Obs_Value = 0;  Disclaimer: The data being submitted by UNDRR has been extracted from two sources: (a) the Sendai Framework Monitoring System as provided by designated national focal points; and (b) DesInventar disaster loss databases. Some of the data has not followed an official validation process and may be subject to revision at a later date.,Number of disruptions to other basic services attributed to disasters [11.5.3],0
2009,Obs_Value = 0;  Disclaimer: The data being submitted by UNDRR has been extracted from two sources: (a) the Sendai Framework Monitoring System as provided by designated national focal points; and (b) DesInventar disaster loss databases. Some of the data has not followed an official validation process and may be subject to revision at a later date.,Number of disruptions to other basic services attributed to disasters [11.5.3],0
2010,Obs_Value = 0;  Disclaimer: The data being submitted by UNDRR has been extracted from two sources: (a) the Sendai Framework Monitoring System as provided by designated national focal points; and (b) DesInventar disaster loss databases. Some of the data has not followed an official validation process and may be subject to revision at a later date.,Number of disruptions to other basic services attributed to disasters [11.5.3],0
2011,Obs_Value = 0;  Disclaimer: The data being submitted by UNDRR has been extracted from two sources: (a) the Sendai Framework Monitoring System as provided by designated national focal points; and (b) DesInventar disaster loss databases. Some of the data has not followed an official validation process and may be subject to revision at a later date.,Number of disruptions to other basic services attributed to disasters [11.5.3],0
2012,Obs_Value = 0;  Disclaimer: The data being submitted by UNDRR has been extracted from two sources: (a) the Sendai Framework Monitoring System as provided by designated national focal points; and (b) DesInventar disaster loss databases. Some of the data has not followed an official validation process and may be subject to revision at a later date.,Number of disruptions to other basic services attributed to disasters [11.5.3],0
2013,Obs_Value = 0;  Disclaimer: The data being submitted by UNDRR has been extracted from two sources: (a) the Sendai Framework Monitoring System as provided by designated national focal points; and (b) DesInventar disaster loss databases. Some of the data has not followed an official validation process and may be subject to revision at a later date.,Number of disruptions to other basic services attributed to disasters [11.5.3],0
2014,Obs_Value = 0;  Disclaimer: The data being submitted by UNDRR has been extracted from two sources: (a) the Sendai Framework Monitoring System as provided by designated national focal points; and (b) DesInventar disaster loss databases. Some of the data has not followed an official validation process and may be subject to revision at a later date.,Number of disruptions to other basic services attributed to disasters [11.5.3],0
2015,Obs_Value = 0;  Disclaimer: The data being submitted by UNDRR has been extracted from two sources: (a) the Sendai Framework Monitoring System as provided by designated national focal points; and (b) DesInventar disaster loss databases. Some of the data has not followed an official validation process and may be subject to revision at a later date.,Number of disruptions to other basic services attributed to disasters [11.5.3],0
