Year,COMMENT_OBS,SOURCE_DETAIL,SDG Series,Observation-level footnotes,Source details,Value
2017,"ABS measures reported refers to legislative, administrative and policy framework or measures reported to the ABS Clearing-House. For values:  TRUE = 1.0; FALSE = 0.0. Data as per 15 February 2017.",https://absch.cbd.int/countries,"Countries that have legislative, administrative and policy framework or measures reported to the Access and Benefit-Sharing Clearing-House (1 = YES; 0 = NO) [15.6.1]","ABS measures reported refers to legislative, administrative and policy framework or measures reported to the ABS Clearing-House. For values:  TRUE = 1.0; FALSE = 0.0. Data as per 15 February 2017.",https://absch.cbd.int/countries,1
2021,"Parties  refers to Parties to the Convention on Biological Diversity that have ratified, accepted, approved or acceded the Nagoya Protocol, including those for which the Protocol has not yet entered into force following the 90 days period set out in Artic","https://www.cbd.int/abs/nagoya-protocol/signatories/default.shtml, Access and Benefit-sharing Clearing-house https://absch.cbd.int/, http://www.fao.org/plant-treaty/countries/membership/en/,  The Online Reporting System on Compliance of the International ",Countries that are parties to the Nagoya Protocol (1 = YES; 0 = NO) [15.6.1],"Parties  refers to Parties to the Convention on Biological Diversity that have ratified, accepted, approved or acceded the Nagoya Protocol, including those for which the Protocol has not yet entered into force following the 90 days period set out in Artic","https://www.cbd.int/abs/nagoya-protocol/signatories/default.shtml, Access and Benefit-sharing Clearing-house https://absch.cbd.int/, http://www.fao.org/plant-treaty/countries/membership/en/,  The Online Reporting System on Compliance of the International ",1
2016,Obs_Value = 0;  ,ITPGRFA Secretariat ,"Countries that have legislative, administrative and policy framework or measures reported through the Online Reporting System on Compliance  of the International Treaty on Plant Genetic Resources for Food and Agriculture (PGRFA) (1 = YES; 0 = NO) [15.6.1]",Obs_Value = 0;  ,ITPGRFA Secretariat ,0
2017,Obs_Value = 0;  ,ITPGRFA Secretariat ,"Countries that have legislative, administrative and policy framework or measures reported through the Online Reporting System on Compliance  of the International Treaty on Plant Genetic Resources for Food and Agriculture (PGRFA) (1 = YES; 0 = NO) [15.6.1]",Obs_Value = 0;  ,ITPGRFA Secretariat ,0
2018,Obs_Value = 0;  ,ITPGRFA Secretariat ,"Countries that have legislative, administrative and policy framework or measures reported through the Online Reporting System on Compliance  of the International Treaty on Plant Genetic Resources for Food and Agriculture (PGRFA) (1 = YES; 0 = NO) [15.6.1]",Obs_Value = 0;  ,ITPGRFA Secretariat ,0
2019,Obs_Value = 0;  ,ITPGRFA Secretariat ,"Countries that have legislative, administrative and policy framework or measures reported through the Online Reporting System on Compliance  of the International Treaty on Plant Genetic Resources for Food and Agriculture (PGRFA) (1 = YES; 0 = NO) [15.6.1]",Obs_Value = 0;  ,ITPGRFA Secretariat ,0
2020,Obs_Value = 0;  ,ITPGRFA Secretariat ,"Countries that have legislative, administrative and policy framework or measures reported through the Online Reporting System on Compliance  of the International Treaty on Plant Genetic Resources for Food and Agriculture (PGRFA) (1 = YES; 0 = NO) [15.6.1]",Obs_Value = 0;  ,ITPGRFA Secretariat ,0
2021,Obs_Value = 0;  ,ITPGRFA Secretariat ,"Countries that have legislative, administrative and policy framework or measures reported through the Online Reporting System on Compliance  of the International Treaty on Plant Genetic Resources for Food and Agriculture (PGRFA) (1 = YES; 0 = NO) [15.6.1]",Obs_Value = 0;  ,ITPGRFA Secretariat ,0
2022,Obs_Value = 0;  ,ITPGRFA Secretariat ,"Countries that have legislative, administrative and policy framework or measures reported through the Online Reporting System on Compliance  of the International Treaty on Plant Genetic Resources for Food and Agriculture (PGRFA) (1 = YES; 0 = NO) [15.6.1]",Obs_Value = 0;  ,ITPGRFA Secretariat ,0
2012,,ITPGRFA Secretariat ,Countries that are contracting Parties to the International Treaty on Plant Genetic Resources for Food and Agriculture (PGRFA) (1 = YES; 0 = NO) [15.6.1],,ITPGRFA Secretariat ,1
2013,,ITPGRFA Secretariat ,Countries that are contracting Parties to the International Treaty on Plant Genetic Resources for Food and Agriculture (PGRFA) (1 = YES; 0 = NO) [15.6.1],,ITPGRFA Secretariat ,1
2014,,ITPGRFA Secretariat ,Countries that are contracting Parties to the International Treaty on Plant Genetic Resources for Food and Agriculture (PGRFA) (1 = YES; 0 = NO) [15.6.1],,ITPGRFA Secretariat ,1
2015,,ITPGRFA Secretariat ,Countries that are contracting Parties to the International Treaty on Plant Genetic Resources for Food and Agriculture (PGRFA) (1 = YES; 0 = NO) [15.6.1],,ITPGRFA Secretariat ,1
2016,,ITPGRFA Secretariat ,Countries that are contracting Parties to the International Treaty on Plant Genetic Resources for Food and Agriculture (PGRFA) (1 = YES; 0 = NO) [15.6.1],,ITPGRFA Secretariat ,1
2017,,ITPGRFA Secretariat ,Countries that are contracting Parties to the International Treaty on Plant Genetic Resources for Food and Agriculture (PGRFA) (1 = YES; 0 = NO) [15.6.1],,ITPGRFA Secretariat ,1
2018,,ITPGRFA Secretariat ,Countries that are contracting Parties to the International Treaty on Plant Genetic Resources for Food and Agriculture (PGRFA) (1 = YES; 0 = NO) [15.6.1],,ITPGRFA Secretariat ,1
2019,,ITPGRFA Secretariat ,Countries that are contracting Parties to the International Treaty on Plant Genetic Resources for Food and Agriculture (PGRFA) (1 = YES; 0 = NO) [15.6.1],,ITPGRFA Secretariat ,1
2020,,ITPGRFA Secretariat ,Countries that are contracting Parties to the International Treaty on Plant Genetic Resources for Food and Agriculture (PGRFA) (1 = YES; 0 = NO) [15.6.1],,ITPGRFA Secretariat ,1
2021,,ITPGRFA Secretariat ,Countries that are contracting Parties to the International Treaty on Plant Genetic Resources for Food and Agriculture (PGRFA) (1 = YES; 0 = NO) [15.6.1],,ITPGRFA Secretariat ,1
2022,,ITPGRFA Secretariat ,Countries that are contracting Parties to the International Treaty on Plant Genetic Resources for Food and Agriculture (PGRFA) (1 = YES; 0 = NO) [15.6.1],,ITPGRFA Secretariat ,1
2012,Cumulative value.,ITPGRFA Secretariat ,Total reported number of Standard Material Transfer Agreements (SMTAs) transferring plant genetic resources for food and agriculture to the country [15.6.1],Cumulative value.,ITPGRFA Secretariat ,41
2013,Cumulative value.,ITPGRFA Secretariat ,Total reported number of Standard Material Transfer Agreements (SMTAs) transferring plant genetic resources for food and agriculture to the country [15.6.1],Cumulative value.,ITPGRFA Secretariat ,53
2014,Cumulative value.,ITPGRFA Secretariat ,Total reported number of Standard Material Transfer Agreements (SMTAs) transferring plant genetic resources for food and agriculture to the country [15.6.1],Cumulative value.,ITPGRFA Secretariat ,64
2015,Cumulative value.,ITPGRFA Secretariat ,Total reported number of Standard Material Transfer Agreements (SMTAs) transferring plant genetic resources for food and agriculture to the country [15.6.1],Cumulative value.,ITPGRFA Secretariat ,77
2016,Cumulative value.,ITPGRFA Secretariat ,Total reported number of Standard Material Transfer Agreements (SMTAs) transferring plant genetic resources for food and agriculture to the country [15.6.1],Cumulative value.,ITPGRFA Secretariat ,107
2017,Cumulative value.,ITPGRFA Secretariat ,Total reported number of Standard Material Transfer Agreements (SMTAs) transferring plant genetic resources for food and agriculture to the country [15.6.1],Cumulative value.,ITPGRFA Secretariat ,117
2018,Cumulative value.,ITPGRFA Secretariat ,Total reported number of Standard Material Transfer Agreements (SMTAs) transferring plant genetic resources for food and agriculture to the country [15.6.1],Cumulative value.,ITPGRFA Secretariat ,127
2019,Cumulative value.,ITPGRFA Secretariat ,Total reported number of Standard Material Transfer Agreements (SMTAs) transferring plant genetic resources for food and agriculture to the country [15.6.1],Cumulative value.,ITPGRFA Secretariat ,140
2020,Cumulative value.,ITPGRFA Secretariat ,Total reported number of Standard Material Transfer Agreements (SMTAs) transferring plant genetic resources for food and agriculture to the country [15.6.1],Cumulative value.,ITPGRFA Secretariat ,143
2021,Cumulative value.,ITPGRFA Secretariat ,Total reported number of Standard Material Transfer Agreements (SMTAs) transferring plant genetic resources for food and agriculture to the country [15.6.1],Cumulative value.,ITPGRFA Secretariat ,143
2022,Cumulative value.,ITPGRFA Secretariat ,Total reported number of Standard Material Transfer Agreements (SMTAs) transferring plant genetic resources for food and agriculture to the country [15.6.1],Cumulative value.,ITPGRFA Secretariat ,144
