Year,SDG Series,Value
2016,Proportion of project objectives in new development interventions drawn from country-led result frameworks - data by recipient [17.15.1],94.3
2018,Proportion of project objectives in new development interventions drawn from country-led result frameworks - data by recipient [17.15.1],89.65517
2016,Proportion of results indicators drawn from country-led results frameworks - data by recipient (%) [17.15.1],88.2
2018,Proportion of results indicators drawn from country-led results frameworks - data by recipient (%) [17.15.1],66.35146
2016,Proportion of results indicators which will be monitored using government sources and monitoring systems - data by recipient (%) [17.15.1],65.7
2018,Proportion of results indicators which will be monitored using government sources and monitoring systems - data by recipient (%) [17.15.1],50.60548
2016,Extent of use of country-owned results frameworks and planning tools by providers of development cooperation - data by recipient (%)  [17.15.1],82.73333
2018,Extent of use of country-owned results frameworks and planning tools by providers of development cooperation - data by recipient (%)  [17.15.1],68.8707
