Year,NATURE,SOURCE_DETAIL,SDG Series,Composite breakdown,Unit of measure,Nature of data points,Source details,COMMENT_OBS,Observation-level footnotes,Value
2005,E,"Data based on the World Telecommunication/ICT Indicators Database, 2021, International Telecommunication Union (ITU)",Fixed broadband subscriptions per 100 inhabitants [17.6.1],,Per 100 population,Estimated,"Data based on the World Telecommunication/ICT Indicators Database, 2021, International Telecommunication Union (ITU)",,,0.01474
2006,E,"Data based on the World Telecommunication/ICT Indicators Database, 2021, International Telecommunication Union (ITU)",Fixed broadband subscriptions per 100 inhabitants [17.6.1],,Per 100 population,Estimated,"Data based on the World Telecommunication/ICT Indicators Database, 2021, International Telecommunication Union (ITU)",,,0.04707
2007,E,"Data based on the World Telecommunication/ICT Indicators Database, 2021, International Telecommunication Union (ITU)",Fixed broadband subscriptions per 100 inhabitants [17.6.1],,Per 100 population,Estimated,"Data based on the World Telecommunication/ICT Indicators Database, 2021, International Telecommunication Union (ITU)",,,0.04583
2008,E,"Data based on the World Telecommunication/ICT Indicators Database, 2021, International Telecommunication Union (ITU)",Fixed broadband subscriptions per 100 inhabitants [17.6.1],,Per 100 population,Estimated,"Data based on the World Telecommunication/ICT Indicators Database, 2021, International Telecommunication Union (ITU)",,,0.00825
2009,E,"Data based on the World Telecommunication/ICT Indicators Database, 2021, International Telecommunication Union (ITU)",Fixed broadband subscriptions per 100 inhabitants [17.6.1],,Per 100 population,Estimated,"Data based on the World Telecommunication/ICT Indicators Database, 2021, International Telecommunication Union (ITU)",,,0.0445
2010,E,"Data based on the World Telecommunication/ICT Indicators Database, 2021, International Telecommunication Union (ITU)",Fixed broadband subscriptions per 100 inhabitants [17.6.1],,Per 100 population,Estimated,"Data based on the World Telecommunication/ICT Indicators Database, 2021, International Telecommunication Union (ITU)",,,0.01634
2011,E,"Data based on the World Telecommunication/ICT Indicators Database, 2021, International Telecommunication Union (ITU)",Fixed broadband subscriptions per 100 inhabitants [17.6.1],,Per 100 population,Estimated,"Data based on the World Telecommunication/ICT Indicators Database, 2021, International Telecommunication Union (ITU)",,,0.1254
2012,E,"Data based on the World Telecommunication/ICT Indicators Database, 2021, International Telecommunication Union (ITU)",Fixed broadband subscriptions per 100 inhabitants [17.6.1],,Per 100 population,Estimated,"Data based on the World Telecommunication/ICT Indicators Database, 2021, International Telecommunication Union (ITU)",,,0.12256
2013,E,"Data based on the World Telecommunication/ICT Indicators Database, 2021, International Telecommunication Union (ITU)",Fixed broadband subscriptions per 100 inhabitants [17.6.1],,Per 100 population,Estimated,"Data based on the World Telecommunication/ICT Indicators Database, 2021, International Telecommunication Union (ITU)",,,0.16288
2014,E,"Data based on the World Telecommunication/ICT Indicators Database, 2021, International Telecommunication Union (ITU)",Fixed broadband subscriptions per 100 inhabitants [17.6.1],,Per 100 population,Estimated,"Data based on the World Telecommunication/ICT Indicators Database, 2021, International Telecommunication Union (ITU)",,,0.21801
2015,E,"Data based on the World Telecommunication/ICT Indicators Database, 2021, International Telecommunication Union (ITU)",Fixed broadband subscriptions per 100 inhabitants [17.6.1],,Per 100 population,Estimated,"Data based on the World Telecommunication/ICT Indicators Database, 2021, International Telecommunication Union (ITU)",,,0.28219
2016,E,"Data based on the World Telecommunication/ICT Indicators Database, 2021, International Telecommunication Union (ITU)",Fixed broadband subscriptions per 100 inhabitants [17.6.1],,Per 100 population,Estimated,"Data based on the World Telecommunication/ICT Indicators Database, 2021, International Telecommunication Union (ITU)",,,0.27054
2017,E,"Data based on the World Telecommunication/ICT Indicators Database, 2021, International Telecommunication Union (ITU)",Fixed broadband subscriptions per 100 inhabitants [17.6.1],,Per 100 population,Estimated,"Data based on the World Telecommunication/ICT Indicators Database, 2021, International Telecommunication Union (ITU)",,,0.57407
2018,E,"Data based on the World Telecommunication/ICT Indicators Database, 2021, International Telecommunication Union (ITU)",Fixed broadband subscriptions per 100 inhabitants [17.6.1],,Per 100 population,Estimated,"Data based on the World Telecommunication/ICT Indicators Database, 2021, International Telecommunication Union (ITU)",,,0.72286
2019,E,"Data based on the World Telecommunication/ICT Indicators Database, 2021, International Telecommunication Union (ITU)",Fixed broadband subscriptions per 100 inhabitants [17.6.1],,Per 100 population,Estimated,"Data based on the World Telecommunication/ICT Indicators Database, 2021, International Telecommunication Union (ITU)",,,0.93427
2020,E,"Data based on the World Telecommunication/ICT Indicators Database, 2021, International Telecommunication Union (ITU)",Fixed broadband subscriptions per 100 inhabitants [17.6.1],,Per 100 population,Estimated,"Data based on the World Telecommunication/ICT Indicators Database, 2021, International Telecommunication Union (ITU)",,,1.25381
2010,E,"Data based on the World Telecommunication/ICT Indicators Database, 2021, International Telecommunication Union (ITU)",Fixed broadband subscriptions per 100 inhabitants [17.6.1],Internet speed: 256 kbit/s to less than 2 Mbit/s,Per 100 population,Estimated,"Data based on the World Telecommunication/ICT Indicators Database, 2021, International Telecommunication Union (ITU)",,,0.00988
2011,E,"Data based on the World Telecommunication/ICT Indicators Database, 2021, International Telecommunication Union (ITU)",Fixed broadband subscriptions per 100 inhabitants [17.6.1],Internet speed: 256 kbit/s to less than 2 Mbit/s,Per 100 population,Estimated,"Data based on the World Telecommunication/ICT Indicators Database, 2021, International Telecommunication Union (ITU)",,,0.06405
2012,E,"Data based on the World Telecommunication/ICT Indicators Database, 2021, International Telecommunication Union (ITU)",Fixed broadband subscriptions per 100 inhabitants [17.6.1],Internet speed: 256 kbit/s to less than 2 Mbit/s,Per 100 population,Estimated,"Data based on the World Telecommunication/ICT Indicators Database, 2021, International Telecommunication Union (ITU)",,,0.07104
2013,E,"Data based on the World Telecommunication/ICT Indicators Database, 2021, International Telecommunication Union (ITU)",Fixed broadband subscriptions per 100 inhabitants [17.6.1],Internet speed: 256 kbit/s to less than 2 Mbit/s,Per 100 population,Estimated,"Data based on the World Telecommunication/ICT Indicators Database, 2021, International Telecommunication Union (ITU)",,,0.08096
2014,E,"Data based on the World Telecommunication/ICT Indicators Database, 2021, International Telecommunication Union (ITU)",Fixed broadband subscriptions per 100 inhabitants [17.6.1],Internet speed: 256 kbit/s to less than 2 Mbit/s,Per 100 population,Estimated,"Data based on the World Telecommunication/ICT Indicators Database, 2021, International Telecommunication Union (ITU)",,,0.18426
2015,E,"Data based on the World Telecommunication/ICT Indicators Database, 2021, International Telecommunication Union (ITU)",Fixed broadband subscriptions per 100 inhabitants [17.6.1],Internet speed: 256 kbit/s to less than 2 Mbit/s,Per 100 population,Estimated,"Data based on the World Telecommunication/ICT Indicators Database, 2021, International Telecommunication Union (ITU)",,,0.0655
2016,E,"Data based on the World Telecommunication/ICT Indicators Database, 2021, International Telecommunication Union (ITU)",Fixed broadband subscriptions per 100 inhabitants [17.6.1],Internet speed: 256 kbit/s to less than 2 Mbit/s,Per 100 population,Estimated,"Data based on the World Telecommunication/ICT Indicators Database, 2021, International Telecommunication Union (ITU)",,,0.13218
2017,E,"Data based on the World Telecommunication/ICT Indicators Database, 2021, International Telecommunication Union (ITU)",Fixed broadband subscriptions per 100 inhabitants [17.6.1],Internet speed: 256 kbit/s to less than 2 Mbit/s,Per 100 population,Estimated,"Data based on the World Telecommunication/ICT Indicators Database, 2021, International Telecommunication Union (ITU)",,,0.22825
2018,E,"Data based on the World Telecommunication/ICT Indicators Database, 2021, International Telecommunication Union (ITU)",Fixed broadband subscriptions per 100 inhabitants [17.6.1],Internet speed: 256 kbit/s to less than 2 Mbit/s,Per 100 population,Estimated,"Data based on the World Telecommunication/ICT Indicators Database, 2021, International Telecommunication Union (ITU)",,,0.19021
2019,E,"Data based on the World Telecommunication/ICT Indicators Database, 2021, International Telecommunication Union (ITU)",Fixed broadband subscriptions per 100 inhabitants [17.6.1],Internet speed: 256 kbit/s to less than 2 Mbit/s,Per 100 population,Estimated,"Data based on the World Telecommunication/ICT Indicators Database, 2021, International Telecommunication Union (ITU)",,,0.02034
2020,E,"Data based on the World Telecommunication/ICT Indicators Database, 2021, International Telecommunication Union (ITU)",Fixed broadband subscriptions per 100 inhabitants [17.6.1],Internet speed: 256 kbit/s to less than 2 Mbit/s,Per 100 population,Estimated,"Data based on the World Telecommunication/ICT Indicators Database, 2021, International Telecommunication Union (ITU)",,,0.02742
2010,E,"Data based on the World Telecommunication/ICT Indicators Database, 2021, International Telecommunication Union (ITU)",Fixed broadband subscriptions per 100 inhabitants [17.6.1],Internet speed: 2 Mbit/s to less than 10 Mbit/s,Per 100 population,Estimated,"Data based on the World Telecommunication/ICT Indicators Database, 2021, International Telecommunication Union (ITU)",,,1e-05
2011,E,"Data based on the World Telecommunication/ICT Indicators Database, 2021, International Telecommunication Union (ITU)",Fixed broadband subscriptions per 100 inhabitants [17.6.1],Internet speed: 2 Mbit/s to less than 10 Mbit/s,Per 100 population,Estimated,"Data based on the World Telecommunication/ICT Indicators Database, 2021, International Telecommunication Union (ITU)",,,6e-05
2012,E,"Data based on the World Telecommunication/ICT Indicators Database, 2021, International Telecommunication Union (ITU)",Fixed broadband subscriptions per 100 inhabitants [17.6.1],Internet speed: 2 Mbit/s to less than 10 Mbit/s,Per 100 population,Estimated,"Data based on the World Telecommunication/ICT Indicators Database, 2021, International Telecommunication Union (ITU)",,,0.0001
2013,E,"Data based on the World Telecommunication/ICT Indicators Database, 2021, International Telecommunication Union (ITU)",Fixed broadband subscriptions per 100 inhabitants [17.6.1],Internet speed: 2 Mbit/s to less than 10 Mbit/s,Per 100 population,Estimated,"Data based on the World Telecommunication/ICT Indicators Database, 2021, International Telecommunication Union (ITU)",,,0.00106
2014,E,"Data based on the World Telecommunication/ICT Indicators Database, 2021, International Telecommunication Union (ITU)",Fixed broadband subscriptions per 100 inhabitants [17.6.1],Internet speed: 2 Mbit/s to less than 10 Mbit/s,Per 100 population,Estimated,"Data based on the World Telecommunication/ICT Indicators Database, 2021, International Telecommunication Union (ITU)",,,0.00487
2015,E,"Data based on the World Telecommunication/ICT Indicators Database, 2021, International Telecommunication Union (ITU)",Fixed broadband subscriptions per 100 inhabitants [17.6.1],Internet speed: 2 Mbit/s to less than 10 Mbit/s,Per 100 population,Estimated,"Data based on the World Telecommunication/ICT Indicators Database, 2021, International Telecommunication Union (ITU)",,,0.21669
2016,E,"Data based on the World Telecommunication/ICT Indicators Database, 2021, International Telecommunication Union (ITU)",Fixed broadband subscriptions per 100 inhabitants [17.6.1],Internet speed: 2 Mbit/s to less than 10 Mbit/s,Per 100 population,Estimated,"Data based on the World Telecommunication/ICT Indicators Database, 2021, International Telecommunication Union (ITU)",,,0.13129
2017,E,"Data based on the World Telecommunication/ICT Indicators Database, 2021, International Telecommunication Union (ITU)",Fixed broadband subscriptions per 100 inhabitants [17.6.1],Internet speed: 2 Mbit/s to less than 10 Mbit/s,Per 100 population,Estimated,"Data based on the World Telecommunication/ICT Indicators Database, 2021, International Telecommunication Union (ITU)",,,0.34581
2018,E,"Data based on the World Telecommunication/ICT Indicators Database, 2021, International Telecommunication Union (ITU)",Fixed broadband subscriptions per 100 inhabitants [17.6.1],Internet speed: 2 Mbit/s to less than 10 Mbit/s,Per 100 population,Estimated,"Data based on the World Telecommunication/ICT Indicators Database, 2021, International Telecommunication Union (ITU)",,,0.53266
2019,E,"Data based on the World Telecommunication/ICT Indicators Database, 2021, International Telecommunication Union (ITU)",Fixed broadband subscriptions per 100 inhabitants [17.6.1],Internet speed: 2 Mbit/s to less than 10 Mbit/s,Per 100 population,Estimated,"Data based on the World Telecommunication/ICT Indicators Database, 2021, International Telecommunication Union (ITU)",,,0.52966
2020,E,"Data based on the World Telecommunication/ICT Indicators Database, 2021, International Telecommunication Union (ITU)",Fixed broadband subscriptions per 100 inhabitants [17.6.1],Internet speed: 2 Mbit/s to less than 10 Mbit/s,Per 100 population,Estimated,"Data based on the World Telecommunication/ICT Indicators Database, 2021, International Telecommunication Union (ITU)",,,0.72595
2010,E,"Data based on the World Telecommunication/ICT Indicators Database, 2021, International Telecommunication Union (ITU)",Fixed broadband subscriptions per 100 inhabitants [17.6.1],Internet speed: 10 Mbit/s or above,Per 100 population,Estimated,"Data based on the World Telecommunication/ICT Indicators Database, 2021, International Telecommunication Union (ITU)",Obs_Value = 0;  ,Obs_Value = 0;  ,0.0
2011,E,"Data based on the World Telecommunication/ICT Indicators Database, 2021, International Telecommunication Union (ITU)",Fixed broadband subscriptions per 100 inhabitants [17.6.1],Internet speed: 10 Mbit/s or above,Per 100 population,Estimated,"Data based on the World Telecommunication/ICT Indicators Database, 2021, International Telecommunication Union (ITU)",Obs_Value = 0;  ,Obs_Value = 0;  ,0.0
2012,E,"Data based on the World Telecommunication/ICT Indicators Database, 2021, International Telecommunication Union (ITU)",Fixed broadband subscriptions per 100 inhabitants [17.6.1],Internet speed: 10 Mbit/s or above,Per 100 population,Estimated,"Data based on the World Telecommunication/ICT Indicators Database, 2021, International Telecommunication Union (ITU)",Obs_Value = 0;  ,Obs_Value = 0;  ,0.0
2013,E,"Data based on the World Telecommunication/ICT Indicators Database, 2021, International Telecommunication Union (ITU)",Fixed broadband subscriptions per 100 inhabitants [17.6.1],Internet speed: 10 Mbit/s or above,Per 100 population,Estimated,"Data based on the World Telecommunication/ICT Indicators Database, 2021, International Telecommunication Union (ITU)",Obs_Value = 0;  ,Obs_Value = 0;  ,0.0
2014,E,"Data based on the World Telecommunication/ICT Indicators Database, 2021, International Telecommunication Union (ITU)",Fixed broadband subscriptions per 100 inhabitants [17.6.1],Internet speed: 10 Mbit/s or above,Per 100 population,Estimated,"Data based on the World Telecommunication/ICT Indicators Database, 2021, International Telecommunication Union (ITU)",Obs_Value = 0;  ,Obs_Value = 0;  ,0.0
2015,E,"Data based on the World Telecommunication/ICT Indicators Database, 2021, International Telecommunication Union (ITU)",Fixed broadband subscriptions per 100 inhabitants [17.6.1],Internet speed: 10 Mbit/s or above,Per 100 population,Estimated,"Data based on the World Telecommunication/ICT Indicators Database, 2021, International Telecommunication Union (ITU)",Obs_Value = 0;  ,Obs_Value = 0;  ,0.0
2016,E,"Data based on the World Telecommunication/ICT Indicators Database, 2021, International Telecommunication Union (ITU)",Fixed broadband subscriptions per 100 inhabitants [17.6.1],Internet speed: 10 Mbit/s or above,Per 100 population,Estimated,"Data based on the World Telecommunication/ICT Indicators Database, 2021, International Telecommunication Union (ITU)",Obs_Value = 0;  ,Obs_Value = 0;  ,0.0
2019,E,"Data based on the World Telecommunication/ICT Indicators Database, 2021, International Telecommunication Union (ITU)",Fixed broadband subscriptions per 100 inhabitants [17.6.1],Internet speed: 10 Mbit/s or above,Per 100 population,Estimated,"Data based on the World Telecommunication/ICT Indicators Database, 2021, International Telecommunication Union (ITU)",,Obs_Value = 0;  ,0.38427
2020,E,"Data based on the World Telecommunication/ICT Indicators Database, 2021, International Telecommunication Union (ITU)",Fixed broadband subscriptions per 100 inhabitants [17.6.1],Internet speed: 10 Mbit/s or above,Per 100 population,Estimated,"Data based on the World Telecommunication/ICT Indicators Database, 2021, International Telecommunication Union (ITU)",,Obs_Value = 0;  ,0.50045
2005,E,"Data based on the World Telecommunication/ICT Indicators Database, 2021, International Telecommunication Union (ITU)",Fixed broadband subscriptions (number) [17.6.1],,Number,Country Data,Communications Authority  of Kenya,,Increased fibre connections during the period,5399.0
2006,E,"Data based on the World Telecommunication/ICT Indicators Database, 2021, International Telecommunication Union (ITU)",Fixed broadband subscriptions (number) [17.6.1],,Number,Country Data,Communications Authority  of Kenya,,Increased fibre connections during the period,17723.0
2007,C,Communications Commission of Kenya (CCK).,Fixed broadband subscriptions (number) [17.6.1],,Number,Country Data,Communications Authority  of Kenya,,Increased fibre connections during the period,17737.0
2008,C,Communications Commission of Kenya (CCK).,Fixed broadband subscriptions (number) [17.6.1],,Number,Country Data,Communications Authority  of Kenya,Decline was due to subscribers switching to wireless technologies.,Increased fibre connections during the period,3282.0
2009,C,Communications Commission of Kenya (CCK).,Fixed broadband subscriptions (number) [17.6.1],,Number,Country Data,Communications Authority  of Kenya,,Increased fibre connections during the period,18200.0
2010,C,Communications Commission of Kenya (CCK).,Fixed broadband subscriptions (number) [17.6.1],,Number,Country Data,Communications Authority  of Kenya,Decline was due to subscribers switching to wireless technologies.,Increased fibre connections during the period,6866.0
2011,C,Communications Commission of Kenya (CCK).,Fixed broadband subscriptions (number) [17.6.1],,Number,Country Data,Communications Authority  of Kenya,Increased fibre connections during the period,Increased fibre connections during the period,54144.0
2012,C,Communications Commission of Kenya,Fixed broadband subscriptions (number) [17.6.1],,Number,Country Data,Communications Authority  of Kenya,,Increased fibre connections during the period,54348.0
2013,C,CCK.,Fixed broadband subscriptions (number) [17.6.1],,Number,Country Data,Communications Authority  of Kenya,,Increased fibre connections during the period,74144.0
2014,C,Communications Authority  of Kenya,Fixed broadband subscriptions (number) [17.6.1],,Number,Country Data,Communications Authority  of Kenya,,Increased fibre connections during the period,101813.0
2015,C,Communications Authority  of Kenya,Fixed broadband subscriptions (number) [17.6.1],,Number,Country Data,Communications Authority  of Kenya,,Increased fibre connections during the period,135107.0
2016,C,COMMUNICATIONS AUTHORITY OF KENYA,Fixed broadband subscriptions (number) [17.6.1],,Number,Country Data,Communications Authority  of Kenya,,Increased fibre connections during the period,132702.0
2017,C,COMMUNICATIONS AUTHORITY OF KENYA,Fixed broadband subscriptions (number) [17.6.1],,Number,Country Data,Communications Authority  of Kenya,,Increased fibre connections during the period,288303.0
2018,C,Communications Authority  of Kenya,Fixed broadband subscriptions (number) [17.6.1],,Number,Country Data,Communications Authority  of Kenya,,Increased fibre connections during the period,371498.0
2019,C,Communications Authority  of Kenya,Fixed broadband subscriptions (number) [17.6.1],,Number,Country Data,Communications Authority  of Kenya,,Increased fibre connections during the period,491183.0
2020,C,Communications Authority  of Kenya,Fixed broadband subscriptions (number) [17.6.1],,Number,Country Data,Communications Authority  of Kenya,,Increased fibre connections during the period,674191.0
2010,C,Communications Commission of Kenya,Fixed broadband subscriptions (number) [17.6.1],Internet speed: 256 kbit/s to less than 2 Mbit/s,Number,Country Data,Communications Authority  of Kenya,,There has been increased demand for higher broadband speeds,4151.0
2011,C,Communications Commission of Kenya,Fixed broadband subscriptions (number) [17.6.1],Internet speed: 256 kbit/s to less than 2 Mbit/s,Number,Country Data,Communications Authority  of Kenya,,There has been increased demand for higher broadband speeds,27657.0
2012,C,Communications Commission of Kenya,Fixed broadband subscriptions (number) [17.6.1],Internet speed: 256 kbit/s to less than 2 Mbit/s,Number,Country Data,Communications Authority  of Kenya,,There has been increased demand for higher broadband speeds,31503.0
2013,C,Communications Authority  of Kenya,Fixed broadband subscriptions (number) [17.6.1],Internet speed: 256 kbit/s to less than 2 Mbit/s,Number,Country Data,Communications Authority  of Kenya,,There has been increased demand for higher broadband speeds,36853.0
2014,C,Communications Authority  of Kenya,Fixed broadband subscriptions (number) [17.6.1],Internet speed: 256 kbit/s to less than 2 Mbit/s,Number,Country Data,Communications Authority  of Kenya,,There has been increased demand for higher broadband speeds,86050.0
2015,C,Communications Authority  of Kenya,Fixed broadband subscriptions (number) [17.6.1],Internet speed: 256 kbit/s to less than 2 Mbit/s,Number,Country Data,Communications Authority  of Kenya,,There has been increased demand for higher broadband speeds,31361.0
2016,C,COMMUNICATIONS AUTHORITY OF KENYA,Fixed broadband subscriptions (number) [17.6.1],Internet speed: 256 kbit/s to less than 2 Mbit/s,Number,Country Data,Communications Authority  of Kenya,,There has been increased demand for higher broadband speeds,64836.0
2017,C,COMMUNICATIONS AUTHORITY OF KENYA,Fixed broadband subscriptions (number) [17.6.1],Internet speed: 256 kbit/s to less than 2 Mbit/s,Number,Country Data,Communications Authority  of Kenya,,There has been increased demand for higher broadband speeds,114631.0
2018,C,Communications Authority  of Kenya,Fixed broadband subscriptions (number) [17.6.1],Internet speed: 256 kbit/s to less than 2 Mbit/s,Number,Country Data,Communications Authority  of Kenya,,There has been increased demand for higher broadband speeds,97752.0
2019,C,Communications Authority  of Kenya,Fixed broadband subscriptions (number) [17.6.1],Internet speed: 256 kbit/s to less than 2 Mbit/s,Number,Country Data,Communications Authority  of Kenya,There has been increased demand for higher broadband speeds,There has been increased demand for higher broadband speeds,10693.0
2020,C,Communications Authority  of Kenya,Fixed broadband subscriptions (number) [17.6.1],Internet speed: 256 kbit/s to less than 2 Mbit/s,Number,Country Data,Communications Authority  of Kenya,,There has been increased demand for higher broadband speeds,14743.0
2010,C,Communications Commission of Kenya,Fixed broadband subscriptions (number) [17.6.1],Internet speed: 2 Mbit/s to less than 10 Mbit/s,Number,Country Data,Communications Authority  of Kenya,,*Data is collected for speeds = or above 2Mbps,5.0
2011,C,Communications Commission of Kenya-ITU1,Fixed broadband subscriptions (number) [17.6.1],Internet speed: 2 Mbit/s to less than 10 Mbit/s,Number,Country Data,Communications Authority  of Kenya,,*Data is collected for speeds = or above 2Mbps,24.0
2012,C,Communications Commission of Kenya,Fixed broadband subscriptions (number) [17.6.1],Internet speed: 2 Mbit/s to less than 10 Mbit/s,Number,Country Data,Communications Authority  of Kenya,,*Data is collected for speeds = or above 2Mbps,44.0
2013,C,Communications Authority  of Kenya,Fixed broadband subscriptions (number) [17.6.1],Internet speed: 2 Mbit/s to less than 10 Mbit/s,Number,Country Data,Communications Authority  of Kenya,The increase is as a result of increased roll out of fibre in the country,*Data is collected for speeds = or above 2Mbps,482.0
2014,C,Communications Authority  of Kenya,Fixed broadband subscriptions (number) [17.6.1],Internet speed: 2 Mbit/s to less than 10 Mbit/s,Number,Country Data,Communications Authority  of Kenya,,*Data is collected for speeds = or above 2Mbps,2272.0
2015,C,Communications Authority  of Kenya,Fixed broadband subscriptions (number) [17.6.1],Internet speed: 2 Mbit/s to less than 10 Mbit/s,Number,Country Data,Communications Authority  of Kenya,*Data is collected for speeds = or above 2Mbps,*Data is collected for speeds = or above 2Mbps,103746.0
2016,C,COMMUNICATIONS AUTHORITY OF KENYA,Fixed broadband subscriptions (number) [17.6.1],Internet speed: 2 Mbit/s to less than 10 Mbit/s,Number,Country Data,Communications Authority  of Kenya,*Data is collected for speeds = or above 2Mbps,*Data is collected for speeds = or above 2Mbps,64398.0
2017,C,COMMUNICATIONS AUTHORITY OF KENYA,Fixed broadband subscriptions (number) [17.6.1],Internet speed: 2 Mbit/s to less than 10 Mbit/s,Number,Country Data,Communications Authority  of Kenya,*Data is collected for speeds = or above 2Mbps,*Data is collected for speeds = or above 2Mbps,173672.0
2018,C,Communications Authority  of Kenya,Fixed broadband subscriptions (number) [17.6.1],Internet speed: 2 Mbit/s to less than 10 Mbit/s,Number,Country Data,Communications Authority  of Kenya,*Data is collected for speeds = or above 2Mbps,*Data is collected for speeds = or above 2Mbps,273746.0
2019,C,Communications Authority  of Kenya,Fixed broadband subscriptions (number) [17.6.1],Internet speed: 2 Mbit/s to less than 10 Mbit/s,Number,Country Data,Communications Authority  of Kenya,,*Data is collected for speeds = or above 2Mbps,278463.0
2020,C,Communications Authority  of Kenya,Fixed broadband subscriptions (number) [17.6.1],Internet speed: 2 Mbit/s to less than 10 Mbit/s,Number,Country Data,Communications Authority  of Kenya,,*Data is collected for speeds = or above 2Mbps,390351.0
2010,C,Communications Commission of Kenya,Fixed broadband subscriptions (number) [17.6.1],Internet speed: 10 Mbit/s or above,Number,Country Data,Communications Authority  of Kenya,Obs_Value = 0;  ,this speeds are already covered under the indicator above and the one below,0.0
2011,C,Communications Commission of Kenya-ITU1,Fixed broadband subscriptions (number) [17.6.1],Internet speed: 10 Mbit/s or above,Number,Country Data,Communications Authority  of Kenya,Obs_Value = 0;  ,this speeds are already covered under the indicator above and the one below,0.0
2012,C,Communications Commission of Kenya,Fixed broadband subscriptions (number) [17.6.1],Internet speed: 10 Mbit/s or above,Number,Country Data,Communications Authority  of Kenya,Obs_Value = 0;  ,this speeds are already covered under the indicator above and the one below,0.0
2013,C,Communications Authority  of Kenya,Fixed broadband subscriptions (number) [17.6.1],Internet speed: 10 Mbit/s or above,Number,Country Data,Communications Authority  of Kenya,Obs_Value = 0;  ,this speeds are already covered under the indicator above and the one below,0.0
2014,C,Communications Authority  of Kenya,Fixed broadband subscriptions (number) [17.6.1],Internet speed: 10 Mbit/s or above,Number,Country Data,Communications Authority  of Kenya,Obs_Value = 0;  ,this speeds are already covered under the indicator above and the one below,0.0
2015,E,"Data based on the World Telecommunication/ICT Indicators Database, 2021, International Telecommunication Union (ITU)",Fixed broadband subscriptions (number) [17.6.1],Internet speed: 10 Mbit/s or above,Number,Country Data,Communications Authority  of Kenya,Obs_Value = 0;  ,this speeds are already covered under the indicator above and the one below,0.0
2016,C,COMMUNICATIONS AUTHORITY OF KENYA,Fixed broadband subscriptions (number) [17.6.1],Internet speed: 10 Mbit/s or above,Number,Country Data,Communications Authority  of Kenya,Obs_Value = 0;  included in i4213_2to10,this speeds are already covered under the indicator above and the one below,0.0
2019,C,Communications Authority  of Kenya,Fixed broadband subscriptions (number) [17.6.1],Internet speed: 10 Mbit/s or above,Number,Country Data,Communications Authority  of Kenya,this speeds are already covered under the indicator above and the one below,this speeds are already covered under the indicator above and the one below,202027.0
2020,C,Communications Authority  of Kenya,Fixed broadband subscriptions (number) [17.6.1],Internet speed: 10 Mbit/s or above,Number,Country Data,Communications Authority  of Kenya,,this speeds are already covered under the indicator above and the one below,269097.0
