Year,UNIT_MULT,NATURE,UPPER_BOUND,LOWER_BOUND,SOURCE_DETAIL,SDG Series,Unit of measure,Unit multiplier,Nature of data points,Upper bound value,Lower bound value,Source details,Observation-level footnotes,COMMENT_OBS,Value
2000,0,CA,11.3,8.9,"Rapport de l'enquête sur les objectives de la fin de decennie sur l'enfance (MICS-II-2000). Dakar, Senegal, Novembre 2000",Proportion of children moderately or severely wasted [2.2.2],Percent,Units,Country Adjusted,9.2,7.2,"Sénégal : Enquête Démographique et de Santé Continue (EDS-Continue 2019). Rockville, Maryland, USA : ANSD et ICF",Oedema data was not considered in the analysis; Height/length modality (standing/lying) was not collected ,,10.0
2005,0,CA,10.2,7.4,"Enquête démographique et de santé au Sénégal 2005. Demographic and Health Surveys. Calverton, Maryland, USA : Centre de Recherche pour le Développement Humain [Sénégal] et ORC Macro, 2006",Proportion of children moderately or severely wasted [2.2.2],Percent,Units,Country Adjusted,9.2,7.2,"Sénégal : Enquête Démographique et de Santé Continue (EDS-Continue 2019). Rockville, Maryland, USA : ANSD et ICF",Oedema data was not considered in the analysis; Height/length modality (standing/lying) was not collected ,,8.7
2011,0,CA,10.8,8.8,"Enquête démographique et de santé à indicateurs multiples au Sénégal (EDS-MICS) 2010-2011. Demographic and Health Surveys and MICS. Calverton, Maryland, USA: ANSD et ICF International, 2012",Proportion of children moderately or severely wasted [2.2.2],Percent,Units,Country Adjusted,9.2,7.2,"Sénégal : Enquête Démographique et de Santé Continue (EDS-Continue 2019). Rockville, Maryland, USA : ANSD et ICF",Oedema data was not considered in the analysis; Height/length modality (standing/lying) was not collected ,,9.8
2012,0,CA,9.2,8.3,"Enqeute SMART Nationale SMART 2012. Dakar, Senegal: CLM, 2013 ",Proportion of children moderately or severely wasted [2.2.2],Percent,Units,Country Adjusted,9.2,7.2,"Sénégal : Enquête Démographique et de Santé Continue (EDS-Continue 2019). Rockville, Maryland, USA : ANSD et ICF",Oedema data was not considered in the analysis; Height/length modality (standing/lying) was not collected ,Oedema data was not considered in the analysis; Height/length modality (standing/lying) was not collected ,8.7
2013,0,CA,10.1,8,"Enquête démographique et de santé continue (EDS-Continue 2012-2013). Demographic and Health Surveys. Calverton, Maryland, USA: ANSD et ICF International., 2013 ",Proportion of children moderately or severely wasted [2.2.2],Percent,Units,Country Adjusted,9.2,7.2,"Sénégal : Enquête Démographique et de Santé Continue (EDS-Continue 2019). Rockville, Maryland, USA : ANSD et ICF",Oedema data was not considered in the analysis; Height/length modality (standing/lying) was not collected ,,9.0
2014,0,CA,6.9,5,"Sénégal : Enquête Démographique et de Santé Continue (EDS-Continue 2014). Rockville, Maryland, USA : ANSD et ICF International, 2015.",Proportion of children moderately or severely wasted [2.2.2],Percent,Units,Country Adjusted,9.2,7.2,"Sénégal : Enquête Démographique et de Santé Continue (EDS-Continue 2019). Rockville, Maryland, USA : ANSD et ICF",Oedema data was not considered in the analysis; Height/length modality (standing/lying) was not collected ,,5.9
2015,0,CA,8.7,6.9,Sénégal : Enquête Démographique et de Santé Continue (EDS-Continue 2015).  Octobre 2016,Proportion of children moderately or severely wasted [2.2.2],Percent,Units,Country Adjusted,9.2,7.2,"Sénégal : Enquête Démographique et de Santé Continue (EDS-Continue 2019). Rockville, Maryland, USA : ANSD et ICF",Oedema data was not considered in the analysis; Height/length modality (standing/lying) was not collected ,,7.8
2016,0,CA,8.1,6.3,"Senegal : Enquête Démographique et de Santé Continue (EDS-Continue 2016). Rockville, Maryland, USA : ANSD et ICF",Proportion of children moderately or severely wasted [2.2.2],Percent,Units,Country Adjusted,9.2,7.2,"Sénégal : Enquête Démographique et de Santé Continue (EDS-Continue 2019). Rockville, Maryland, USA : ANSD et ICF",Oedema data was not considered in the analysis; Height/length modality (standing/lying) was not collected ,,7.1
2017,0,CA,9.7,8.3,"Enquête Continue du Sénégal, Cinquième Phase 2017 : Rapport de synthèse. Rockville, Maryland, USA : ANSD et ICF",Proportion of children moderately or severely wasted [2.2.2],Percent,Units,Country Adjusted,9.2,7.2,"Sénégal : Enquête Démographique et de Santé Continue (EDS-Continue 2019). Rockville, Maryland, USA : ANSD et ICF",Oedema data was not considered in the analysis; Height/length modality (standing/lying) was not collected ,,9.0
2018,0,CA,8.8,6.9,"Sénégal : Enquête Démographique et de Santé Continue (EDS-Continue 2018). Rockville, Maryland, USA : ANSD et ICF.",Proportion of children moderately or severely wasted [2.2.2],Percent,Units,Country Adjusted,9.2,7.2,"Sénégal : Enquête Démographique et de Santé Continue (EDS-Continue 2019). Rockville, Maryland, USA : ANSD et ICF",Oedema data was not considered in the analysis; Height/length modality (standing/lying) was not collected ,,7.8
2019,0,CA,9.2,7.2,"Sénégal : Enquête Démographique et de Santé Continue (EDS-Continue 2019). Rockville, Maryland, USA : ANSD et ICF",Proportion of children moderately or severely wasted [2.2.2],Percent,Units,Country Adjusted,9.2,7.2,"Sénégal : Enquête Démographique et de Santé Continue (EDS-Continue 2019). Rockville, Maryland, USA : ANSD et ICF",Oedema data was not considered in the analysis; Height/length modality (standing/lying) was not collected ,,8.1
2000,3,CA,186.9,147.6,"Rapport de l'enquête sur les objectives de la fin de decennie sur l'enfance (MICS-II-2000). Dakar, Senegal, Novembre 2000",Children moderately or severely wasted (number) [2.2.2],Number,Thousands,Country Adjusted,237.3,185.9,"Sénégal : Enquête Démographique et de Santé Continue (EDS-Continue 2019). Rockville, Maryland, USA : ANSD et ICF",Oedema data was not considered in the analysis; Height/length modality (standing/lying) was not collected ,,166.2
2005,3,CA,187.3,135.9,"Enquête démographique et de santé au Sénégal 2005. Demographic and Health Surveys. Calverton, Maryland, USA : Centre de Recherche pour le Développement Humain [Sénégal] et ORC Macro, 2006",Children moderately or severely wasted (number) [2.2.2],Number,Thousands,Country Adjusted,237.3,185.9,"Sénégal : Enquête Démographique et de Santé Continue (EDS-Continue 2019). Rockville, Maryland, USA : ANSD et ICF",Oedema data was not considered in the analysis; Height/length modality (standing/lying) was not collected ,,159.8
2011,3,CA,239.5,195.6,"Enquête démographique et de santé à indicateurs multiples au Sénégal (EDS-MICS) 2010-2011. Demographic and Health Surveys and MICS. Calverton, Maryland, USA: ANSD et ICF International, 2012",Children moderately or severely wasted (number) [2.2.2],Number,Thousands,Country Adjusted,237.3,185.9,"Sénégal : Enquête Démographique et de Santé Continue (EDS-Continue 2019). Rockville, Maryland, USA : ANSD et ICF",Oedema data was not considered in the analysis; Height/length modality (standing/lying) was not collected ,,216.6
2012,3,CA,210.1,189.2,"Enqeute SMART Nationale SMART 2012. Dakar, Senegal: CLM, 2013 ",Children moderately or severely wasted (number) [2.2.2],Number,Thousands,Country Adjusted,237.3,185.9,"Sénégal : Enquête Démographique et de Santé Continue (EDS-Continue 2019). Rockville, Maryland, USA : ANSD et ICF",Oedema data was not considered in the analysis; Height/length modality (standing/lying) was not collected ,Oedema data was not considered in the analysis; Height/length modality (standing/lying) was not collected ,199.4
2013,3,CA,235.7,188.4,"Enquête démographique et de santé continue (EDS-Continue 2012-2013). Demographic and Health Surveys. Calverton, Maryland, USA: ANSD et ICF International., 2013 ",Children moderately or severely wasted (number) [2.2.2],Number,Thousands,Country Adjusted,237.3,185.9,"Sénégal : Enquête Démographique et de Santé Continue (EDS-Continue 2019). Rockville, Maryland, USA : ANSD et ICF",Oedema data was not considered in the analysis; Height/length modality (standing/lying) was not collected ,,210.8
2014,3,CA,164.5,120.3,"Sénégal : Enquête Démographique et de Santé Continue (EDS-Continue 2014). Rockville, Maryland, USA : ANSD et ICF International, 2015.",Children moderately or severely wasted (number) [2.2.2],Number,Thousands,Country Adjusted,237.3,185.9,"Sénégal : Enquête Démographique et de Santé Continue (EDS-Continue 2019). Rockville, Maryland, USA : ANSD et ICF",Oedema data was not considered in the analysis; Height/length modality (standing/lying) was not collected ,,140.8
2015,3,CA,212.9,169.1,Sénégal : Enquête Démographique et de Santé Continue (EDS-Continue 2015).  Octobre 2016,Children moderately or severely wasted (number) [2.2.2],Number,Thousands,Country Adjusted,237.3,185.9,"Sénégal : Enquête Démographique et de Santé Continue (EDS-Continue 2019). Rockville, Maryland, USA : ANSD et ICF",Oedema data was not considered in the analysis; Height/length modality (standing/lying) was not collected ,,189.8
2016,3,CA,201.6,156.4,"Senegal : Enquête Démographique et de Santé Continue (EDS-Continue 2016). Rockville, Maryland, USA : ANSD et ICF",Children moderately or severely wasted (number) [2.2.2],Number,Thousands,Country Adjusted,237.3,185.9,"Sénégal : Enquête Démographique et de Santé Continue (EDS-Continue 2019). Rockville, Maryland, USA : ANSD et ICF",Oedema data was not considered in the analysis; Height/length modality (standing/lying) was not collected ,,177.7
2017,3,CA,246.2,210.4,"Enquête Continue du Sénégal, Cinquième Phase 2017 : Rapport de synthèse. Rockville, Maryland, USA : ANSD et ICF",Children moderately or severely wasted (number) [2.2.2],Number,Thousands,Country Adjusted,237.3,185.9,"Sénégal : Enquête Démographique et de Santé Continue (EDS-Continue 2019). Rockville, Maryland, USA : ANSD et ICF",Oedema data was not considered in the analysis; Height/length modality (standing/lying) was not collected ,,227.7
2018,3,CA,225.9,175.5,"Sénégal : Enquête Démographique et de Santé Continue (EDS-Continue 2018). Rockville, Maryland, USA : ANSD et ICF.",Children moderately or severely wasted (number) [2.2.2],Number,Thousands,Country Adjusted,237.3,185.9,"Sénégal : Enquête Démographique et de Santé Continue (EDS-Continue 2019). Rockville, Maryland, USA : ANSD et ICF",Oedema data was not considered in the analysis; Height/length modality (standing/lying) was not collected ,,199.2
2019,3,CA,237.3,185.9,"Sénégal : Enquête Démographique et de Santé Continue (EDS-Continue 2019). Rockville, Maryland, USA : ANSD et ICF",Children moderately or severely wasted (number) [2.2.2],Number,Thousands,Country Adjusted,237.3,185.9,"Sénégal : Enquête Démographique et de Santé Continue (EDS-Continue 2019). Rockville, Maryland, USA : ANSD et ICF",Oedema data was not considered in the analysis; Height/length modality (standing/lying) was not collected ,,210.2
2000,0,M,4.1,2.4,"Source: Joint Child Malnutrition Estimates (2021 Edition), United Nations Children's Fund (UNICEF), World Health Organisation (WHO) and the World Bank Group.",Proportion of children moderately or severely overweight [2.2.2],Percent,Units,Modeled,2.6,1.6,"Source: Joint Child Malnutrition Estimates (2021 Edition), United Nations Children's Fund (UNICEF), World Health Organisation (WHO) and the World Bank Group.","The estimates for the year 2020 do not account for the full impact of COVID-19.  Household survey data on child height and age were not collected in 2020 due to physical distancing policies. One of the covariates used in the country model takes the impact of COVID-19 partially into account. , Figure is a modelled estimate. For primary sources, please refer to the metadata.","Figure is a modelled estimate. For primary sources, please refer to the metadata.",3.2
2001,0,M,4.2,2.5,"Source: Joint Child Malnutrition Estimates (2021 Edition), United Nations Children's Fund (UNICEF), World Health Organisation (WHO) and the World Bank Group.",Proportion of children moderately or severely overweight [2.2.2],Percent,Units,Modeled,2.6,1.6,"Source: Joint Child Malnutrition Estimates (2021 Edition), United Nations Children's Fund (UNICEF), World Health Organisation (WHO) and the World Bank Group.","The estimates for the year 2020 do not account for the full impact of COVID-19.  Household survey data on child height and age were not collected in 2020 due to physical distancing policies. One of the covariates used in the country model takes the impact of COVID-19 partially into account. , Figure is a modelled estimate. For primary sources, please refer to the metadata.","Figure is a modelled estimate. For primary sources, please refer to the metadata.",3.2
2002,0,M,4.2,2.5,"Source: Joint Child Malnutrition Estimates (2021 Edition), United Nations Children's Fund (UNICEF), World Health Organisation (WHO) and the World Bank Group.",Proportion of children moderately or severely overweight [2.2.2],Percent,Units,Modeled,2.6,1.6,"Source: Joint Child Malnutrition Estimates (2021 Edition), United Nations Children's Fund (UNICEF), World Health Organisation (WHO) and the World Bank Group.","The estimates for the year 2020 do not account for the full impact of COVID-19.  Household survey data on child height and age were not collected in 2020 due to physical distancing policies. One of the covariates used in the country model takes the impact of COVID-19 partially into account. , Figure is a modelled estimate. For primary sources, please refer to the metadata.","Figure is a modelled estimate. For primary sources, please refer to the metadata.",3.3
2003,0,M,4.1,2.5,"Source: Joint Child Malnutrition Estimates (2021 Edition), United Nations Children's Fund (UNICEF), World Health Organisation (WHO) and the World Bank Group.",Proportion of children moderately or severely overweight [2.2.2],Percent,Units,Modeled,2.6,1.6,"Source: Joint Child Malnutrition Estimates (2021 Edition), United Nations Children's Fund (UNICEF), World Health Organisation (WHO) and the World Bank Group.","The estimates for the year 2020 do not account for the full impact of COVID-19.  Household survey data on child height and age were not collected in 2020 due to physical distancing policies. One of the covariates used in the country model takes the impact of COVID-19 partially into account. , Figure is a modelled estimate. For primary sources, please refer to the metadata.","Figure is a modelled estimate. For primary sources, please refer to the metadata.",3.2
2004,0,M,3.9,2.4,"Source: Joint Child Malnutrition Estimates (2021 Edition), United Nations Children's Fund (UNICEF), World Health Organisation (WHO) and the World Bank Group.",Proportion of children moderately or severely overweight [2.2.2],Percent,Units,Modeled,2.6,1.6,"Source: Joint Child Malnutrition Estimates (2021 Edition), United Nations Children's Fund (UNICEF), World Health Organisation (WHO) and the World Bank Group.","The estimates for the year 2020 do not account for the full impact of COVID-19.  Household survey data on child height and age were not collected in 2020 due to physical distancing policies. One of the covariates used in the country model takes the impact of COVID-19 partially into account. , Figure is a modelled estimate. For primary sources, please refer to the metadata.","Figure is a modelled estimate. For primary sources, please refer to the metadata.",3.1
2005,0,M,3.5,2.2,"Source: Joint Child Malnutrition Estimates (2021 Edition), United Nations Children's Fund (UNICEF), World Health Organisation (WHO) and the World Bank Group.",Proportion of children moderately or severely overweight [2.2.2],Percent,Units,Modeled,2.6,1.6,"Source: Joint Child Malnutrition Estimates (2021 Edition), United Nations Children's Fund (UNICEF), World Health Organisation (WHO) and the World Bank Group.","The estimates for the year 2020 do not account for the full impact of COVID-19.  Household survey data on child height and age were not collected in 2020 due to physical distancing policies. One of the covariates used in the country model takes the impact of COVID-19 partially into account. , Figure is a modelled estimate. For primary sources, please refer to the metadata.","Figure is a modelled estimate. For primary sources, please refer to the metadata.",2.8
2006,0,M,3.1,2,"Source: Joint Child Malnutrition Estimates (2021 Edition), United Nations Children's Fund (UNICEF), World Health Organisation (WHO) and the World Bank Group.",Proportion of children moderately or severely overweight [2.2.2],Percent,Units,Modeled,2.6,1.6,"Source: Joint Child Malnutrition Estimates (2021 Edition), United Nations Children's Fund (UNICEF), World Health Organisation (WHO) and the World Bank Group.","The estimates for the year 2020 do not account for the full impact of COVID-19.  Household survey data on child height and age were not collected in 2020 due to physical distancing policies. One of the covariates used in the country model takes the impact of COVID-19 partially into account. , Figure is a modelled estimate. For primary sources, please refer to the metadata.","Figure is a modelled estimate. For primary sources, please refer to the metadata.",2.5
2007,0,M,2.7,1.7,"Source: Joint Child Malnutrition Estimates (2021 Edition), United Nations Children's Fund (UNICEF), World Health Organisation (WHO) and the World Bank Group.",Proportion of children moderately or severely overweight [2.2.2],Percent,Units,Modeled,2.6,1.6,"Source: Joint Child Malnutrition Estimates (2021 Edition), United Nations Children's Fund (UNICEF), World Health Organisation (WHO) and the World Bank Group.","The estimates for the year 2020 do not account for the full impact of COVID-19.  Household survey data on child height and age were not collected in 2020 due to physical distancing policies. One of the covariates used in the country model takes the impact of COVID-19 partially into account. , Figure is a modelled estimate. For primary sources, please refer to the metadata.","Figure is a modelled estimate. For primary sources, please refer to the metadata.",2.2
2008,0,M,2.4,1.5,"Source: Joint Child Malnutrition Estimates (2021 Edition), United Nations Children's Fund (UNICEF), World Health Organisation (WHO) and the World Bank Group.",Proportion of children moderately or severely overweight [2.2.2],Percent,Units,Modeled,2.6,1.6,"Source: Joint Child Malnutrition Estimates (2021 Edition), United Nations Children's Fund (UNICEF), World Health Organisation (WHO) and the World Bank Group.","The estimates for the year 2020 do not account for the full impact of COVID-19.  Household survey data on child height and age were not collected in 2020 due to physical distancing policies. One of the covariates used in the country model takes the impact of COVID-19 partially into account. , Figure is a modelled estimate. For primary sources, please refer to the metadata.","Figure is a modelled estimate. For primary sources, please refer to the metadata.",1.9
2009,0,M,2.1,1.4,"Source: Joint Child Malnutrition Estimates (2021 Edition), United Nations Children's Fund (UNICEF), World Health Organisation (WHO) and the World Bank Group.",Proportion of children moderately or severely overweight [2.2.2],Percent,Units,Modeled,2.6,1.6,"Source: Joint Child Malnutrition Estimates (2021 Edition), United Nations Children's Fund (UNICEF), World Health Organisation (WHO) and the World Bank Group.","The estimates for the year 2020 do not account for the full impact of COVID-19.  Household survey data on child height and age were not collected in 2020 due to physical distancing policies. One of the covariates used in the country model takes the impact of COVID-19 partially into account. , Figure is a modelled estimate. For primary sources, please refer to the metadata.","Figure is a modelled estimate. For primary sources, please refer to the metadata.",1.7
2010,0,M,1.9,1.3,"Source: Joint Child Malnutrition Estimates (2021 Edition), United Nations Children's Fund (UNICEF), World Health Organisation (WHO) and the World Bank Group.",Proportion of children moderately or severely overweight [2.2.2],Percent,Units,Modeled,2.6,1.6,"Source: Joint Child Malnutrition Estimates (2021 Edition), United Nations Children's Fund (UNICEF), World Health Organisation (WHO) and the World Bank Group.","The estimates for the year 2020 do not account for the full impact of COVID-19.  Household survey data on child height and age were not collected in 2020 due to physical distancing policies. One of the covariates used in the country model takes the impact of COVID-19 partially into account. , Figure is a modelled estimate. For primary sources, please refer to the metadata.","Figure is a modelled estimate. For primary sources, please refer to the metadata.",1.6
2011,0,M,1.8,1.3,"Source: Joint Child Malnutrition Estimates (2021 Edition), United Nations Children's Fund (UNICEF), World Health Organisation (WHO) and the World Bank Group.",Proportion of children moderately or severely overweight [2.2.2],Percent,Units,Modeled,2.6,1.6,"Source: Joint Child Malnutrition Estimates (2021 Edition), United Nations Children's Fund (UNICEF), World Health Organisation (WHO) and the World Bank Group.","The estimates for the year 2020 do not account for the full impact of COVID-19.  Household survey data on child height and age were not collected in 2020 due to physical distancing policies. One of the covariates used in the country model takes the impact of COVID-19 partially into account. , Figure is a modelled estimate. For primary sources, please refer to the metadata.","Figure is a modelled estimate. For primary sources, please refer to the metadata.",1.5
2012,0,M,1.7,1.2,"Source: Joint Child Malnutrition Estimates (2021 Edition), United Nations Children's Fund (UNICEF), World Health Organisation (WHO) and the World Bank Group.",Proportion of children moderately or severely overweight [2.2.2],Percent,Units,Modeled,2.6,1.6,"Source: Joint Child Malnutrition Estimates (2021 Edition), United Nations Children's Fund (UNICEF), World Health Organisation (WHO) and the World Bank Group.","The estimates for the year 2020 do not account for the full impact of COVID-19.  Household survey data on child height and age were not collected in 2020 due to physical distancing policies. One of the covariates used in the country model takes the impact of COVID-19 partially into account. , Figure is a modelled estimate. For primary sources, please refer to the metadata.","Figure is a modelled estimate. For primary sources, please refer to the metadata.",1.5
2013,0,M,1.7,1.2,"Source: Joint Child Malnutrition Estimates (2021 Edition), United Nations Children's Fund (UNICEF), World Health Organisation (WHO) and the World Bank Group.",Proportion of children moderately or severely overweight [2.2.2],Percent,Units,Modeled,2.6,1.6,"Source: Joint Child Malnutrition Estimates (2021 Edition), United Nations Children's Fund (UNICEF), World Health Organisation (WHO) and the World Bank Group.","The estimates for the year 2020 do not account for the full impact of COVID-19.  Household survey data on child height and age were not collected in 2020 due to physical distancing policies. One of the covariates used in the country model takes the impact of COVID-19 partially into account. , Figure is a modelled estimate. For primary sources, please refer to the metadata.","Figure is a modelled estimate. For primary sources, please refer to the metadata.",1.4
2014,0,M,1.7,1.3,"Source: Joint Child Malnutrition Estimates (2021 Edition), United Nations Children's Fund (UNICEF), World Health Organisation (WHO) and the World Bank Group.",Proportion of children moderately or severely overweight [2.2.2],Percent,Units,Modeled,2.6,1.6,"Source: Joint Child Malnutrition Estimates (2021 Edition), United Nations Children's Fund (UNICEF), World Health Organisation (WHO) and the World Bank Group.","The estimates for the year 2020 do not account for the full impact of COVID-19.  Household survey data on child height and age were not collected in 2020 due to physical distancing policies. One of the covariates used in the country model takes the impact of COVID-19 partially into account. , Figure is a modelled estimate. For primary sources, please refer to the metadata.","Figure is a modelled estimate. For primary sources, please refer to the metadata.",1.5
2015,0,M,1.7,1.3,"Source: Joint Child Malnutrition Estimates (2021 Edition), United Nations Children's Fund (UNICEF), World Health Organisation (WHO) and the World Bank Group.",Proportion of children moderately or severely overweight [2.2.2],Percent,Units,Modeled,2.6,1.6,"Source: Joint Child Malnutrition Estimates (2021 Edition), United Nations Children's Fund (UNICEF), World Health Organisation (WHO) and the World Bank Group.","The estimates for the year 2020 do not account for the full impact of COVID-19.  Household survey data on child height and age were not collected in 2020 due to physical distancing policies. One of the covariates used in the country model takes the impact of COVID-19 partially into account. , Figure is a modelled estimate. For primary sources, please refer to the metadata.","Figure is a modelled estimate. For primary sources, please refer to the metadata.",1.5
2016,0,M,1.8,1.3,"Source: Joint Child Malnutrition Estimates (2021 Edition), United Nations Children's Fund (UNICEF), World Health Organisation (WHO) and the World Bank Group.",Proportion of children moderately or severely overweight [2.2.2],Percent,Units,Modeled,2.6,1.6,"Source: Joint Child Malnutrition Estimates (2021 Edition), United Nations Children's Fund (UNICEF), World Health Organisation (WHO) and the World Bank Group.","The estimates for the year 2020 do not account for the full impact of COVID-19.  Household survey data on child height and age were not collected in 2020 due to physical distancing policies. One of the covariates used in the country model takes the impact of COVID-19 partially into account. , Figure is a modelled estimate. For primary sources, please refer to the metadata.","Figure is a modelled estimate. For primary sources, please refer to the metadata.",1.6
2017,0,M,1.9,1.4,"Source: Joint Child Malnutrition Estimates (2021 Edition), United Nations Children's Fund (UNICEF), World Health Organisation (WHO) and the World Bank Group.",Proportion of children moderately or severely overweight [2.2.2],Percent,Units,Modeled,2.6,1.6,"Source: Joint Child Malnutrition Estimates (2021 Edition), United Nations Children's Fund (UNICEF), World Health Organisation (WHO) and the World Bank Group.","The estimates for the year 2020 do not account for the full impact of COVID-19.  Household survey data on child height and age were not collected in 2020 due to physical distancing policies. One of the covariates used in the country model takes the impact of COVID-19 partially into account. , Figure is a modelled estimate. For primary sources, please refer to the metadata.","Figure is a modelled estimate. For primary sources, please refer to the metadata.",1.7
2018,0,M,2.1,1.5,"Source: Joint Child Malnutrition Estimates (2021 Edition), United Nations Children's Fund (UNICEF), World Health Organisation (WHO) and the World Bank Group.",Proportion of children moderately or severely overweight [2.2.2],Percent,Units,Modeled,2.6,1.6,"Source: Joint Child Malnutrition Estimates (2021 Edition), United Nations Children's Fund (UNICEF), World Health Organisation (WHO) and the World Bank Group.","The estimates for the year 2020 do not account for the full impact of COVID-19.  Household survey data on child height and age were not collected in 2020 due to physical distancing policies. One of the covariates used in the country model takes the impact of COVID-19 partially into account. , Figure is a modelled estimate. For primary sources, please refer to the metadata.","Figure is a modelled estimate. For primary sources, please refer to the metadata.",1.8
2019,0,M,2.3,1.6,"Source: Joint Child Malnutrition Estimates (2021 Edition), United Nations Children's Fund (UNICEF), World Health Organisation (WHO) and the World Bank Group.",Proportion of children moderately or severely overweight [2.2.2],Percent,Units,Modeled,2.6,1.6,"Source: Joint Child Malnutrition Estimates (2021 Edition), United Nations Children's Fund (UNICEF), World Health Organisation (WHO) and the World Bank Group.","The estimates for the year 2020 do not account for the full impact of COVID-19.  Household survey data on child height and age were not collected in 2020 due to physical distancing policies. One of the covariates used in the country model takes the impact of COVID-19 partially into account. , Figure is a modelled estimate. For primary sources, please refer to the metadata.","Figure is a modelled estimate. For primary sources, please refer to the metadata.",1.9
2020,0,M,2.6,1.6,"Source: Joint Child Malnutrition Estimates (2021 Edition), United Nations Children's Fund (UNICEF), World Health Organisation (WHO) and the World Bank Group.",Proportion of children moderately or severely overweight [2.2.2],Percent,Units,Modeled,2.6,1.6,"Source: Joint Child Malnutrition Estimates (2021 Edition), United Nations Children's Fund (UNICEF), World Health Organisation (WHO) and the World Bank Group.","The estimates for the year 2020 do not account for the full impact of COVID-19.  Household survey data on child height and age were not collected in 2020 due to physical distancing policies. One of the covariates used in the country model takes the impact of COVID-19 partially into account. , Figure is a modelled estimate. For primary sources, please refer to the metadata.","The estimates for the year 2020 do not account for the full impact of COVID-19.  Household survey data on child height and age were not collected in 2020 due to physical distancing policies. One of the covariates used in the country model takes the impact of COVID-19 partially into account. , Figure is a modelled estimate. For primary sources, please refer to the metadata.",2.1
2000,3,M,68.2,40.6,"Source: Joint Child Malnutrition Estimates (2021 Edition), United Nations Children's Fund (UNICEF), World Health Organisation (WHO) and the World Bank Group.",Children moderately or severely overweight (number) [2.2.2],Number,Thousands,Modeled,67.3,42.8,"Source: Joint Child Malnutrition Estimates (2021 Edition), United Nations Children's Fund (UNICEF), World Health Organisation (WHO) and the World Bank Group.","The estimates for the year 2020 do not account for the full impact of COVID-19.  Household survey data on child height and age were not collected in 2020 due to physical distancing policies. One of the covariates used in the country model takes the impact of COVID-19 partially into account. , Figure is a modelled estimate. For primary sources, please refer to the metadata.","Figure is a modelled estimate. For primary sources, please refer to the metadata.",52.6
2001,3,M,71,42.6,"Source: Joint Child Malnutrition Estimates (2021 Edition), United Nations Children's Fund (UNICEF), World Health Organisation (WHO) and the World Bank Group.",Children moderately or severely overweight (number) [2.2.2],Number,Thousands,Modeled,67.3,42.8,"Source: Joint Child Malnutrition Estimates (2021 Edition), United Nations Children's Fund (UNICEF), World Health Organisation (WHO) and the World Bank Group.","The estimates for the year 2020 do not account for the full impact of COVID-19.  Household survey data on child height and age were not collected in 2020 due to physical distancing policies. One of the covariates used in the country model takes the impact of COVID-19 partially into account. , Figure is a modelled estimate. For primary sources, please refer to the metadata.","Figure is a modelled estimate. For primary sources, please refer to the metadata.",55.0
2002,3,M,72.7,43.9,"Source: Joint Child Malnutrition Estimates (2021 Edition), United Nations Children's Fund (UNICEF), World Health Organisation (WHO) and the World Bank Group.",Children moderately or severely overweight (number) [2.2.2],Number,Thousands,Modeled,67.3,42.8,"Source: Joint Child Malnutrition Estimates (2021 Edition), United Nations Children's Fund (UNICEF), World Health Organisation (WHO) and the World Bank Group.","The estimates for the year 2020 do not account for the full impact of COVID-19.  Household survey data on child height and age were not collected in 2020 due to physical distancing policies. One of the covariates used in the country model takes the impact of COVID-19 partially into account. , Figure is a modelled estimate. For primary sources, please refer to the metadata.","Figure is a modelled estimate. For primary sources, please refer to the metadata.",56.6
2003,3,M,72.6,44.2,"Source: Joint Child Malnutrition Estimates (2021 Edition), United Nations Children's Fund (UNICEF), World Health Organisation (WHO) and the World Bank Group.",Children moderately or severely overweight (number) [2.2.2],Number,Thousands,Modeled,67.3,42.8,"Source: Joint Child Malnutrition Estimates (2021 Edition), United Nations Children's Fund (UNICEF), World Health Organisation (WHO) and the World Bank Group.","The estimates for the year 2020 do not account for the full impact of COVID-19.  Household survey data on child height and age were not collected in 2020 due to physical distancing policies. One of the covariates used in the country model takes the impact of COVID-19 partially into account. , Figure is a modelled estimate. For primary sources, please refer to the metadata.","Figure is a modelled estimate. For primary sources, please refer to the metadata.",56.7
2004,3,M,70.1,43,"Source: Joint Child Malnutrition Estimates (2021 Edition), United Nations Children's Fund (UNICEF), World Health Organisation (WHO) and the World Bank Group.",Children moderately or severely overweight (number) [2.2.2],Number,Thousands,Modeled,67.3,42.8,"Source: Joint Child Malnutrition Estimates (2021 Edition), United Nations Children's Fund (UNICEF), World Health Organisation (WHO) and the World Bank Group.","The estimates for the year 2020 do not account for the full impact of COVID-19.  Household survey data on child height and age were not collected in 2020 due to physical distancing policies. One of the covariates used in the country model takes the impact of COVID-19 partially into account. , Figure is a modelled estimate. For primary sources, please refer to the metadata.","Figure is a modelled estimate. For primary sources, please refer to the metadata.",55.0
2005,3,M,64.9,40.5,"Source: Joint Child Malnutrition Estimates (2021 Edition), United Nations Children's Fund (UNICEF), World Health Organisation (WHO) and the World Bank Group.",Children moderately or severely overweight (number) [2.2.2],Number,Thousands,Modeled,67.3,42.8,"Source: Joint Child Malnutrition Estimates (2021 Edition), United Nations Children's Fund (UNICEF), World Health Organisation (WHO) and the World Bank Group.","The estimates for the year 2020 do not account for the full impact of COVID-19.  Household survey data on child height and age were not collected in 2020 due to physical distancing policies. One of the covariates used in the country model takes the impact of COVID-19 partially into account. , Figure is a modelled estimate. For primary sources, please refer to the metadata.","Figure is a modelled estimate. For primary sources, please refer to the metadata.",51.3
2006,3,M,58.6,37.3,"Source: Joint Child Malnutrition Estimates (2021 Edition), United Nations Children's Fund (UNICEF), World Health Organisation (WHO) and the World Bank Group.",Children moderately or severely overweight (number) [2.2.2],Number,Thousands,Modeled,67.3,42.8,"Source: Joint Child Malnutrition Estimates (2021 Edition), United Nations Children's Fund (UNICEF), World Health Organisation (WHO) and the World Bank Group.","The estimates for the year 2020 do not account for the full impact of COVID-19.  Household survey data on child height and age were not collected in 2020 due to physical distancing policies. One of the covariates used in the country model takes the impact of COVID-19 partially into account. , Figure is a modelled estimate. For primary sources, please refer to the metadata.","Figure is a modelled estimate. For primary sources, please refer to the metadata.",46.8
2007,3,M,52.5,33.9,"Source: Joint Child Malnutrition Estimates (2021 Edition), United Nations Children's Fund (UNICEF), World Health Organisation (WHO) and the World Bank Group.",Children moderately or severely overweight (number) [2.2.2],Number,Thousands,Modeled,67.3,42.8,"Source: Joint Child Malnutrition Estimates (2021 Edition), United Nations Children's Fund (UNICEF), World Health Organisation (WHO) and the World Bank Group.","The estimates for the year 2020 do not account for the full impact of COVID-19.  Household survey data on child height and age were not collected in 2020 due to physical distancing policies. One of the covariates used in the country model takes the impact of COVID-19 partially into account. , Figure is a modelled estimate. For primary sources, please refer to the metadata.","Figure is a modelled estimate. For primary sources, please refer to the metadata.",42.2
2008,3,M,47.5,31.1,"Source: Joint Child Malnutrition Estimates (2021 Edition), United Nations Children's Fund (UNICEF), World Health Organisation (WHO) and the World Bank Group.",Children moderately or severely overweight (number) [2.2.2],Number,Thousands,Modeled,67.3,42.8,"Source: Joint Child Malnutrition Estimates (2021 Edition), United Nations Children's Fund (UNICEF), World Health Organisation (WHO) and the World Bank Group.","The estimates for the year 2020 do not account for the full impact of COVID-19.  Household survey data on child height and age were not collected in 2020 due to physical distancing policies. One of the covariates used in the country model takes the impact of COVID-19 partially into account. , Figure is a modelled estimate. For primary sources, please refer to the metadata.","Figure is a modelled estimate. For primary sources, please refer to the metadata.",38.5
2009,3,M,43.7,29.4,"Source: Joint Child Malnutrition Estimates (2021 Edition), United Nations Children's Fund (UNICEF), World Health Organisation (WHO) and the World Bank Group.",Children moderately or severely overweight (number) [2.2.2],Number,Thousands,Modeled,67.3,42.8,"Source: Joint Child Malnutrition Estimates (2021 Edition), United Nations Children's Fund (UNICEF), World Health Organisation (WHO) and the World Bank Group.","The estimates for the year 2020 do not account for the full impact of COVID-19.  Household survey data on child height and age were not collected in 2020 due to physical distancing policies. One of the covariates used in the country model takes the impact of COVID-19 partially into account. , Figure is a modelled estimate. For primary sources, please refer to the metadata.","Figure is a modelled estimate. For primary sources, please refer to the metadata.",35.8
2010,3,M,41.2,28.4,"Source: Joint Child Malnutrition Estimates (2021 Edition), United Nations Children's Fund (UNICEF), World Health Organisation (WHO) and the World Bank Group.",Children moderately or severely overweight (number) [2.2.2],Number,Thousands,Modeled,67.3,42.8,"Source: Joint Child Malnutrition Estimates (2021 Edition), United Nations Children's Fund (UNICEF), World Health Organisation (WHO) and the World Bank Group.","The estimates for the year 2020 do not account for the full impact of COVID-19.  Household survey data on child height and age were not collected in 2020 due to physical distancing policies. One of the covariates used in the country model takes the impact of COVID-19 partially into account. , Figure is a modelled estimate. For primary sources, please refer to the metadata.","Figure is a modelled estimate. For primary sources, please refer to the metadata.",34.2
2011,3,M,39.9,28.1,"Source: Joint Child Malnutrition Estimates (2021 Edition), United Nations Children's Fund (UNICEF), World Health Organisation (WHO) and the World Bank Group.",Children moderately or severely overweight (number) [2.2.2],Number,Thousands,Modeled,67.3,42.8,"Source: Joint Child Malnutrition Estimates (2021 Edition), United Nations Children's Fund (UNICEF), World Health Organisation (WHO) and the World Bank Group.","The estimates for the year 2020 do not account for the full impact of COVID-19.  Household survey data on child height and age were not collected in 2020 due to physical distancing policies. One of the covariates used in the country model takes the impact of COVID-19 partially into account. , Figure is a modelled estimate. For primary sources, please refer to the metadata.","Figure is a modelled estimate. For primary sources, please refer to the metadata.",33.5
2012,3,M,39.5,28.3,"Source: Joint Child Malnutrition Estimates (2021 Edition), United Nations Children's Fund (UNICEF), World Health Organisation (WHO) and the World Bank Group.",Children moderately or severely overweight (number) [2.2.2],Number,Thousands,Modeled,67.3,42.8,"Source: Joint Child Malnutrition Estimates (2021 Edition), United Nations Children's Fund (UNICEF), World Health Organisation (WHO) and the World Bank Group.","The estimates for the year 2020 do not account for the full impact of COVID-19.  Household survey data on child height and age were not collected in 2020 due to physical distancing policies. One of the covariates used in the country model takes the impact of COVID-19 partially into account. , Figure is a modelled estimate. For primary sources, please refer to the metadata.","Figure is a modelled estimate. For primary sources, please refer to the metadata.",33.4
2013,3,M,39.8,28.9,"Source: Joint Child Malnutrition Estimates (2021 Edition), United Nations Children's Fund (UNICEF), World Health Organisation (WHO) and the World Bank Group.",Children moderately or severely overweight (number) [2.2.2],Number,Thousands,Modeled,67.3,42.8,"Source: Joint Child Malnutrition Estimates (2021 Edition), United Nations Children's Fund (UNICEF), World Health Organisation (WHO) and the World Bank Group.","The estimates for the year 2020 do not account for the full impact of COVID-19.  Household survey data on child height and age were not collected in 2020 due to physical distancing policies. One of the covariates used in the country model takes the impact of COVID-19 partially into account. , Figure is a modelled estimate. For primary sources, please refer to the metadata.","Figure is a modelled estimate. For primary sources, please refer to the metadata.",33.9
2014,3,M,40.8,30,"Source: Joint Child Malnutrition Estimates (2021 Edition), United Nations Children's Fund (UNICEF), World Health Organisation (WHO) and the World Bank Group.",Children moderately or severely overweight (number) [2.2.2],Number,Thousands,Modeled,67.3,42.8,"Source: Joint Child Malnutrition Estimates (2021 Edition), United Nations Children's Fund (UNICEF), World Health Organisation (WHO) and the World Bank Group.","The estimates for the year 2020 do not account for the full impact of COVID-19.  Household survey data on child height and age were not collected in 2020 due to physical distancing policies. One of the covariates used in the country model takes the impact of COVID-19 partially into account. , Figure is a modelled estimate. For primary sources, please refer to the metadata.","Figure is a modelled estimate. For primary sources, please refer to the metadata.",35.0
2015,3,M,42.7,31.4,"Source: Joint Child Malnutrition Estimates (2021 Edition), United Nations Children's Fund (UNICEF), World Health Organisation (WHO) and the World Bank Group.",Children moderately or severely overweight (number) [2.2.2],Number,Thousands,Modeled,67.3,42.8,"Source: Joint Child Malnutrition Estimates (2021 Edition), United Nations Children's Fund (UNICEF), World Health Organisation (WHO) and the World Bank Group.","The estimates for the year 2020 do not account for the full impact of COVID-19.  Household survey data on child height and age were not collected in 2020 due to physical distancing policies. One of the covariates used in the country model takes the impact of COVID-19 partially into account. , Figure is a modelled estimate. For primary sources, please refer to the metadata.","Figure is a modelled estimate. For primary sources, please refer to the metadata.",36.6
2016,3,M,45.6,33.2,"Source: Joint Child Malnutrition Estimates (2021 Edition), United Nations Children's Fund (UNICEF), World Health Organisation (WHO) and the World Bank Group.",Children moderately or severely overweight (number) [2.2.2],Number,Thousands,Modeled,67.3,42.8,"Source: Joint Child Malnutrition Estimates (2021 Edition), United Nations Children's Fund (UNICEF), World Health Organisation (WHO) and the World Bank Group.","The estimates for the year 2020 do not account for the full impact of COVID-19.  Household survey data on child height and age were not collected in 2020 due to physical distancing policies. One of the covariates used in the country model takes the impact of COVID-19 partially into account. , Figure is a modelled estimate. For primary sources, please refer to the metadata.","Figure is a modelled estimate. For primary sources, please refer to the metadata.",38.9
2017,3,M,49.2,35.4,"Source: Joint Child Malnutrition Estimates (2021 Edition), United Nations Children's Fund (UNICEF), World Health Organisation (WHO) and the World Bank Group.",Children moderately or severely overweight (number) [2.2.2],Number,Thousands,Modeled,67.3,42.8,"Source: Joint Child Malnutrition Estimates (2021 Edition), United Nations Children's Fund (UNICEF), World Health Organisation (WHO) and the World Bank Group.","The estimates for the year 2020 do not account for the full impact of COVID-19.  Household survey data on child height and age were not collected in 2020 due to physical distancing policies. One of the covariates used in the country model takes the impact of COVID-19 partially into account. , Figure is a modelled estimate. For primary sources, please refer to the metadata.","Figure is a modelled estimate. For primary sources, please refer to the metadata.",41.7
2018,3,M,53.8,37.8,"Source: Joint Child Malnutrition Estimates (2021 Edition), United Nations Children's Fund (UNICEF), World Health Organisation (WHO) and the World Bank Group.",Children moderately or severely overweight (number) [2.2.2],Number,Thousands,Modeled,67.3,42.8,"Source: Joint Child Malnutrition Estimates (2021 Edition), United Nations Children's Fund (UNICEF), World Health Organisation (WHO) and the World Bank Group.","The estimates for the year 2020 do not account for the full impact of COVID-19.  Household survey data on child height and age were not collected in 2020 due to physical distancing policies. One of the covariates used in the country model takes the impact of COVID-19 partially into account. , Figure is a modelled estimate. For primary sources, please refer to the metadata.","Figure is a modelled estimate. For primary sources, please refer to the metadata.",45.1
2019,3,M,59.8,40.2,"Source: Joint Child Malnutrition Estimates (2021 Edition), United Nations Children's Fund (UNICEF), World Health Organisation (WHO) and the World Bank Group.",Children moderately or severely overweight (number) [2.2.2],Number,Thousands,Modeled,67.3,42.8,"Source: Joint Child Malnutrition Estimates (2021 Edition), United Nations Children's Fund (UNICEF), World Health Organisation (WHO) and the World Bank Group.","The estimates for the year 2020 do not account for the full impact of COVID-19.  Household survey data on child height and age were not collected in 2020 due to physical distancing policies. One of the covariates used in the country model takes the impact of COVID-19 partially into account. , Figure is a modelled estimate. For primary sources, please refer to the metadata.","Figure is a modelled estimate. For primary sources, please refer to the metadata.",49.1
2020,3,M,67.3,42.8,"Source: Joint Child Malnutrition Estimates (2021 Edition), United Nations Children's Fund (UNICEF), World Health Organisation (WHO) and the World Bank Group.",Children moderately or severely overweight (number) [2.2.2],Number,Thousands,Modeled,67.3,42.8,"Source: Joint Child Malnutrition Estimates (2021 Edition), United Nations Children's Fund (UNICEF), World Health Organisation (WHO) and the World Bank Group.","The estimates for the year 2020 do not account for the full impact of COVID-19.  Household survey data on child height and age were not collected in 2020 due to physical distancing policies. One of the covariates used in the country model takes the impact of COVID-19 partially into account. , Figure is a modelled estimate. For primary sources, please refer to the metadata.","The estimates for the year 2020 do not account for the full impact of COVID-19.  Household survey data on child height and age were not collected in 2020 due to physical distancing policies. One of the covariates used in the country model takes the impact of COVID-19 partially into account. , Figure is a modelled estimate. For primary sources, please refer to the metadata.",53.7
