Year,UNIT_MULT,NATURE,COMMENT_OBS,UPPER_BOUND,LOWER_BOUND,SOURCE_DETAIL,SDG Series,Unit of measure,Unit multiplier,Nature of data points,Observation-level footnotes,Upper bound value,Lower bound value,Source details,Value
2000,0,CA,Height/length modality (standing/lying) was not collected ,8.4,6.5,"Kenya multiple indicator cluster survey 2000 (MICS). Government  of Kenya and Unicef. Nairobi, Kenya, 2002",Proportion of children moderately or severely wasted [2.2.2],Percent,Units,Country Adjusted,Reduced age range Age 0-5 months not covered; unadjusted,4.6,3.8,"Kenya demographic and health Survey (2014 KDHS): Final Report. Demongraphic and Health Surveys. Nairobi, Kenya: KNBS, Ministry of Health, NACC, KEMRI, NCPD, 2015",7.4
2003,0,CA,,7.3,5.3,"Kenya demographic and health survey 2003. Demographic and Health Surveys. Calverton, Maryland: CBS, MOH, and ORC Macro, 2004",Proportion of children moderately or severely wasted [2.2.2],Percent,Units,Country Adjusted,Reduced age range Age 0-5 months not covered; unadjusted,4.6,3.8,"Kenya demographic and health Survey (2014 KDHS): Final Report. Demongraphic and Health Surveys. Nairobi, Kenya: KNBS, Ministry of Health, NACC, KEMRI, NCPD, 2015",6.2
2005,0,CA,,7.9,6.1,"Kenya integrated household budget survey (KIHBS), 2005/06: Revised edition, basic report. Nairobi, Kenya 2006",Proportion of children moderately or severely wasted [2.2.2],Percent,Units,Country Adjusted,Reduced age range Age 0-5 months not covered; unadjusted,4.6,3.8,"Kenya demographic and health Survey (2014 KDHS): Final Report. Demongraphic and Health Surveys. Nairobi, Kenya: KNBS, Ministry of Health, NACC, KEMRI, NCPD, 2015",6.9
2008,0,CA,,8,6,"Kenya demographic and health survey 2008-09. Demographic and Health Surveys. Calverton, Maryland: KNBS and ICF Macro, 2010",Proportion of children moderately or severely wasted [2.2.2],Percent,Units,Country Adjusted,Reduced age range Age 0-5 months not covered; unadjusted,4.6,3.8,"Kenya demographic and health Survey (2014 KDHS): Final Report. Demongraphic and Health Surveys. Nairobi, Kenya: KNBS, Ministry of Health, NACC, KEMRI, NCPD, 2015",6.9
2011,0,C,Reduced age range Age 0-5 months not covered; unadjusted,,,Kenya 2011 National Micronutrient Survey,Proportion of children moderately or severely wasted [2.2.2],Percent,Units,Country Adjusted,Reduced age range Age 0-5 months not covered; unadjusted,4.6,3.8,"Kenya demographic and health Survey (2014 KDHS): Final Report. Demongraphic and Health Surveys. Nairobi, Kenya: KNBS, Ministry of Health, NACC, KEMRI, NCPD, 2015",6.3
2014,0,CA,,4.6,3.8,"Kenya demographic and health Survey (2014 KDHS): Final Report. Demongraphic and Health Surveys. Nairobi, Kenya: KNBS, Ministry of Health, NACC, KEMRI, NCPD, 2015",Proportion of children moderately or severely wasted [2.2.2],Percent,Units,Country Adjusted,Reduced age range Age 0-5 months not covered; unadjusted,4.6,3.8,"Kenya demographic and health Survey (2014 KDHS): Final Report. Demongraphic and Health Surveys. Nairobi, Kenya: KNBS, Ministry of Health, NACC, KEMRI, NCPD, 2015",4.2
2000,3,CA,Height/length modality (standing/lying) was not collected ,464.8,360.1,"Kenya multiple indicator cluster survey 2000 (MICS). Government  of Kenya and Unicef. Nairobi, Kenya, 2002",Children moderately or severely wasted (number) [2.2.2],Number,Thousands,Country Adjusted,Reduced age range Age 0-5 months not covered; unadjusted,326.8,264.1,"Kenya demographic and health Survey (2014 KDHS): Final Report. Demongraphic and Health Surveys. Nairobi, Kenya: KNBS, Ministry of Health, NACC, KEMRI, NCPD, 2015",409.4
2003,3,CA,,440.6,317.3,"Kenya demographic and health survey 2003. Demographic and Health Surveys. Calverton, Maryland: CBS, MOH, and ORC Macro, 2004",Children moderately or severely wasted (number) [2.2.2],Number,Thousands,Country Adjusted,Reduced age range Age 0-5 months not covered; unadjusted,326.8,264.1,"Kenya demographic and health Survey (2014 KDHS): Final Report. Demongraphic and Health Surveys. Nairobi, Kenya: KNBS, Ministry of Health, NACC, KEMRI, NCPD, 2015",374.3
2005,3,CA,,487.5,381,"Kenya integrated household budget survey (KIHBS), 2005/06: Revised edition, basic report. Nairobi, Kenya 2006",Children moderately or severely wasted (number) [2.2.2],Number,Thousands,Country Adjusted,Reduced age range Age 0-5 months not covered; unadjusted,326.8,264.1,"Kenya demographic and health Survey (2014 KDHS): Final Report. Demongraphic and Health Surveys. Nairobi, Kenya: KNBS, Ministry of Health, NACC, KEMRI, NCPD, 2015",431.2
2008,3,CA,,525.6,398.3,"Kenya demographic and health survey 2008-09. Demographic and Health Surveys. Calverton, Maryland: KNBS and ICF Macro, 2010",Children moderately or severely wasted (number) [2.2.2],Number,Thousands,Country Adjusted,Reduced age range Age 0-5 months not covered; unadjusted,326.8,264.1,"Kenya demographic and health Survey (2014 KDHS): Final Report. Demongraphic and Health Surveys. Nairobi, Kenya: KNBS, Ministry of Health, NACC, KEMRI, NCPD, 2015",457.8
2011,3,C,Reduced age range Age 0-5 months not covered; unadjusted,,,Kenya 2011 National Micronutrient Survey,Children moderately or severely wasted (number) [2.2.2],Number,Thousands,Country Adjusted,Reduced age range Age 0-5 months not covered; unadjusted,326.8,264.1,"Kenya demographic and health Survey (2014 KDHS): Final Report. Demongraphic and Health Surveys. Nairobi, Kenya: KNBS, Ministry of Health, NACC, KEMRI, NCPD, 2015",438.6
2014,3,CA,,326.8,264.1,"Kenya demographic and health Survey (2014 KDHS): Final Report. Demongraphic and Health Surveys. Nairobi, Kenya: KNBS, Ministry of Health, NACC, KEMRI, NCPD, 2015",Children moderately or severely wasted (number) [2.2.2],Number,Thousands,Country Adjusted,Reduced age range Age 0-5 months not covered; unadjusted,326.8,264.1,"Kenya demographic and health Survey (2014 KDHS): Final Report. Demongraphic and Health Surveys. Nairobi, Kenya: KNBS, Ministry of Health, NACC, KEMRI, NCPD, 2015",293.9
2000,0,M,"Figure is a modelled estimate. For primary sources, please refer to the metadata.",8.2,5.6,"Source: Joint Child Malnutrition Estimates (2021 Edition), United Nations Children's Fund (UNICEF), World Health Organisation (WHO) and the World Bank Group.",Proportion of children moderately or severely overweight [2.2.2],Percent,Units,Modeled,"The estimates for the year 2020 do not account for the full impact of COVID-19.  Household survey data on child height and age were not collected in 2020 due to physical distancing policies. One of the covariates used in the country model takes the impact of COVID-19 partially into account. , Figure is a modelled estimate. For primary sources, please refer to the metadata.",7.1,2.8,"Source: Joint Child Malnutrition Estimates (2021 Edition), United Nations Children's Fund (UNICEF), World Health Organisation (WHO) and the World Bank Group.",6.8
2001,0,M,"Figure is a modelled estimate. For primary sources, please refer to the metadata.",8.5,5.8,"Source: Joint Child Malnutrition Estimates (2021 Edition), United Nations Children's Fund (UNICEF), World Health Organisation (WHO) and the World Bank Group.",Proportion of children moderately or severely overweight [2.2.2],Percent,Units,Modeled,"The estimates for the year 2020 do not account for the full impact of COVID-19.  Household survey data on child height and age were not collected in 2020 due to physical distancing policies. One of the covariates used in the country model takes the impact of COVID-19 partially into account. , Figure is a modelled estimate. For primary sources, please refer to the metadata.",7.1,2.8,"Source: Joint Child Malnutrition Estimates (2021 Edition), United Nations Children's Fund (UNICEF), World Health Organisation (WHO) and the World Bank Group.",7.0
2002,0,M,"Figure is a modelled estimate. For primary sources, please refer to the metadata.",8.6,5.9,"Source: Joint Child Malnutrition Estimates (2021 Edition), United Nations Children's Fund (UNICEF), World Health Organisation (WHO) and the World Bank Group.",Proportion of children moderately or severely overweight [2.2.2],Percent,Units,Modeled,"The estimates for the year 2020 do not account for the full impact of COVID-19.  Household survey data on child height and age were not collected in 2020 due to physical distancing policies. One of the covariates used in the country model takes the impact of COVID-19 partially into account. , Figure is a modelled estimate. For primary sources, please refer to the metadata.",7.1,2.8,"Source: Joint Child Malnutrition Estimates (2021 Edition), United Nations Children's Fund (UNICEF), World Health Organisation (WHO) and the World Bank Group.",7.2
2003,0,M,"Figure is a modelled estimate. For primary sources, please refer to the metadata.",8.6,5.9,"Source: Joint Child Malnutrition Estimates (2021 Edition), United Nations Children's Fund (UNICEF), World Health Organisation (WHO) and the World Bank Group.",Proportion of children moderately or severely overweight [2.2.2],Percent,Units,Modeled,"The estimates for the year 2020 do not account for the full impact of COVID-19.  Household survey data on child height and age were not collected in 2020 due to physical distancing policies. One of the covariates used in the country model takes the impact of COVID-19 partially into account. , Figure is a modelled estimate. For primary sources, please refer to the metadata.",7.1,2.8,"Source: Joint Child Malnutrition Estimates (2021 Edition), United Nations Children's Fund (UNICEF), World Health Organisation (WHO) and the World Bank Group.",7.1
2004,0,M,"Figure is a modelled estimate. For primary sources, please refer to the metadata.",8.5,5.8,"Source: Joint Child Malnutrition Estimates (2021 Edition), United Nations Children's Fund (UNICEF), World Health Organisation (WHO) and the World Bank Group.",Proportion of children moderately or severely overweight [2.2.2],Percent,Units,Modeled,"The estimates for the year 2020 do not account for the full impact of COVID-19.  Household survey data on child height and age were not collected in 2020 due to physical distancing policies. One of the covariates used in the country model takes the impact of COVID-19 partially into account. , Figure is a modelled estimate. For primary sources, please refer to the metadata.",7.1,2.8,"Source: Joint Child Malnutrition Estimates (2021 Edition), United Nations Children's Fund (UNICEF), World Health Organisation (WHO) and the World Bank Group.",7.0
2005,0,M,"Figure is a modelled estimate. For primary sources, please refer to the metadata.",8.2,5.6,"Source: Joint Child Malnutrition Estimates (2021 Edition), United Nations Children's Fund (UNICEF), World Health Organisation (WHO) and the World Bank Group.",Proportion of children moderately or severely overweight [2.2.2],Percent,Units,Modeled,"The estimates for the year 2020 do not account for the full impact of COVID-19.  Household survey data on child height and age were not collected in 2020 due to physical distancing policies. One of the covariates used in the country model takes the impact of COVID-19 partially into account. , Figure is a modelled estimate. For primary sources, please refer to the metadata.",7.1,2.8,"Source: Joint Child Malnutrition Estimates (2021 Edition), United Nations Children's Fund (UNICEF), World Health Organisation (WHO) and the World Bank Group.",6.7
2006,0,M,"Figure is a modelled estimate. For primary sources, please refer to the metadata.",7.8,5.2,"Source: Joint Child Malnutrition Estimates (2021 Edition), United Nations Children's Fund (UNICEF), World Health Organisation (WHO) and the World Bank Group.",Proportion of children moderately or severely overweight [2.2.2],Percent,Units,Modeled,"The estimates for the year 2020 do not account for the full impact of COVID-19.  Household survey data on child height and age were not collected in 2020 due to physical distancing policies. One of the covariates used in the country model takes the impact of COVID-19 partially into account. , Figure is a modelled estimate. For primary sources, please refer to the metadata.",7.1,2.8,"Source: Joint Child Malnutrition Estimates (2021 Edition), United Nations Children's Fund (UNICEF), World Health Organisation (WHO) and the World Bank Group.",6.4
2007,0,M,"Figure is a modelled estimate. For primary sources, please refer to the metadata.",7.4,4.9,"Source: Joint Child Malnutrition Estimates (2021 Edition), United Nations Children's Fund (UNICEF), World Health Organisation (WHO) and the World Bank Group.",Proportion of children moderately or severely overweight [2.2.2],Percent,Units,Modeled,"The estimates for the year 2020 do not account for the full impact of COVID-19.  Household survey data on child height and age were not collected in 2020 due to physical distancing policies. One of the covariates used in the country model takes the impact of COVID-19 partially into account. , Figure is a modelled estimate. For primary sources, please refer to the metadata.",7.1,2.8,"Source: Joint Child Malnutrition Estimates (2021 Edition), United Nations Children's Fund (UNICEF), World Health Organisation (WHO) and the World Bank Group.",6.0
2008,0,M,"Figure is a modelled estimate. For primary sources, please refer to the metadata.",7,4.5,"Source: Joint Child Malnutrition Estimates (2021 Edition), United Nations Children's Fund (UNICEF), World Health Organisation (WHO) and the World Bank Group.",Proportion of children moderately or severely overweight [2.2.2],Percent,Units,Modeled,"The estimates for the year 2020 do not account for the full impact of COVID-19.  Household survey data on child height and age were not collected in 2020 due to physical distancing policies. One of the covariates used in the country model takes the impact of COVID-19 partially into account. , Figure is a modelled estimate. For primary sources, please refer to the metadata.",7.1,2.8,"Source: Joint Child Malnutrition Estimates (2021 Edition), United Nations Children's Fund (UNICEF), World Health Organisation (WHO) and the World Bank Group.",5.6
2009,0,M,"Figure is a modelled estimate. For primary sources, please refer to the metadata.",6.6,4.2,"Source: Joint Child Malnutrition Estimates (2021 Edition), United Nations Children's Fund (UNICEF), World Health Organisation (WHO) and the World Bank Group.",Proportion of children moderately or severely overweight [2.2.2],Percent,Units,Modeled,"The estimates for the year 2020 do not account for the full impact of COVID-19.  Household survey data on child height and age were not collected in 2020 due to physical distancing policies. One of the covariates used in the country model takes the impact of COVID-19 partially into account. , Figure is a modelled estimate. For primary sources, please refer to the metadata.",7.1,2.8,"Source: Joint Child Malnutrition Estimates (2021 Edition), United Nations Children's Fund (UNICEF), World Health Organisation (WHO) and the World Bank Group.",5.3
2010,0,M,"Figure is a modelled estimate. For primary sources, please refer to the metadata.",6.4,3.9,"Source: Joint Child Malnutrition Estimates (2021 Edition), United Nations Children's Fund (UNICEF), World Health Organisation (WHO) and the World Bank Group.",Proportion of children moderately or severely overweight [2.2.2],Percent,Units,Modeled,"The estimates for the year 2020 do not account for the full impact of COVID-19.  Household survey data on child height and age were not collected in 2020 due to physical distancing policies. One of the covariates used in the country model takes the impact of COVID-19 partially into account. , Figure is a modelled estimate. For primary sources, please refer to the metadata.",7.1,2.8,"Source: Joint Child Malnutrition Estimates (2021 Edition), United Nations Children's Fund (UNICEF), World Health Organisation (WHO) and the World Bank Group.",5.0
2011,0,M,"Figure is a modelled estimate. For primary sources, please refer to the metadata.",6.2,3.7,"Source: Joint Child Malnutrition Estimates (2021 Edition), United Nations Children's Fund (UNICEF), World Health Organisation (WHO) and the World Bank Group.",Proportion of children moderately or severely overweight [2.2.2],Percent,Units,Modeled,"The estimates for the year 2020 do not account for the full impact of COVID-19.  Household survey data on child height and age were not collected in 2020 due to physical distancing policies. One of the covariates used in the country model takes the impact of COVID-19 partially into account. , Figure is a modelled estimate. For primary sources, please refer to the metadata.",7.1,2.8,"Source: Joint Child Malnutrition Estimates (2021 Edition), United Nations Children's Fund (UNICEF), World Health Organisation (WHO) and the World Bank Group.",4.8
2012,0,M,"Figure is a modelled estimate. For primary sources, please refer to the metadata.",6,3.5,"Source: Joint Child Malnutrition Estimates (2021 Edition), United Nations Children's Fund (UNICEF), World Health Organisation (WHO) and the World Bank Group.",Proportion of children moderately or severely overweight [2.2.2],Percent,Units,Modeled,"The estimates for the year 2020 do not account for the full impact of COVID-19.  Household survey data on child height and age were not collected in 2020 due to physical distancing policies. One of the covariates used in the country model takes the impact of COVID-19 partially into account. , Figure is a modelled estimate. For primary sources, please refer to the metadata.",7.1,2.8,"Source: Joint Child Malnutrition Estimates (2021 Edition), United Nations Children's Fund (UNICEF), World Health Organisation (WHO) and the World Bank Group.",4.6
2013,0,M,"Figure is a modelled estimate. For primary sources, please refer to the metadata.",5.9,3.3,"Source: Joint Child Malnutrition Estimates (2021 Edition), United Nations Children's Fund (UNICEF), World Health Organisation (WHO) and the World Bank Group.",Proportion of children moderately or severely overweight [2.2.2],Percent,Units,Modeled,"The estimates for the year 2020 do not account for the full impact of COVID-19.  Household survey data on child height and age were not collected in 2020 due to physical distancing policies. One of the covariates used in the country model takes the impact of COVID-19 partially into account. , Figure is a modelled estimate. For primary sources, please refer to the metadata.",7.1,2.8,"Source: Joint Child Malnutrition Estimates (2021 Edition), United Nations Children's Fund (UNICEF), World Health Organisation (WHO) and the World Bank Group.",4.5
2014,0,M,"Figure is a modelled estimate. For primary sources, please refer to the metadata.",5.9,3.2,"Source: Joint Child Malnutrition Estimates (2021 Edition), United Nations Children's Fund (UNICEF), World Health Organisation (WHO) and the World Bank Group.",Proportion of children moderately or severely overweight [2.2.2],Percent,Units,Modeled,"The estimates for the year 2020 do not account for the full impact of COVID-19.  Household survey data on child height and age were not collected in 2020 due to physical distancing policies. One of the covariates used in the country model takes the impact of COVID-19 partially into account. , Figure is a modelled estimate. For primary sources, please refer to the metadata.",7.1,2.8,"Source: Joint Child Malnutrition Estimates (2021 Edition), United Nations Children's Fund (UNICEF), World Health Organisation (WHO) and the World Bank Group.",4.3
2015,0,M,"Figure is a modelled estimate. For primary sources, please refer to the metadata.",6,3.1,"Source: Joint Child Malnutrition Estimates (2021 Edition), United Nations Children's Fund (UNICEF), World Health Organisation (WHO) and the World Bank Group.",Proportion of children moderately or severely overweight [2.2.2],Percent,Units,Modeled,"The estimates for the year 2020 do not account for the full impact of COVID-19.  Household survey data on child height and age were not collected in 2020 due to physical distancing policies. One of the covariates used in the country model takes the impact of COVID-19 partially into account. , Figure is a modelled estimate. For primary sources, please refer to the metadata.",7.1,2.8,"Source: Joint Child Malnutrition Estimates (2021 Edition), United Nations Children's Fund (UNICEF), World Health Organisation (WHO) and the World Bank Group.",4.3
2016,0,M,"Figure is a modelled estimate. For primary sources, please refer to the metadata.",6.1,3,"Source: Joint Child Malnutrition Estimates (2021 Edition), United Nations Children's Fund (UNICEF), World Health Organisation (WHO) and the World Bank Group.",Proportion of children moderately or severely overweight [2.2.2],Percent,Units,Modeled,"The estimates for the year 2020 do not account for the full impact of COVID-19.  Household survey data on child height and age were not collected in 2020 due to physical distancing policies. One of the covariates used in the country model takes the impact of COVID-19 partially into account. , Figure is a modelled estimate. For primary sources, please refer to the metadata.",7.1,2.8,"Source: Joint Child Malnutrition Estimates (2021 Edition), United Nations Children's Fund (UNICEF), World Health Organisation (WHO) and the World Bank Group.",4.3
2017,0,M,"Figure is a modelled estimate. For primary sources, please refer to the metadata.",6.3,2.9,"Source: Joint Child Malnutrition Estimates (2021 Edition), United Nations Children's Fund (UNICEF), World Health Organisation (WHO) and the World Bank Group.",Proportion of children moderately or severely overweight [2.2.2],Percent,Units,Modeled,"The estimates for the year 2020 do not account for the full impact of COVID-19.  Household survey data on child height and age were not collected in 2020 due to physical distancing policies. One of the covariates used in the country model takes the impact of COVID-19 partially into account. , Figure is a modelled estimate. For primary sources, please refer to the metadata.",7.1,2.8,"Source: Joint Child Malnutrition Estimates (2021 Edition), United Nations Children's Fund (UNICEF), World Health Organisation (WHO) and the World Bank Group.",4.3
2018,0,M,"Figure is a modelled estimate. For primary sources, please refer to the metadata.",6.5,2.9,"Source: Joint Child Malnutrition Estimates (2021 Edition), United Nations Children's Fund (UNICEF), World Health Organisation (WHO) and the World Bank Group.",Proportion of children moderately or severely overweight [2.2.2],Percent,Units,Modeled,"The estimates for the year 2020 do not account for the full impact of COVID-19.  Household survey data on child height and age were not collected in 2020 due to physical distancing policies. One of the covariates used in the country model takes the impact of COVID-19 partially into account. , Figure is a modelled estimate. For primary sources, please refer to the metadata.",7.1,2.8,"Source: Joint Child Malnutrition Estimates (2021 Edition), United Nations Children's Fund (UNICEF), World Health Organisation (WHO) and the World Bank Group.",4.3
2019,0,M,"Figure is a modelled estimate. For primary sources, please refer to the metadata.",6.8,2.8,"Source: Joint Child Malnutrition Estimates (2021 Edition), United Nations Children's Fund (UNICEF), World Health Organisation (WHO) and the World Bank Group.",Proportion of children moderately or severely overweight [2.2.2],Percent,Units,Modeled,"The estimates for the year 2020 do not account for the full impact of COVID-19.  Household survey data on child height and age were not collected in 2020 due to physical distancing policies. One of the covariates used in the country model takes the impact of COVID-19 partially into account. , Figure is a modelled estimate. For primary sources, please refer to the metadata.",7.1,2.8,"Source: Joint Child Malnutrition Estimates (2021 Edition), United Nations Children's Fund (UNICEF), World Health Organisation (WHO) and the World Bank Group.",4.4
2020,0,M,"The estimates for the year 2020 do not account for the full impact of COVID-19.  Household survey data on child height and age were not collected in 2020 due to physical distancing policies. One of the covariates used in the country model takes the impact of COVID-19 partially into account. , Figure is a modelled estimate. For primary sources, please refer to the metadata.",7.1,2.8,"Source: Joint Child Malnutrition Estimates (2021 Edition), United Nations Children's Fund (UNICEF), World Health Organisation (WHO) and the World Bank Group.",Proportion of children moderately or severely overweight [2.2.2],Percent,Units,Modeled,"The estimates for the year 2020 do not account for the full impact of COVID-19.  Household survey data on child height and age were not collected in 2020 due to physical distancing policies. One of the covariates used in the country model takes the impact of COVID-19 partially into account. , Figure is a modelled estimate. For primary sources, please refer to the metadata.",7.1,2.8,"Source: Joint Child Malnutrition Estimates (2021 Edition), United Nations Children's Fund (UNICEF), World Health Organisation (WHO) and the World Bank Group.",4.5
2000,3,M,"Figure is a modelled estimate. For primary sources, please refer to the metadata.",455.5,312,"Source: Joint Child Malnutrition Estimates (2021 Edition), United Nations Children's Fund (UNICEF), World Health Organisation (WHO) and the World Bank Group.",Children moderately or severely overweight (number) [2.2.2],Number,Thousands,Modeled,"The estimates for the year 2020 do not account for the full impact of COVID-19.  Household survey data on child height and age were not collected in 2020 due to physical distancing policies. One of the covariates used in the country model takes the impact of COVID-19 partially into account. , Figure is a modelled estimate. For primary sources, please refer to the metadata.",499.5,197.1,"Source: Joint Child Malnutrition Estimates (2021 Edition), United Nations Children's Fund (UNICEF), World Health Organisation (WHO) and the World Bank Group.",377.5
2001,3,M,"Figure is a modelled estimate. For primary sources, please refer to the metadata.",488.4,336.1,"Source: Joint Child Malnutrition Estimates (2021 Edition), United Nations Children's Fund (UNICEF), World Health Organisation (WHO) and the World Bank Group.",Children moderately or severely overweight (number) [2.2.2],Number,Thousands,Modeled,"The estimates for the year 2020 do not account for the full impact of COVID-19.  Household survey data on child height and age were not collected in 2020 due to physical distancing policies. One of the covariates used in the country model takes the impact of COVID-19 partially into account. , Figure is a modelled estimate. For primary sources, please refer to the metadata.",499.5,197.1,"Source: Joint Child Malnutrition Estimates (2021 Edition), United Nations Children's Fund (UNICEF), World Health Organisation (WHO) and the World Bank Group.",405.7
2002,3,M,"Figure is a modelled estimate. For primary sources, please refer to the metadata.",508.6,350.8,"Source: Joint Child Malnutrition Estimates (2021 Edition), United Nations Children's Fund (UNICEF), World Health Organisation (WHO) and the World Bank Group.",Children moderately or severely overweight (number) [2.2.2],Number,Thousands,Modeled,"The estimates for the year 2020 do not account for the full impact of COVID-19.  Household survey data on child height and age were not collected in 2020 due to physical distancing policies. One of the covariates used in the country model takes the impact of COVID-19 partially into account. , Figure is a modelled estimate. For primary sources, please refer to the metadata.",499.5,197.1,"Source: Joint Child Malnutrition Estimates (2021 Edition), United Nations Children's Fund (UNICEF), World Health Organisation (WHO) and the World Bank Group.",422.9
2003,3,M,"Figure is a modelled estimate. For primary sources, please refer to the metadata.",516.7,355.7,"Source: Joint Child Malnutrition Estimates (2021 Edition), United Nations Children's Fund (UNICEF), World Health Organisation (WHO) and the World Bank Group.",Children moderately or severely overweight (number) [2.2.2],Number,Thousands,Modeled,"The estimates for the year 2020 do not account for the full impact of COVID-19.  Household survey data on child height and age were not collected in 2020 due to physical distancing policies. One of the covariates used in the country model takes the impact of COVID-19 partially into account. , Figure is a modelled estimate. For primary sources, please refer to the metadata.",499.5,197.1,"Source: Joint Child Malnutrition Estimates (2021 Edition), United Nations Children's Fund (UNICEF), World Health Organisation (WHO) and the World Bank Group.",429.3
2004,3,M,"Figure is a modelled estimate. For primary sources, please refer to the metadata.",515.3,352.9,"Source: Joint Child Malnutrition Estimates (2021 Edition), United Nations Children's Fund (UNICEF), World Health Organisation (WHO) and the World Bank Group.",Children moderately or severely overweight (number) [2.2.2],Number,Thousands,Modeled,"The estimates for the year 2020 do not account for the full impact of COVID-19.  Household survey data on child height and age were not collected in 2020 due to physical distancing policies. One of the covariates used in the country model takes the impact of COVID-19 partially into account. , Figure is a modelled estimate. For primary sources, please refer to the metadata.",499.5,197.1,"Source: Joint Child Malnutrition Estimates (2021 Edition), United Nations Children's Fund (UNICEF), World Health Organisation (WHO) and the World Bank Group.",427.0
2005,3,M,"Figure is a modelled estimate. For primary sources, please refer to the metadata.",506.7,344.9,"Source: Joint Child Malnutrition Estimates (2021 Edition), United Nations Children's Fund (UNICEF), World Health Organisation (WHO) and the World Bank Group.",Children moderately or severely overweight (number) [2.2.2],Number,Thousands,Modeled,"The estimates for the year 2020 do not account for the full impact of COVID-19.  Household survey data on child height and age were not collected in 2020 due to physical distancing policies. One of the covariates used in the country model takes the impact of COVID-19 partially into account. , Figure is a modelled estimate. For primary sources, please refer to the metadata.",499.5,197.1,"Source: Joint Child Malnutrition Estimates (2021 Edition), United Nations Children's Fund (UNICEF), World Health Organisation (WHO) and the World Bank Group.",418.6
2006,3,M,"Figure is a modelled estimate. For primary sources, please refer to the metadata.",491.1,331,"Source: Joint Child Malnutrition Estimates (2021 Edition), United Nations Children's Fund (UNICEF), World Health Organisation (WHO) and the World Bank Group.",Children moderately or severely overweight (number) [2.2.2],Number,Thousands,Modeled,"The estimates for the year 2020 do not account for the full impact of COVID-19.  Household survey data on child height and age were not collected in 2020 due to physical distancing policies. One of the covariates used in the country model takes the impact of COVID-19 partially into account. , Figure is a modelled estimate. For primary sources, please refer to the metadata.",499.5,197.1,"Source: Joint Child Malnutrition Estimates (2021 Edition), United Nations Children's Fund (UNICEF), World Health Organisation (WHO) and the World Bank Group.",403.7
2007,3,M,"Figure is a modelled estimate. For primary sources, please refer to the metadata.",475.5,315.3,"Source: Joint Child Malnutrition Estimates (2021 Edition), United Nations Children's Fund (UNICEF), World Health Organisation (WHO) and the World Bank Group.",Children moderately or severely overweight (number) [2.2.2],Number,Thousands,Modeled,"The estimates for the year 2020 do not account for the full impact of COVID-19.  Household survey data on child height and age were not collected in 2020 due to physical distancing policies. One of the covariates used in the country model takes the impact of COVID-19 partially into account. , Figure is a modelled estimate. For primary sources, please refer to the metadata.",499.5,197.1,"Source: Joint Child Malnutrition Estimates (2021 Edition), United Nations Children's Fund (UNICEF), World Health Organisation (WHO) and the World Bank Group.",387.7
2008,3,M,"Figure is a modelled estimate. For primary sources, please refer to the metadata.",461.2,299.7,"Source: Joint Child Malnutrition Estimates (2021 Edition), United Nations Children's Fund (UNICEF), World Health Organisation (WHO) and the World Bank Group.",Children moderately or severely overweight (number) [2.2.2],Number,Thousands,Modeled,"The estimates for the year 2020 do not account for the full impact of COVID-19.  Household survey data on child height and age were not collected in 2020 due to physical distancing policies. One of the covariates used in the country model takes the impact of COVID-19 partially into account. , Figure is a modelled estimate. For primary sources, please refer to the metadata.",499.5,197.1,"Source: Joint Child Malnutrition Estimates (2021 Edition), United Nations Children's Fund (UNICEF), World Health Organisation (WHO) and the World Bank Group.",372.3
2009,3,M,"Figure is a modelled estimate. For primary sources, please refer to the metadata.",448.1,285,"Source: Joint Child Malnutrition Estimates (2021 Edition), United Nations Children's Fund (UNICEF), World Health Organisation (WHO) and the World Bank Group.",Children moderately or severely overweight (number) [2.2.2],Number,Thousands,Modeled,"The estimates for the year 2020 do not account for the full impact of COVID-19.  Household survey data on child height and age were not collected in 2020 due to physical distancing policies. One of the covariates used in the country model takes the impact of COVID-19 partially into account. , Figure is a modelled estimate. For primary sources, please refer to the metadata.",499.5,197.1,"Source: Joint Child Malnutrition Estimates (2021 Edition), United Nations Children's Fund (UNICEF), World Health Organisation (WHO) and the World Bank Group.",357.9
2010,3,M,"Figure is a modelled estimate. For primary sources, please refer to the metadata.",436.6,270.7,"Source: Joint Child Malnutrition Estimates (2021 Edition), United Nations Children's Fund (UNICEF), World Health Organisation (WHO) and the World Bank Group.",Children moderately or severely overweight (number) [2.2.2],Number,Thousands,Modeled,"The estimates for the year 2020 do not account for the full impact of COVID-19.  Household survey data on child height and age were not collected in 2020 due to physical distancing policies. One of the covariates used in the country model takes the impact of COVID-19 partially into account. , Figure is a modelled estimate. For primary sources, please refer to the metadata.",499.5,197.1,"Source: Joint Child Malnutrition Estimates (2021 Edition), United Nations Children's Fund (UNICEF), World Health Organisation (WHO) and the World Bank Group.",344.3
2011,3,M,"Figure is a modelled estimate. For primary sources, please refer to the metadata.",429.2,257.8,"Source: Joint Child Malnutrition Estimates (2021 Edition), United Nations Children's Fund (UNICEF), World Health Organisation (WHO) and the World Bank Group.",Children moderately or severely overweight (number) [2.2.2],Number,Thousands,Modeled,"The estimates for the year 2020 do not account for the full impact of COVID-19.  Household survey data on child height and age were not collected in 2020 due to physical distancing policies. One of the covariates used in the country model takes the impact of COVID-19 partially into account. , Figure is a modelled estimate. For primary sources, please refer to the metadata.",499.5,197.1,"Source: Joint Child Malnutrition Estimates (2021 Edition), United Nations Children's Fund (UNICEF), World Health Organisation (WHO) and the World Bank Group.",333.2
2012,3,M,"Figure is a modelled estimate. For primary sources, please refer to the metadata.",422.8,245.1,"Source: Joint Child Malnutrition Estimates (2021 Edition), United Nations Children's Fund (UNICEF), World Health Organisation (WHO) and the World Bank Group.",Children moderately or severely overweight (number) [2.2.2],Number,Thousands,Modeled,"The estimates for the year 2020 do not account for the full impact of COVID-19.  Household survey data on child height and age were not collected in 2020 due to physical distancing policies. One of the covariates used in the country model takes the impact of COVID-19 partially into account. , Figure is a modelled estimate. For primary sources, please refer to the metadata.",499.5,197.1,"Source: Joint Child Malnutrition Estimates (2021 Edition), United Nations Children's Fund (UNICEF), World Health Organisation (WHO) and the World Bank Group.",322.5
2013,3,M,"Figure is a modelled estimate. For primary sources, please refer to the metadata.",418.2,233.4,"Source: Joint Child Malnutrition Estimates (2021 Edition), United Nations Children's Fund (UNICEF), World Health Organisation (WHO) and the World Bank Group.",Children moderately or severely overweight (number) [2.2.2],Number,Thousands,Modeled,"The estimates for the year 2020 do not account for the full impact of COVID-19.  Household survey data on child height and age were not collected in 2020 due to physical distancing policies. One of the covariates used in the country model takes the impact of COVID-19 partially into account. , Figure is a modelled estimate. For primary sources, please refer to the metadata.",499.5,197.1,"Source: Joint Child Malnutrition Estimates (2021 Edition), United Nations Children's Fund (UNICEF), World Health Organisation (WHO) and the World Bank Group.",313.1
2014,3,M,"Figure is a modelled estimate. For primary sources, please refer to the metadata.",417.1,223.4,"Source: Joint Child Malnutrition Estimates (2021 Edition), United Nations Children's Fund (UNICEF), World Health Organisation (WHO) and the World Bank Group.",Children moderately or severely overweight (number) [2.2.2],Number,Thousands,Modeled,"The estimates for the year 2020 do not account for the full impact of COVID-19.  Household survey data on child height and age were not collected in 2020 due to physical distancing policies. One of the covariates used in the country model takes the impact of COVID-19 partially into account. , Figure is a modelled estimate. For primary sources, please refer to the metadata.",499.5,197.1,"Source: Joint Child Malnutrition Estimates (2021 Edition), United Nations Children's Fund (UNICEF), World Health Organisation (WHO) and the World Bank Group.",306.0
2015,3,M,"Figure is a modelled estimate. For primary sources, please refer to the metadata.",420.8,215.3,"Source: Joint Child Malnutrition Estimates (2021 Edition), United Nations Children's Fund (UNICEF), World Health Organisation (WHO) and the World Bank Group.",Children moderately or severely overweight (number) [2.2.2],Number,Thousands,Modeled,"The estimates for the year 2020 do not account for the full impact of COVID-19.  Household survey data on child height and age were not collected in 2020 due to physical distancing policies. One of the covariates used in the country model takes the impact of COVID-19 partially into account. , Figure is a modelled estimate. For primary sources, please refer to the metadata.",499.5,197.1,"Source: Joint Child Malnutrition Estimates (2021 Edition), United Nations Children's Fund (UNICEF), World Health Organisation (WHO) and the World Bank Group.",301.7
2016,3,M,"Figure is a modelled estimate. For primary sources, please refer to the metadata.",427.2,208.1,"Source: Joint Child Malnutrition Estimates (2021 Edition), United Nations Children's Fund (UNICEF), World Health Organisation (WHO) and the World Bank Group.",Children moderately or severely overweight (number) [2.2.2],Number,Thousands,Modeled,"The estimates for the year 2020 do not account for the full impact of COVID-19.  Household survey data on child height and age were not collected in 2020 due to physical distancing policies. One of the covariates used in the country model takes the impact of COVID-19 partially into account. , Figure is a modelled estimate. For primary sources, please refer to the metadata.",499.5,197.1,"Source: Joint Child Malnutrition Estimates (2021 Edition), United Nations Children's Fund (UNICEF), World Health Organisation (WHO) and the World Bank Group.",299.0
2017,3,M,"Figure is a modelled estimate. For primary sources, please refer to the metadata.",438,203,"Source: Joint Child Malnutrition Estimates (2021 Edition), United Nations Children's Fund (UNICEF), World Health Organisation (WHO) and the World Bank Group.",Children moderately or severely overweight (number) [2.2.2],Number,Thousands,Modeled,"The estimates for the year 2020 do not account for the full impact of COVID-19.  Household survey data on child height and age were not collected in 2020 due to physical distancing policies. One of the covariates used in the country model takes the impact of COVID-19 partially into account. , Figure is a modelled estimate. For primary sources, please refer to the metadata.",499.5,197.1,"Source: Joint Child Malnutrition Estimates (2021 Edition), United Nations Children's Fund (UNICEF), World Health Organisation (WHO) and the World Bank Group.",299.2
2018,3,M,"Figure is a modelled estimate. For primary sources, please refer to the metadata.",453.6,199.8,"Source: Joint Child Malnutrition Estimates (2021 Edition), United Nations Children's Fund (UNICEF), World Health Organisation (WHO) and the World Bank Group.",Children moderately or severely overweight (number) [2.2.2],Number,Thousands,Modeled,"The estimates for the year 2020 do not account for the full impact of COVID-19.  Household survey data on child height and age were not collected in 2020 due to physical distancing policies. One of the covariates used in the country model takes the impact of COVID-19 partially into account. , Figure is a modelled estimate. For primary sources, please refer to the metadata.",499.5,197.1,"Source: Joint Child Malnutrition Estimates (2021 Edition), United Nations Children's Fund (UNICEF), World Health Organisation (WHO) and the World Bank Group.",302.2
2019,3,M,"Figure is a modelled estimate. For primary sources, please refer to the metadata.",474.2,198,"Source: Joint Child Malnutrition Estimates (2021 Edition), United Nations Children's Fund (UNICEF), World Health Organisation (WHO) and the World Bank Group.",Children moderately or severely overweight (number) [2.2.2],Number,Thousands,Modeled,"The estimates for the year 2020 do not account for the full impact of COVID-19.  Household survey data on child height and age were not collected in 2020 due to physical distancing policies. One of the covariates used in the country model takes the impact of COVID-19 partially into account. , Figure is a modelled estimate. For primary sources, please refer to the metadata.",499.5,197.1,"Source: Joint Child Malnutrition Estimates (2021 Edition), United Nations Children's Fund (UNICEF), World Health Organisation (WHO) and the World Bank Group.",307.8
2020,3,M,"The estimates for the year 2020 do not account for the full impact of COVID-19.  Household survey data on child height and age were not collected in 2020 due to physical distancing policies. One of the covariates used in the country model takes the impact of COVID-19 partially into account. , Figure is a modelled estimate. For primary sources, please refer to the metadata.",499.5,197.1,"Source: Joint Child Malnutrition Estimates (2021 Edition), United Nations Children's Fund (UNICEF), World Health Organisation (WHO) and the World Bank Group.",Children moderately or severely overweight (number) [2.2.2],Number,Thousands,Modeled,"The estimates for the year 2020 do not account for the full impact of COVID-19.  Household survey data on child height and age were not collected in 2020 due to physical distancing policies. One of the covariates used in the country model takes the impact of COVID-19 partially into account. , Figure is a modelled estimate. For primary sources, please refer to the metadata.",499.5,197.1,"Source: Joint Child Malnutrition Estimates (2021 Edition), United Nations Children's Fund (UNICEF), World Health Organisation (WHO) and the World Bank Group.",315.4
