Year,UPPER_BOUND,LOWER_BOUND,SDG Series,Sex,Age,Composite breakdown,Unit of measure,Upper bound value,Lower bound value,Value
2000,16619,6333,Deaths attributed non-communicable diseases (number) [3.4.1],,,Non-communicable disease: Cardiovascular disease,Number,21467,8541,10674.0
2005,16725,6866,Deaths attributed non-communicable diseases (number) [3.4.1],,,Non-communicable disease: Cardiovascular disease,Number,21467,8541,11123.0
2010,18134,7337,Deaths attributed non-communicable diseases (number) [3.4.1],,,Non-communicable disease: Cardiovascular disease,Number,21467,8541,11990.0
2015,19851,8161,Deaths attributed non-communicable diseases (number) [3.4.1],,,Non-communicable disease: Cardiovascular disease,Number,21467,8541,13198.0
2019,21467,8541,Deaths attributed non-communicable diseases (number) [3.4.1],,,Non-communicable disease: Cardiovascular disease,Number,21467,8541,14108.0
2000,5754,2297,Deaths attributed non-communicable diseases (number) [3.4.1],,,Non-communicable disease: Cancer,Number,12068,4546,3744.0
2005,7464,3151,Deaths attributed non-communicable diseases (number) [3.4.1],,,Non-communicable disease: Cancer,Number,12068,4546,4960.0
2010,8270,3388,Deaths attributed non-communicable diseases (number) [3.4.1],,,Non-communicable disease: Cancer,Number,12068,4546,5437.0
2015,10351,4123,Deaths attributed non-communicable diseases (number) [3.4.1],,,Non-communicable disease: Cancer,Number,12068,4546,6753.0
2019,12068,4546,Deaths attributed non-communicable diseases (number) [3.4.1],,,Non-communicable disease: Cancer,Number,12068,4546,7729.0
2000,3374,1076,Deaths attributed non-communicable diseases (number) [3.4.1],,,Non-communicable disease: Chronic respiratory disease,Number,4059,1349,2001.0
2005,3472,1159,Deaths attributed non-communicable diseases (number) [3.4.1],,,Non-communicable disease: Chronic respiratory disease,Number,4059,1349,2100.0
2010,3619,1211,Deaths attributed non-communicable diseases (number) [3.4.1],,,Non-communicable disease: Chronic respiratory disease,Number,4059,1349,2198.0
2015,3903,1321,Deaths attributed non-communicable diseases (number) [3.4.1],,,Non-communicable disease: Chronic respiratory disease,Number,4059,1349,2369.0
2019,4059,1349,Deaths attributed non-communicable diseases (number) [3.4.1],,,Non-communicable disease: Chronic respiratory disease,Number,4059,1349,2460.0
2000,3275,1148,Deaths attributed non-communicable diseases (number) [3.4.1],,,Non-communicable disease: Diabetes,Number,4931,1758,2020.0
2005,3575,1358,Deaths attributed non-communicable diseases (number) [3.4.1],,,Non-communicable disease: Diabetes,Number,4931,1758,2277.0
2010,3951,1484,Deaths attributed non-communicable diseases (number) [3.4.1],,,Non-communicable disease: Diabetes,Number,4931,1758,2510.0
2015,4469,1656,Deaths attributed non-communicable diseases (number) [3.4.1],,,Non-communicable disease: Diabetes,Number,4931,1758,2815.0
2019,4931,1758,Deaths attributed non-communicable diseases (number) [3.4.1],,,Non-communicable disease: Diabetes,Number,4931,1758,3089.0
2000,8563,3328,Deaths attributed non-communicable diseases (number) [3.4.1],Female,,Non-communicable disease: Cardiovascular disease,Number,12011,4929,5574.0
2005,8805,3678,Deaths attributed non-communicable diseases (number) [3.4.1],Female,,Non-communicable disease: Cardiovascular disease,Number,12011,4929,5927.0
2010,9739,4058,Deaths attributed non-communicable diseases (number) [3.4.1],Female,,Non-communicable disease: Cardiovascular disease,Number,12011,4929,6541.0
2015,10994,4646,Deaths attributed non-communicable diseases (number) [3.4.1],Female,,Non-communicable disease: Cardiovascular disease,Number,12011,4929,7428.0
2019,12011,4929,Deaths attributed non-communicable diseases (number) [3.4.1],Female,,Non-communicable disease: Cardiovascular disease,Number,12011,4929,8016.0
2000,3389,1339,Deaths attributed non-communicable diseases (number) [3.4.1],Female,,Non-communicable disease: Cancer,Number,7327,2797,2195.0
2005,4397,1884,Deaths attributed non-communicable diseases (number) [3.4.1],Female,,Non-communicable disease: Cancer,Number,7327,2797,2940.0
2010,4875,2039,Deaths attributed non-communicable diseases (number) [3.4.1],Female,,Non-communicable disease: Cancer,Number,7327,2797,3232.0
2015,6206,2506,Deaths attributed non-communicable diseases (number) [3.4.1],Female,,Non-communicable disease: Cancer,Number,7327,2797,4072.0
2019,7327,2797,Deaths attributed non-communicable diseases (number) [3.4.1],Female,,Non-communicable disease: Cancer,Number,7327,2797,4717.0
2000,1569,476,Deaths attributed non-communicable diseases (number) [3.4.1],Female,,Non-communicable disease: Chronic respiratory disease,Number,2024,643,913.0
2005,1664,526,Deaths attributed non-communicable diseases (number) [3.4.1],Female,,Non-communicable disease: Chronic respiratory disease,Number,2024,643,983.0
2010,1746,561,Deaths attributed non-communicable diseases (number) [3.4.1],Female,,Non-communicable disease: Chronic respiratory disease,Number,2024,643,1041.0
2015,1938,622,Deaths attributed non-communicable diseases (number) [3.4.1],Female,,Non-communicable disease: Chronic respiratory disease,Number,2024,643,1151.0
2019,2024,643,Deaths attributed non-communicable diseases (number) [3.4.1],Female,,Non-communicable disease: Chronic respiratory disease,Number,2024,643,1201.0
2000,1725,611,Deaths attributed non-communicable diseases (number) [3.4.1],Female,,Non-communicable disease: Diabetes,Number,2879,1050,1065.0
2005,1959,749,Deaths attributed non-communicable diseases (number) [3.4.1],Female,,Non-communicable disease: Diabetes,Number,2879,1050,1251.0
2010,2192,838,Deaths attributed non-communicable diseases (number) [3.4.1],Female,,Non-communicable disease: Diabetes,Number,2879,1050,1405.0
2015,2576,972,Deaths attributed non-communicable diseases (number) [3.4.1],Female,,Non-communicable disease: Diabetes,Number,2879,1050,1638.0
2019,2879,1050,Deaths attributed non-communicable diseases (number) [3.4.1],Female,,Non-communicable disease: Diabetes,Number,2879,1050,1822.0
2000,8056,3005,Deaths attributed non-communicable diseases (number) [3.4.1],Male,,Non-communicable disease: Cardiovascular disease,Number,9456,3612,5100.0
2005,7921,3188,Deaths attributed non-communicable diseases (number) [3.4.1],Male,,Non-communicable disease: Cardiovascular disease,Number,9456,3612,5196.0
2010,8395,3280,Deaths attributed non-communicable diseases (number) [3.4.1],Male,,Non-communicable disease: Cardiovascular disease,Number,9456,3612,5449.0
2015,8858,3515,Deaths attributed non-communicable diseases (number) [3.4.1],Male,,Non-communicable disease: Cardiovascular disease,Number,9456,3612,5770.0
2019,9456,3612,Deaths attributed non-communicable diseases (number) [3.4.1],Male,,Non-communicable disease: Cardiovascular disease,Number,9456,3612,6091.0
2000,2365,958,Deaths attributed non-communicable diseases (number) [3.4.1],Male,,Non-communicable disease: Cancer,Number,4741,1749,1548.0
2005,3067,1267,Deaths attributed non-communicable diseases (number) [3.4.1],Male,,Non-communicable disease: Cancer,Number,4741,1749,2020.0
2010,3395,1349,Deaths attributed non-communicable diseases (number) [3.4.1],Male,,Non-communicable disease: Cancer,Number,4741,1749,2205.0
2015,4145,1618,Deaths attributed non-communicable diseases (number) [3.4.1],Male,,Non-communicable disease: Cancer,Number,4741,1749,2682.0
2019,4741,1749,Deaths attributed non-communicable diseases (number) [3.4.1],Male,,Non-communicable disease: Cancer,Number,4741,1749,3011.0
2000,1805,600,Deaths attributed non-communicable diseases (number) [3.4.1],Male,,Non-communicable disease: Chronic respiratory disease,Number,2035,706,1088.0
2005,1809,633,Deaths attributed non-communicable diseases (number) [3.4.1],Male,,Non-communicable disease: Chronic respiratory disease,Number,2035,706,1117.0
2010,1873,650,Deaths attributed non-communicable diseases (number) [3.4.1],Male,,Non-communicable disease: Chronic respiratory disease,Number,2035,706,1157.0
2015,1964,698,Deaths attributed non-communicable diseases (number) [3.4.1],Male,,Non-communicable disease: Chronic respiratory disease,Number,2035,706,1218.0
2019,2035,706,Deaths attributed non-communicable diseases (number) [3.4.1],Male,,Non-communicable disease: Chronic respiratory disease,Number,2035,706,1260.0
2000,1550,537,Deaths attributed non-communicable diseases (number) [3.4.1],Male,,Non-communicable disease: Diabetes,Number,2052,708,955.0
2005,1616,609,Deaths attributed non-communicable diseases (number) [3.4.1],Male,,Non-communicable disease: Diabetes,Number,2052,708,1027.0
2010,1759,646,Deaths attributed non-communicable diseases (number) [3.4.1],Male,,Non-communicable disease: Diabetes,Number,2052,708,1104.0
2015,1893,684,Deaths attributed non-communicable diseases (number) [3.4.1],Male,,Non-communicable disease: Diabetes,Number,2052,708,1177.0
2019,2052,708,Deaths attributed non-communicable diseases (number) [3.4.1],Male,,Non-communicable disease: Diabetes,Number,2052,708,1267.0
2000,32.8,13.4,"Mortality rate attributed to cardiovascular disease, cancer, diabetes or chronic respiratory disease [3.4.1]",,30 to exact 70 years old,,Percent,28.8,11.9,22.2
2005,31,14,"Mortality rate attributed to cardiovascular disease, cancer, diabetes or chronic respiratory disease [3.4.1]",,30 to exact 70 years old,,Percent,28.8,11.9,21.7
2010,29.8,13,"Mortality rate attributed to cardiovascular disease, cancer, diabetes or chronic respiratory disease [3.4.1]",,30 to exact 70 years old,,Percent,28.8,11.9,20.6
2015,29.4,12.8,"Mortality rate attributed to cardiovascular disease, cancer, diabetes or chronic respiratory disease [3.4.1]",,30 to exact 70 years old,,Percent,28.8,11.9,20.3
2019,28.8,11.9,"Mortality rate attributed to cardiovascular disease, cancer, diabetes or chronic respiratory disease [3.4.1]",,30 to exact 70 years old,,Percent,28.8,11.9,19.5
2000,32,13.2,"Mortality rate attributed to cardiovascular disease, cancer, diabetes or chronic respiratory disease [3.4.1]",Female,30 to exact 70 years old,,Percent,29,12.2,21.7
2005,30.6,13.9,"Mortality rate attributed to cardiovascular disease, cancer, diabetes or chronic respiratory disease [3.4.1]",Female,30 to exact 70 years old,,Percent,29,12.2,21.5
2010,29.5,13.1,"Mortality rate attributed to cardiovascular disease, cancer, diabetes or chronic respiratory disease [3.4.1]",Female,30 to exact 70 years old,,Percent,29,12.2,20.6
2015,29.6,13.1,"Mortality rate attributed to cardiovascular disease, cancer, diabetes or chronic respiratory disease [3.4.1]",Female,30 to exact 70 years old,,Percent,29,12.2,20.6
2019,29,12.2,"Mortality rate attributed to cardiovascular disease, cancer, diabetes or chronic respiratory disease [3.4.1]",Female,30 to exact 70 years old,,Percent,29,12.2,19.9
2000,33.6,13.7,"Mortality rate attributed to cardiovascular disease, cancer, diabetes or chronic respiratory disease [3.4.1]",Male,30 to exact 70 years old,,Percent,28.4,11.5,22.7
2005,31.5,14,"Mortality rate attributed to cardiovascular disease, cancer, diabetes or chronic respiratory disease [3.4.1]",Male,30 to exact 70 years old,,Percent,28.4,11.5,21.9
2010,30.3,12.9,"Mortality rate attributed to cardiovascular disease, cancer, diabetes or chronic respiratory disease [3.4.1]",Male,30 to exact 70 years old,,Percent,28.4,11.5,20.7
2015,29.2,12.5,"Mortality rate attributed to cardiovascular disease, cancer, diabetes or chronic respiratory disease [3.4.1]",Male,30 to exact 70 years old,,Percent,28.4,11.5,19.9
2019,28.4,11.5,"Mortality rate attributed to cardiovascular disease, cancer, diabetes or chronic respiratory disease [3.4.1]",Male,30 to exact 70 years old,,Percent,28.4,11.5,19.1
