Year,COMMENT_OBS,SOURCE_DETAIL,SDG Series,Value
2001,"Survey-based estimate, using household total consumption expenditure in the denominator",Senegal - Deuxième Enquête Sénégalaise Auprès des Ménages 2001 - World Bank SHIP Harmonized Dataset,Proportion of population with large household expenditures on health (greater than 10%) as a share of total household expenditure or income [3.8.2],1.60001
2005,"Survey-based estimate, using household total consumption expenditure in the denominator",Senegal - Enquête de Suivi de la Pauvreté au Sénégal 2005 - World Bank SHIP Harmonized Dataset,Proportion of population with large household expenditures on health (greater than 10%) as a share of total household expenditure or income [3.8.2],1.38465
2011,"Survey-based estimate, using household total consumption expenditure in the denominator",Senegal - Enquête de Suivi de la Pauvreté au Sénégal 2011,Proportion of population with large household expenditures on health (greater than 10%) as a share of total household expenditure or income [3.8.2],3.32692
2001,"Survey-based estimate, using household total consumption expenditure in the denominator",Senegal - Deuxième Enquête Sénégalaise Auprès des Ménages 2001 - World Bank SHIP Harmonized Dataset,Proportion of population with large household expenditures on health (greater than 25%) as a share of total household expenditure or income [3.8.2],0.14697
2005,"Obs_Value = 0;  Survey-based estimate, using household total consumption expenditure in the denominator",Senegal - Enquête de Suivi de la Pauvreté au Sénégal 2005 - World Bank SHIP Harmonized Dataset,Proportion of population with large household expenditures on health (greater than 25%) as a share of total household expenditure or income [3.8.2],0.0
2011,"Survey-based estimate, using household total consumption expenditure in the denominator",Senegal - Enquête de Suivi de la Pauvreté au Sénégal 2011,Proportion of population with large household expenditures on health (greater than 25%) as a share of total household expenditure or income [3.8.2],0.19358
