Year,NATURE,SOURCE_DETAIL,SDG Series,Composite breakdown,Unit of measure,Nature of data points,Source details,COMMENT_OBS,Observation-level footnotes,Value
2006,E,Global Surface Water Explorer extraction for UN Environment Programme,Lakes and rivers permanent water area change (%) [6.6.1],,Percent,Estimated,Global Surface Water Explorer extraction for UN Environment Programme,,,-0.37644
2007,E,Global Surface Water Explorer extraction for UN Environment Programme,Lakes and rivers permanent water area change (%) [6.6.1],,Percent,Estimated,Global Surface Water Explorer extraction for UN Environment Programme,,,-0.60876
2008,E,Global Surface Water Explorer extraction for UN Environment Programme,Lakes and rivers permanent water area change (%) [6.6.1],,Percent,Estimated,Global Surface Water Explorer extraction for UN Environment Programme,,,-0.76809
2009,E,Global Surface Water Explorer extraction for UN Environment Programme,Lakes and rivers permanent water area change (%) [6.6.1],,Percent,Estimated,Global Surface Water Explorer extraction for UN Environment Programme,,,-0.44561
2010,E,Global Surface Water Explorer extraction for UN Environment Programme,Lakes and rivers permanent water area change (%) [6.6.1],,Percent,Estimated,Global Surface Water Explorer extraction for UN Environment Programme,,,-0.35884
2011,E,Global Surface Water Explorer extraction for UN Environment Programme,Lakes and rivers permanent water area change (%) [6.6.1],,Percent,Estimated,Global Surface Water Explorer extraction for UN Environment Programme,,,-0.08482
2012,E,Global Surface Water Explorer extraction for UN Environment Programme,Lakes and rivers permanent water area change (%) [6.6.1],,Percent,Estimated,Global Surface Water Explorer extraction for UN Environment Programme,,,0.23409
2013,E,Global Surface Water Explorer extraction for UN Environment Programme,Lakes and rivers permanent water area change (%) [6.6.1],,Percent,Estimated,Global Surface Water Explorer extraction for UN Environment Programme,,,0.66794
2014,E,Global Surface Water Explorer extraction for UN Environment Programme,Lakes and rivers permanent water area change (%) [6.6.1],,Percent,Estimated,Global Surface Water Explorer extraction for UN Environment Programme,,,0.95328
2015,E,Global Surface Water Explorer extraction for UN Environment Programme,Lakes and rivers permanent water area change (%) [6.6.1],,Percent,Estimated,Global Surface Water Explorer extraction for UN Environment Programme,,,1.67174
2016,E,Global Surface Water Explorer extraction for UN Environment Programme,Lakes and rivers permanent water area change (%) [6.6.1],,Percent,Estimated,Global Surface Water Explorer extraction for UN Environment Programme,,,2.18328
2017,E,Global Surface Water Explorer extraction for UN Environment Programme,Lakes and rivers permanent water area change (%) [6.6.1],,Percent,Estimated,Global Surface Water Explorer extraction for UN Environment Programme,,,2.57001
2018,E,Global Surface Water Explorer extraction for UN Environment Programme,Lakes and rivers permanent water area change (%) [6.6.1],,Percent,Estimated,Global Surface Water Explorer extraction for UN Environment Programme,,,2.70103
2019,E,Global Surface Water Explorer extraction for UN Environment Programme,Lakes and rivers permanent water area change (%) [6.6.1],,Percent,Estimated,Global Surface Water Explorer extraction for UN Environment Programme,,,2.92681
2020,E,Global Surface Water Explorer extraction for UN Environment Programme,Lakes and rivers permanent water area change (%) [6.6.1],,Percent,Estimated,Global Surface Water Explorer extraction for UN Environment Programme,,,3.01466
2021,E,Global Surface Water Explorer extraction for UN Environment Programme,Lakes and rivers permanent water area change (%) [6.6.1],,Percent,Estimated,Global Surface Water Explorer extraction for UN Environment Programme,,,3.59216
2000,E,Global Surface Water Explorer extraction for UN Environment Programme,Lakes and rivers permanent water area (square kilometres) [6.6.1],,Square kilometers,Estimated,Global Surface Water Explorer extraction for UN Environment Programme,,,3070.92423
2001,E,Global Surface Water Explorer extraction for UN Environment Programme,Lakes and rivers permanent water area (square kilometres) [6.6.1],,Square kilometers,Estimated,Global Surface Water Explorer extraction for UN Environment Programme,,,3095.08789
2002,E,Global Surface Water Explorer extraction for UN Environment Programme,Lakes and rivers permanent water area (square kilometres) [6.6.1],,Square kilometers,Estimated,Global Surface Water Explorer extraction for UN Environment Programme,,,4612.5586
2003,E,Global Surface Water Explorer extraction for UN Environment Programme,Lakes and rivers permanent water area (square kilometres) [6.6.1],,Square kilometers,Estimated,Global Surface Water Explorer extraction for UN Environment Programme,,,6120.08558
2004,E,Global Surface Water Explorer extraction for UN Environment Programme,Lakes and rivers permanent water area (square kilometres) [6.6.1],,Square kilometers,Estimated,Global Surface Water Explorer extraction for UN Environment Programme,,,7612.33274
2005,E,Global Surface Water Explorer extraction for UN Environment Programme,Lakes and rivers permanent water area (square kilometres) [6.6.1],,Square kilometers,Estimated,Global Surface Water Explorer extraction for UN Environment Programme,,,7564.85406
2006,E,Global Surface Water Explorer extraction for UN Environment Programme,Lakes and rivers permanent water area (square kilometres) [6.6.1],,Square kilometers,Estimated,Global Surface Water Explorer extraction for UN Environment Programme,,,7536.37697
2007,E,Global Surface Water Explorer extraction for UN Environment Programme,Lakes and rivers permanent water area (square kilometres) [6.6.1],,Square kilometers,Estimated,Global Surface Water Explorer extraction for UN Environment Programme,,,7518.80222
2008,E,Global Surface Water Explorer extraction for UN Environment Programme,Lakes and rivers permanent water area (square kilometres) [6.6.1],,Square kilometers,Estimated,Global Surface Water Explorer extraction for UN Environment Programme,,,7506.7493
2009,E,Global Surface Water Explorer extraction for UN Environment Programme,Lakes and rivers permanent water area (square kilometres) [6.6.1],,Square kilometers,Estimated,Global Surface Water Explorer extraction for UN Environment Programme,,,7531.14434
2010,E,Global Surface Water Explorer extraction for UN Environment Programme,Lakes and rivers permanent water area (square kilometres) [6.6.1],,Square kilometers,Estimated,Global Surface Water Explorer extraction for UN Environment Programme,,,7537.7087
2011,E,Global Surface Water Explorer extraction for UN Environment Programme,Lakes and rivers permanent water area (square kilometres) [6.6.1],,Square kilometers,Estimated,Global Surface Water Explorer extraction for UN Environment Programme,,,7558.43789
2012,E,Global Surface Water Explorer extraction for UN Environment Programme,Lakes and rivers permanent water area (square kilometres) [6.6.1],,Square kilometers,Estimated,Global Surface Water Explorer extraction for UN Environment Programme,,,7582.56277
2013,E,Global Surface Water Explorer extraction for UN Environment Programme,Lakes and rivers permanent water area (square kilometres) [6.6.1],,Square kilometers,Estimated,Global Surface Water Explorer extraction for UN Environment Programme,,,7615.38275
2014,E,Global Surface Water Explorer extraction for UN Environment Programme,Lakes and rivers permanent water area (square kilometres) [6.6.1],,Square kilometers,Estimated,Global Surface Water Explorer extraction for UN Environment Programme,,,7636.96799
2015,E,Global Surface Water Explorer extraction for UN Environment Programme,Lakes and rivers permanent water area (square kilometres) [6.6.1],,Square kilometers,Estimated,Global Surface Water Explorer extraction for UN Environment Programme,,,7691.31896
2016,E,Global Surface Water Explorer extraction for UN Environment Programme,Lakes and rivers permanent water area (square kilometres) [6.6.1],,Square kilometers,Estimated,Global Surface Water Explorer extraction for UN Environment Programme,,,7730.01607
2017,E,Global Surface Water Explorer extraction for UN Environment Programme,Lakes and rivers permanent water area (square kilometres) [6.6.1],,Square kilometers,Estimated,Global Surface Water Explorer extraction for UN Environment Programme,,,7759.27174
2018,E,Global Surface Water Explorer extraction for UN Environment Programme,Lakes and rivers permanent water area (square kilometres) [6.6.1],,Square kilometers,Estimated,Global Surface Water Explorer extraction for UN Environment Programme,,,7769.18281
2019,E,Global Surface Water Explorer extraction for UN Environment Programme,Lakes and rivers permanent water area (square kilometres) [6.6.1],,Square kilometers,Estimated,Global Surface Water Explorer extraction for UN Environment Programme,,,7786.26291
2020,E,Global Surface Water Explorer extraction for UN Environment Programme,Lakes and rivers permanent water area (square kilometres) [6.6.1],,Square kilometers,Estimated,Global Surface Water Explorer extraction for UN Environment Programme,,,7792.90837
2021,E,Global Surface Water Explorer extraction for UN Environment Programme,Lakes and rivers permanent water area (square kilometres) [6.6.1],,Square kilometers,Estimated,Global Surface Water Explorer extraction for UN Environment Programme,,,7836.59597
2000,E,Global Surface Water Explorer extraction for UN Environment Programme,Lakes and rivers permanent water area (% of total land area) [6.6.1],,Percent,Estimated,Global Surface Water Explorer extraction for UN Environment Programme,,,0.0054
2001,E,Global Surface Water Explorer extraction for UN Environment Programme,Lakes and rivers permanent water area (% of total land area) [6.6.1],,Percent,Estimated,Global Surface Water Explorer extraction for UN Environment Programme,,,0.00544
2002,E,Global Surface Water Explorer extraction for UN Environment Programme,Lakes and rivers permanent water area (% of total land area) [6.6.1],,Percent,Estimated,Global Surface Water Explorer extraction for UN Environment Programme,,,0.0081
2003,E,Global Surface Water Explorer extraction for UN Environment Programme,Lakes and rivers permanent water area (% of total land area) [6.6.1],,Percent,Estimated,Global Surface Water Explorer extraction for UN Environment Programme,,,0.01075
2004,E,Global Surface Water Explorer extraction for UN Environment Programme,Lakes and rivers permanent water area (% of total land area) [6.6.1],,Percent,Estimated,Global Surface Water Explorer extraction for UN Environment Programme,,,0.01338
2005,E,Global Surface Water Explorer extraction for UN Environment Programme,Lakes and rivers permanent water area (% of total land area) [6.6.1],,Percent,Estimated,Global Surface Water Explorer extraction for UN Environment Programme,,,0.01329
2006,E,Global Surface Water Explorer extraction for UN Environment Programme,Lakes and rivers permanent water area (% of total land area) [6.6.1],,Percent,Estimated,Global Surface Water Explorer extraction for UN Environment Programme,,,0.01324
2007,E,Global Surface Water Explorer extraction for UN Environment Programme,Lakes and rivers permanent water area (% of total land area) [6.6.1],,Percent,Estimated,Global Surface Water Explorer extraction for UN Environment Programme,,,0.01321
2008,E,Global Surface Water Explorer extraction for UN Environment Programme,Lakes and rivers permanent water area (% of total land area) [6.6.1],,Percent,Estimated,Global Surface Water Explorer extraction for UN Environment Programme,,,0.01319
2009,E,Global Surface Water Explorer extraction for UN Environment Programme,Lakes and rivers permanent water area (% of total land area) [6.6.1],,Percent,Estimated,Global Surface Water Explorer extraction for UN Environment Programme,,,0.01323
2010,E,Global Surface Water Explorer extraction for UN Environment Programme,Lakes and rivers permanent water area (% of total land area) [6.6.1],,Percent,Estimated,Global Surface Water Explorer extraction for UN Environment Programme,,,0.01324
2011,E,Global Surface Water Explorer extraction for UN Environment Programme,Lakes and rivers permanent water area (% of total land area) [6.6.1],,Percent,Estimated,Global Surface Water Explorer extraction for UN Environment Programme,,,0.01328
2012,E,Global Surface Water Explorer extraction for UN Environment Programme,Lakes and rivers permanent water area (% of total land area) [6.6.1],,Percent,Estimated,Global Surface Water Explorer extraction for UN Environment Programme,,,0.01332
2013,E,Global Surface Water Explorer extraction for UN Environment Programme,Lakes and rivers permanent water area (% of total land area) [6.6.1],,Percent,Estimated,Global Surface Water Explorer extraction for UN Environment Programme,,,0.01338
2014,E,Global Surface Water Explorer extraction for UN Environment Programme,Lakes and rivers permanent water area (% of total land area) [6.6.1],,Percent,Estimated,Global Surface Water Explorer extraction for UN Environment Programme,,,0.01342
2015,E,Global Surface Water Explorer extraction for UN Environment Programme,Lakes and rivers permanent water area (% of total land area) [6.6.1],,Percent,Estimated,Global Surface Water Explorer extraction for UN Environment Programme,,,0.01351
2016,E,Global Surface Water Explorer extraction for UN Environment Programme,Lakes and rivers permanent water area (% of total land area) [6.6.1],,Percent,Estimated,Global Surface Water Explorer extraction for UN Environment Programme,,,0.01358
2017,E,Global Surface Water Explorer extraction for UN Environment Programme,Lakes and rivers permanent water area (% of total land area) [6.6.1],,Percent,Estimated,Global Surface Water Explorer extraction for UN Environment Programme,,,0.01363
2018,E,Global Surface Water Explorer extraction for UN Environment Programme,Lakes and rivers permanent water area (% of total land area) [6.6.1],,Percent,Estimated,Global Surface Water Explorer extraction for UN Environment Programme,,,0.01365
2019,E,Global Surface Water Explorer extraction for UN Environment Programme,Lakes and rivers permanent water area (% of total land area) [6.6.1],,Percent,Estimated,Global Surface Water Explorer extraction for UN Environment Programme,,,0.01368
2020,E,Global Surface Water Explorer extraction for UN Environment Programme,Lakes and rivers permanent water area (% of total land area) [6.6.1],,Percent,Estimated,Global Surface Water Explorer extraction for UN Environment Programme,,,0.01369
2021,E,Global Surface Water Explorer extraction for UN Environment Programme,Lakes and rivers permanent water area (% of total land area) [6.6.1],,Percent,Estimated,Global Surface Water Explorer extraction for UN Environment Programme,,,0.01377
2006,E,Global Surface Water Explorer extraction for UN Environment Programme,Lakes and rivers seasonal water area change (%) [6.6.1],,Percent,Estimated,Global Surface Water Explorer extraction for UN Environment Programme,,,0.46863
2007,E,Global Surface Water Explorer extraction for UN Environment Programme,Lakes and rivers seasonal water area change (%) [6.6.1],,Percent,Estimated,Global Surface Water Explorer extraction for UN Environment Programme,,,-4.65356
2008,E,Global Surface Water Explorer extraction for UN Environment Programme,Lakes and rivers seasonal water area change (%) [6.6.1],,Percent,Estimated,Global Surface Water Explorer extraction for UN Environment Programme,,,-1.24939
2009,E,Global Surface Water Explorer extraction for UN Environment Programme,Lakes and rivers seasonal water area change (%) [6.6.1],,Percent,Estimated,Global Surface Water Explorer extraction for UN Environment Programme,,,-4.54872
2010,E,Global Surface Water Explorer extraction for UN Environment Programme,Lakes and rivers seasonal water area change (%) [6.6.1],,Percent,Estimated,Global Surface Water Explorer extraction for UN Environment Programme,,,-0.75322
2011,E,Global Surface Water Explorer extraction for UN Environment Programme,Lakes and rivers seasonal water area change (%) [6.6.1],,Percent,Estimated,Global Surface Water Explorer extraction for UN Environment Programme,,,3.67459
2012,E,Global Surface Water Explorer extraction for UN Environment Programme,Lakes and rivers seasonal water area change (%) [6.6.1],,Percent,Estimated,Global Surface Water Explorer extraction for UN Environment Programme,,,10.3298
2013,E,Global Surface Water Explorer extraction for UN Environment Programme,Lakes and rivers seasonal water area change (%) [6.6.1],,Percent,Estimated,Global Surface Water Explorer extraction for UN Environment Programme,,,9.9895
2014,E,Global Surface Water Explorer extraction for UN Environment Programme,Lakes and rivers seasonal water area change (%) [6.6.1],,Percent,Estimated,Global Surface Water Explorer extraction for UN Environment Programme,,,16.16704
2015,E,Global Surface Water Explorer extraction for UN Environment Programme,Lakes and rivers seasonal water area change (%) [6.6.1],,Percent,Estimated,Global Surface Water Explorer extraction for UN Environment Programme,,,14.87905
2016,E,Global Surface Water Explorer extraction for UN Environment Programme,Lakes and rivers seasonal water area change (%) [6.6.1],,Percent,Estimated,Global Surface Water Explorer extraction for UN Environment Programme,,,19.28847
2017,E,Global Surface Water Explorer extraction for UN Environment Programme,Lakes and rivers seasonal water area change (%) [6.6.1],,Percent,Estimated,Global Surface Water Explorer extraction for UN Environment Programme,,,24.23205
2018,E,Global Surface Water Explorer extraction for UN Environment Programme,Lakes and rivers seasonal water area change (%) [6.6.1],,Percent,Estimated,Global Surface Water Explorer extraction for UN Environment Programme,,,29.01716
2019,E,Global Surface Water Explorer extraction for UN Environment Programme,Lakes and rivers seasonal water area change (%) [6.6.1],,Percent,Estimated,Global Surface Water Explorer extraction for UN Environment Programme,,,32.51551
2020,E,Global Surface Water Explorer extraction for UN Environment Programme,Lakes and rivers seasonal water area change (%) [6.6.1],,Percent,Estimated,Global Surface Water Explorer extraction for UN Environment Programme,,,36.72141
2021,E,Global Surface Water Explorer extraction for UN Environment Programme,Lakes and rivers seasonal water area change (%) [6.6.1],,Percent,Estimated,Global Surface Water Explorer extraction for UN Environment Programme,,,43.48503
2000,E,Global Surface Water Explorer extraction for UN Environment Programme,Lakes and rivers seasonal water area (square kilometres) [6.6.1],,Square kilometers,Estimated,Global Surface Water Explorer extraction for UN Environment Programme,,,117.5593
2001,E,Global Surface Water Explorer extraction for UN Environment Programme,Lakes and rivers seasonal water area (square kilometres) [6.6.1],,Square kilometers,Estimated,Global Surface Water Explorer extraction for UN Environment Programme,,,148.10166
2002,E,Global Surface Water Explorer extraction for UN Environment Programme,Lakes and rivers seasonal water area (square kilometres) [6.6.1],,Square kilometers,Estimated,Global Surface Water Explorer extraction for UN Environment Programme,,,257.15107
2003,E,Global Surface Water Explorer extraction for UN Environment Programme,Lakes and rivers seasonal water area (square kilometres) [6.6.1],,Square kilometers,Estimated,Global Surface Water Explorer extraction for UN Environment Programme,,,360.70847
2004,E,Global Surface Water Explorer extraction for UN Environment Programme,Lakes and rivers seasonal water area (square kilometres) [6.6.1],,Square kilometers,Estimated,Global Surface Water Explorer extraction for UN Environment Programme,,,471.60537
2005,E,Global Surface Water Explorer extraction for UN Environment Programme,Lakes and rivers seasonal water area (square kilometres) [6.6.1],,Square kilometers,Estimated,Global Surface Water Explorer extraction for UN Environment Programme,,,512.4629
2006,E,Global Surface Water Explorer extraction for UN Environment Programme,Lakes and rivers seasonal water area (square kilometres) [6.6.1],,Square kilometers,Estimated,Global Surface Water Explorer extraction for UN Environment Programme,,,514.86447
2007,E,Global Surface Water Explorer extraction for UN Environment Programme,Lakes and rivers seasonal water area (square kilometres) [6.6.1],,Square kilometers,Estimated,Global Surface Water Explorer extraction for UN Environment Programme,,,488.61512
2008,E,Global Surface Water Explorer extraction for UN Environment Programme,Lakes and rivers seasonal water area (square kilometres) [6.6.1],,Square kilometers,Estimated,Global Surface Water Explorer extraction for UN Environment Programme,,,506.06026
2009,E,Global Surface Water Explorer extraction for UN Environment Programme,Lakes and rivers seasonal water area (square kilometres) [6.6.1],,Square kilometers,Estimated,Global Surface Water Explorer extraction for UN Environment Programme,,,489.15241
2010,E,Global Surface Water Explorer extraction for UN Environment Programme,Lakes and rivers seasonal water area (square kilometres) [6.6.1],,Square kilometers,Estimated,Global Surface Water Explorer extraction for UN Environment Programme,,,508.60296
2011,E,Global Surface Water Explorer extraction for UN Environment Programme,Lakes and rivers seasonal water area (square kilometres) [6.6.1],,Square kilometers,Estimated,Global Surface Water Explorer extraction for UN Environment Programme,,,531.29381
2012,E,Global Surface Water Explorer extraction for UN Environment Programme,Lakes and rivers seasonal water area (square kilometres) [6.6.1],,Square kilometers,Estimated,Global Surface Water Explorer extraction for UN Environment Programme,,,565.39928
2013,E,Global Surface Water Explorer extraction for UN Environment Programme,Lakes and rivers seasonal water area (square kilometres) [6.6.1],,Square kilometers,Estimated,Global Surface Water Explorer extraction for UN Environment Programme,,,563.65539
2014,E,Global Surface Water Explorer extraction for UN Environment Programme,Lakes and rivers seasonal water area (square kilometres) [6.6.1],,Square kilometers,Estimated,Global Surface Water Explorer extraction for UN Environment Programme,,,595.31296
2015,E,Global Surface Water Explorer extraction for UN Environment Programme,Lakes and rivers seasonal water area (square kilometres) [6.6.1],,Square kilometers,Estimated,Global Surface Water Explorer extraction for UN Environment Programme,,,588.71251
2016,E,Global Surface Water Explorer extraction for UN Environment Programme,Lakes and rivers seasonal water area (square kilometres) [6.6.1],,Square kilometers,Estimated,Global Surface Water Explorer extraction for UN Environment Programme,,,611.30916
2017,E,Global Surface Water Explorer extraction for UN Environment Programme,Lakes and rivers seasonal water area (square kilometres) [6.6.1],,Square kilometers,Estimated,Global Surface Water Explorer extraction for UN Environment Programme,,,636.64315
2018,E,Global Surface Water Explorer extraction for UN Environment Programme,Lakes and rivers seasonal water area (square kilometres) [6.6.1],,Square kilometers,Estimated,Global Surface Water Explorer extraction for UN Environment Programme,,,661.16508
2019,E,Global Surface Water Explorer extraction for UN Environment Programme,Lakes and rivers seasonal water area (square kilometres) [6.6.1],,Square kilometers,Estimated,Global Surface Water Explorer extraction for UN Environment Programme,,,679.09284
2020,E,Global Surface Water Explorer extraction for UN Environment Programme,Lakes and rivers seasonal water area (square kilometres) [6.6.1],,Square kilometers,Estimated,Global Surface Water Explorer extraction for UN Environment Programme,,,700.64651
2021,E,Global Surface Water Explorer extraction for UN Environment Programme,Lakes and rivers seasonal water area (square kilometres) [6.6.1],,Square kilometers,Estimated,Global Surface Water Explorer extraction for UN Environment Programme,,,735.30753
2000,E,Global Surface Water Explorer extraction for UN Environment Programme,Lakes and rivers seasonal water area (% of total land area) [6.6.1],,Percent,Estimated,Global Surface Water Explorer extraction for UN Environment Programme,,,0.00021
2001,E,Global Surface Water Explorer extraction for UN Environment Programme,Lakes and rivers seasonal water area (% of total land area) [6.6.1],,Percent,Estimated,Global Surface Water Explorer extraction for UN Environment Programme,,,0.00026
2002,E,Global Surface Water Explorer extraction for UN Environment Programme,Lakes and rivers seasonal water area (% of total land area) [6.6.1],,Percent,Estimated,Global Surface Water Explorer extraction for UN Environment Programme,,,0.00045
2003,E,Global Surface Water Explorer extraction for UN Environment Programme,Lakes and rivers seasonal water area (% of total land area) [6.6.1],,Percent,Estimated,Global Surface Water Explorer extraction for UN Environment Programme,,,0.00063
2004,E,Global Surface Water Explorer extraction for UN Environment Programme,Lakes and rivers seasonal water area (% of total land area) [6.6.1],,Percent,Estimated,Global Surface Water Explorer extraction for UN Environment Programme,,,0.00083
2005,E,Global Surface Water Explorer extraction for UN Environment Programme,Lakes and rivers seasonal water area (% of total land area) [6.6.1],,Percent,Estimated,Global Surface Water Explorer extraction for UN Environment Programme,,,0.0009
2006,E,Global Surface Water Explorer extraction for UN Environment Programme,Lakes and rivers seasonal water area (% of total land area) [6.6.1],,Percent,Estimated,Global Surface Water Explorer extraction for UN Environment Programme,,,0.0009
2007,E,Global Surface Water Explorer extraction for UN Environment Programme,Lakes and rivers seasonal water area (% of total land area) [6.6.1],,Percent,Estimated,Global Surface Water Explorer extraction for UN Environment Programme,,,0.00086
2008,E,Global Surface Water Explorer extraction for UN Environment Programme,Lakes and rivers seasonal water area (% of total land area) [6.6.1],,Percent,Estimated,Global Surface Water Explorer extraction for UN Environment Programme,,,0.00089
2009,E,Global Surface Water Explorer extraction for UN Environment Programme,Lakes and rivers seasonal water area (% of total land area) [6.6.1],,Percent,Estimated,Global Surface Water Explorer extraction for UN Environment Programme,,,0.00086
2010,E,Global Surface Water Explorer extraction for UN Environment Programme,Lakes and rivers seasonal water area (% of total land area) [6.6.1],,Percent,Estimated,Global Surface Water Explorer extraction for UN Environment Programme,,,0.00089
2011,E,Global Surface Water Explorer extraction for UN Environment Programme,Lakes and rivers seasonal water area (% of total land area) [6.6.1],,Percent,Estimated,Global Surface Water Explorer extraction for UN Environment Programme,,,0.00093
2012,E,Global Surface Water Explorer extraction for UN Environment Programme,Lakes and rivers seasonal water area (% of total land area) [6.6.1],,Percent,Estimated,Global Surface Water Explorer extraction for UN Environment Programme,,,0.00099
2013,E,Global Surface Water Explorer extraction for UN Environment Programme,Lakes and rivers seasonal water area (% of total land area) [6.6.1],,Percent,Estimated,Global Surface Water Explorer extraction for UN Environment Programme,,,0.00099
2014,E,Global Surface Water Explorer extraction for UN Environment Programme,Lakes and rivers seasonal water area (% of total land area) [6.6.1],,Percent,Estimated,Global Surface Water Explorer extraction for UN Environment Programme,,,0.00105
2015,E,Global Surface Water Explorer extraction for UN Environment Programme,Lakes and rivers seasonal water area (% of total land area) [6.6.1],,Percent,Estimated,Global Surface Water Explorer extraction for UN Environment Programme,,,0.00103
2016,E,Global Surface Water Explorer extraction for UN Environment Programme,Lakes and rivers seasonal water area (% of total land area) [6.6.1],,Percent,Estimated,Global Surface Water Explorer extraction for UN Environment Programme,,,0.00107
2017,E,Global Surface Water Explorer extraction for UN Environment Programme,Lakes and rivers seasonal water area (% of total land area) [6.6.1],,Percent,Estimated,Global Surface Water Explorer extraction for UN Environment Programme,,,0.00112
2018,E,Global Surface Water Explorer extraction for UN Environment Programme,Lakes and rivers seasonal water area (% of total land area) [6.6.1],,Percent,Estimated,Global Surface Water Explorer extraction for UN Environment Programme,,,0.00116
2019,E,Global Surface Water Explorer extraction for UN Environment Programme,Lakes and rivers seasonal water area (% of total land area) [6.6.1],,Percent,Estimated,Global Surface Water Explorer extraction for UN Environment Programme,,,0.00119
2020,E,Global Surface Water Explorer extraction for UN Environment Programme,Lakes and rivers seasonal water area (% of total land area) [6.6.1],,Percent,Estimated,Global Surface Water Explorer extraction for UN Environment Programme,,,0.00123
2021,E,Global Surface Water Explorer extraction for UN Environment Programme,Lakes and rivers seasonal water area (% of total land area) [6.6.1],,Percent,Estimated,Global Surface Water Explorer extraction for UN Environment Programme,,,0.00129
2017,E,Global Surface Water Explorer extraction for UN Environment Programme,Lake water quality turbidity (%) [6.6.1],Deviation Level: Extreme (75-100%),Percent,Estimated,Global Surface Water Explorer extraction for UN Environment Programme,,,4.70374
2018,E,Global Surface Water Explorer extraction for UN Environment Programme,Lake water quality turbidity (%) [6.6.1],Deviation Level: Extreme (75-100%),Percent,Estimated,Global Surface Water Explorer extraction for UN Environment Programme,,,8.02895
2019,E,Global Surface Water Explorer extraction for UN Environment Programme,Lake water quality turbidity (%) [6.6.1],Deviation Level: Extreme (75-100%),Percent,Estimated,Global Surface Water Explorer extraction for UN Environment Programme,,,4.68786
2020,E,Global Surface Water Explorer extraction for UN Environment Programme,Lake water quality turbidity (%) [6.6.1],Deviation Level: Extreme (75-100%),Percent,Estimated,Global Surface Water Explorer extraction for UN Environment Programme,,,7.73323
2017,E,Global Surface Water Explorer extraction for UN Environment Programme,Lake water quality turbidity (%) [6.6.1],Deviation Level: High (50-75%),Percent,Estimated,Global Surface Water Explorer extraction for UN Environment Programme,,,11.05802
2018,E,Global Surface Water Explorer extraction for UN Environment Programme,Lake water quality turbidity (%) [6.6.1],Deviation Level: High (50-75%),Percent,Estimated,Global Surface Water Explorer extraction for UN Environment Programme,,,9.6786
2019,E,Global Surface Water Explorer extraction for UN Environment Programme,Lake water quality turbidity (%) [6.6.1],Deviation Level: High (50-75%),Percent,Estimated,Global Surface Water Explorer extraction for UN Environment Programme,,,5.08821
2020,E,Global Surface Water Explorer extraction for UN Environment Programme,Lake water quality turbidity (%) [6.6.1],Deviation Level: High (50-75%),Percent,Estimated,Global Surface Water Explorer extraction for UN Environment Programme,,,9.00977
2017,E,Global Surface Water Explorer extraction for UN Environment Programme,Lake water quality turbidity (%) [6.6.1],Deviation Level: Low (0-25%),Percent,Estimated,Global Surface Water Explorer extraction for UN Environment Programme,,,73.41735
2018,E,Global Surface Water Explorer extraction for UN Environment Programme,Lake water quality turbidity (%) [6.6.1],Deviation Level: Low (0-25%),Percent,Estimated,Global Surface Water Explorer extraction for UN Environment Programme,,,72.08711
2019,E,Global Surface Water Explorer extraction for UN Environment Programme,Lake water quality turbidity (%) [6.6.1],Deviation Level: Low (0-25%),Percent,Estimated,Global Surface Water Explorer extraction for UN Environment Programme,,,84.1006
2020,E,Global Surface Water Explorer extraction for UN Environment Programme,Lake water quality turbidity (%) [6.6.1],Deviation Level: Low (0-25%),Percent,Estimated,Global Surface Water Explorer extraction for UN Environment Programme,,,73.54454
2017,E,Global Surface Water Explorer extraction for UN Environment Programme,Lake water quality turbidity (%) [6.6.1],Deviation Level: Medium (25-50%),Percent,Estimated,Global Surface Water Explorer extraction for UN Environment Programme,,,10.82089
2018,E,Global Surface Water Explorer extraction for UN Environment Programme,Lake water quality turbidity (%) [6.6.1],Deviation Level: Medium (25-50%),Percent,Estimated,Global Surface Water Explorer extraction for UN Environment Programme,,,10.20533
2019,E,Global Surface Water Explorer extraction for UN Environment Programme,Lake water quality turbidity (%) [6.6.1],Deviation Level: Medium (25-50%),Percent,Estimated,Global Surface Water Explorer extraction for UN Environment Programme,,,6.12333
2020,E,Global Surface Water Explorer extraction for UN Environment Programme,Lake water quality turbidity (%) [6.6.1],Deviation Level: Medium (25-50%),Percent,Estimated,Global Surface Water Explorer extraction for UN Environment Programme,,,9.71247
2017,E,Global Surface Water Explorer extraction for UN Environment Programme,Lake water quality trophic state (%) [6.6.1],Deviation Level: Extreme (75-100%),Percent,Estimated,Global Surface Water Explorer extraction for UN Environment Programme,,,0.46431
2018,E,Global Surface Water Explorer extraction for UN Environment Programme,Lake water quality trophic state (%) [6.6.1],Deviation Level: Extreme (75-100%),Percent,Estimated,Global Surface Water Explorer extraction for UN Environment Programme,,,0.64016
2019,E,Global Surface Water Explorer extraction for UN Environment Programme,Lake water quality trophic state (%) [6.6.1],Deviation Level: Extreme (75-100%),Percent,Estimated,Global Surface Water Explorer extraction for UN Environment Programme,,,0.53383
2020,E,Global Surface Water Explorer extraction for UN Environment Programme,Lake water quality trophic state (%) [6.6.1],Deviation Level: Extreme (75-100%),Percent,Estimated,Global Surface Water Explorer extraction for UN Environment Programme,,,0.56252
2017,E,Global Surface Water Explorer extraction for UN Environment Programme,Lake water quality trophic state (%) [6.6.1],Deviation Level: High (50-75%),Percent,Estimated,Global Surface Water Explorer extraction for UN Environment Programme,,,1.13468
2018,E,Global Surface Water Explorer extraction for UN Environment Programme,Lake water quality trophic state (%) [6.6.1],Deviation Level: High (50-75%),Percent,Estimated,Global Surface Water Explorer extraction for UN Environment Programme,,,2.3142
2019,E,Global Surface Water Explorer extraction for UN Environment Programme,Lake water quality trophic state (%) [6.6.1],Deviation Level: High (50-75%),Percent,Estimated,Global Surface Water Explorer extraction for UN Environment Programme,,,1.34642
2020,E,Global Surface Water Explorer extraction for UN Environment Programme,Lake water quality trophic state (%) [6.6.1],Deviation Level: High (50-75%),Percent,Estimated,Global Surface Water Explorer extraction for UN Environment Programme,,,1.24459
2017,E,Global Surface Water Explorer extraction for UN Environment Programme,Lake water quality trophic state (%) [6.6.1],Deviation Level: Low (0-25%),Percent,Estimated,Global Surface Water Explorer extraction for UN Environment Programme,,,95.14764
2018,E,Global Surface Water Explorer extraction for UN Environment Programme,Lake water quality trophic state (%) [6.6.1],Deviation Level: Low (0-25%),Percent,Estimated,Global Surface Water Explorer extraction for UN Environment Programme,,,90.666
2019,E,Global Surface Water Explorer extraction for UN Environment Programme,Lake water quality trophic state (%) [6.6.1],Deviation Level: Low (0-25%),Percent,Estimated,Global Surface Water Explorer extraction for UN Environment Programme,,,91.90106
2020,E,Global Surface Water Explorer extraction for UN Environment Programme,Lake water quality trophic state (%) [6.6.1],Deviation Level: Low (0-25%),Percent,Estimated,Global Surface Water Explorer extraction for UN Environment Programme,,,94.13677
2017,E,Global Surface Water Explorer extraction for UN Environment Programme,Lake water quality trophic state (%) [6.6.1],Deviation Level: Medium (25-50%),Percent,Estimated,Global Surface Water Explorer extraction for UN Environment Programme,,,3.25337
2018,E,Global Surface Water Explorer extraction for UN Environment Programme,Lake water quality trophic state (%) [6.6.1],Deviation Level: Medium (25-50%),Percent,Estimated,Global Surface Water Explorer extraction for UN Environment Programme,,,6.37963
2019,E,Global Surface Water Explorer extraction for UN Environment Programme,Lake water quality trophic state (%) [6.6.1],Deviation Level: Medium (25-50%),Percent,Estimated,Global Surface Water Explorer extraction for UN Environment Programme,,,6.21869
2020,E,Global Surface Water Explorer extraction for UN Environment Programme,Lake water quality trophic state (%) [6.6.1],Deviation Level: Medium (25-50%),Percent,Estimated,Global Surface Water Explorer extraction for UN Environment Programme,,,4.05611
2000,E,Global Surface Water Explorer extraction for UN Environment Programme,Reservoir minimum water area (square kilometres) [6.6.1],,Square kilometers,Estimated,Global Surface Water Explorer extraction for UN Environment Programme,,,1566.40788
2001,E,Global Surface Water Explorer extraction for UN Environment Programme,Reservoir minimum water area (square kilometres) [6.6.1],,Square kilometers,Estimated,Global Surface Water Explorer extraction for UN Environment Programme,,,1550.85706
2002,E,Global Surface Water Explorer extraction for UN Environment Programme,Reservoir minimum water area (square kilometres) [6.6.1],,Square kilometers,Estimated,Global Surface Water Explorer extraction for UN Environment Programme,,,2327.49132
2003,E,Global Surface Water Explorer extraction for UN Environment Programme,Reservoir minimum water area (square kilometres) [6.6.1],,Square kilometers,Estimated,Global Surface Water Explorer extraction for UN Environment Programme,,,3113.90976
2004,E,Global Surface Water Explorer extraction for UN Environment Programme,Reservoir minimum water area (square kilometres) [6.6.1],,Square kilometers,Estimated,Global Surface Water Explorer extraction for UN Environment Programme,,,3904.77909
2005,E,Global Surface Water Explorer extraction for UN Environment Programme,Reservoir minimum water area (square kilometres) [6.6.1],,Square kilometers,Estimated,Global Surface Water Explorer extraction for UN Environment Programme,,,3917.57829
2006,E,Global Surface Water Explorer extraction for UN Environment Programme,Reservoir minimum water area (square kilometres) [6.6.1],,Square kilometers,Estimated,Global Surface Water Explorer extraction for UN Environment Programme,,,3927.45598
2007,E,Global Surface Water Explorer extraction for UN Environment Programme,Reservoir minimum water area (square kilometres) [6.6.1],,Square kilometers,Estimated,Global Surface Water Explorer extraction for UN Environment Programme,,,3926.928
2008,E,Global Surface Water Explorer extraction for UN Environment Programme,Reservoir minimum water area (square kilometres) [6.6.1],,Square kilometers,Estimated,Global Surface Water Explorer extraction for UN Environment Programme,,,3904.56608
2009,E,Global Surface Water Explorer extraction for UN Environment Programme,Reservoir minimum water area (square kilometres) [6.6.1],,Square kilometers,Estimated,Global Surface Water Explorer extraction for UN Environment Programme,,,3897.1705
2010,E,Global Surface Water Explorer extraction for UN Environment Programme,Reservoir minimum water area (square kilometres) [6.6.1],,Square kilometers,Estimated,Global Surface Water Explorer extraction for UN Environment Programme,,,3869.48378
2011,E,Global Surface Water Explorer extraction for UN Environment Programme,Reservoir minimum water area (square kilometres) [6.6.1],,Square kilometers,Estimated,Global Surface Water Explorer extraction for UN Environment Programme,,,3852.22611
2012,E,Global Surface Water Explorer extraction for UN Environment Programme,Reservoir minimum water area (square kilometres) [6.6.1],,Square kilometers,Estimated,Global Surface Water Explorer extraction for UN Environment Programme,,,3838.0497
2013,E,Global Surface Water Explorer extraction for UN Environment Programme,Reservoir minimum water area (square kilometres) [6.6.1],,Square kilometers,Estimated,Global Surface Water Explorer extraction for UN Environment Programme,,,3828.20579
2014,E,Global Surface Water Explorer extraction for UN Environment Programme,Reservoir minimum water area (square kilometres) [6.6.1],,Square kilometers,Estimated,Global Surface Water Explorer extraction for UN Environment Programme,,,3820.07145
2015,E,Global Surface Water Explorer extraction for UN Environment Programme,Reservoir minimum water area (square kilometres) [6.6.1],,Square kilometers,Estimated,Global Surface Water Explorer extraction for UN Environment Programme,,,3837.09618
2016,E,Global Surface Water Explorer extraction for UN Environment Programme,Reservoir minimum water area (square kilometres) [6.6.1],,Square kilometers,Estimated,Global Surface Water Explorer extraction for UN Environment Programme,,,3848.18825
2017,E,Global Surface Water Explorer extraction for UN Environment Programme,Reservoir minimum water area (square kilometres) [6.6.1],,Square kilometers,Estimated,Global Surface Water Explorer extraction for UN Environment Programme,,,3865.65165
2018,E,Global Surface Water Explorer extraction for UN Environment Programme,Reservoir minimum water area (square kilometres) [6.6.1],,Square kilometers,Estimated,Global Surface Water Explorer extraction for UN Environment Programme,,,3879.51822
2019,E,Global Surface Water Explorer extraction for UN Environment Programme,Reservoir minimum water area (square kilometres) [6.6.1],,Square kilometers,Estimated,Global Surface Water Explorer extraction for UN Environment Programme,,,3875.21262
2020,E,Global Surface Water Explorer extraction for UN Environment Programme,Reservoir minimum water area (square kilometres) [6.6.1],,Square kilometers,Estimated,Global Surface Water Explorer extraction for UN Environment Programme,,,3866.64605
2021,E,Global Surface Water Explorer extraction for UN Environment Programme,Reservoir minimum water area (square kilometres) [6.6.1],,Square kilometers,Estimated,Global Surface Water Explorer extraction for UN Environment Programme,,,3873.53365
2000,E,Global Surface Water Explorer extraction for UN Environment Programme,Reservoir minimum water area (% of total land area) [6.6.1],,Percent,Estimated,Global Surface Water Explorer extraction for UN Environment Programme,,,0.00275
2001,E,Global Surface Water Explorer extraction for UN Environment Programme,Reservoir minimum water area (% of total land area) [6.6.1],,Percent,Estimated,Global Surface Water Explorer extraction for UN Environment Programme,,,0.00272
2002,E,Global Surface Water Explorer extraction for UN Environment Programme,Reservoir minimum water area (% of total land area) [6.6.1],,Percent,Estimated,Global Surface Water Explorer extraction for UN Environment Programme,,,0.00409
2003,E,Global Surface Water Explorer extraction for UN Environment Programme,Reservoir minimum water area (% of total land area) [6.6.1],,Percent,Estimated,Global Surface Water Explorer extraction for UN Environment Programme,,,0.00547
2004,E,Global Surface Water Explorer extraction for UN Environment Programme,Reservoir minimum water area (% of total land area) [6.6.1],,Percent,Estimated,Global Surface Water Explorer extraction for UN Environment Programme,,,0.00686
2005,E,Global Surface Water Explorer extraction for UN Environment Programme,Reservoir minimum water area (% of total land area) [6.6.1],,Percent,Estimated,Global Surface Water Explorer extraction for UN Environment Programme,,,0.00688
2006,E,Global Surface Water Explorer extraction for UN Environment Programme,Reservoir minimum water area (% of total land area) [6.6.1],,Percent,Estimated,Global Surface Water Explorer extraction for UN Environment Programme,,,0.0069
2007,E,Global Surface Water Explorer extraction for UN Environment Programme,Reservoir minimum water area (% of total land area) [6.6.1],,Percent,Estimated,Global Surface Water Explorer extraction for UN Environment Programme,,,0.0069
2008,E,Global Surface Water Explorer extraction for UN Environment Programme,Reservoir minimum water area (% of total land area) [6.6.1],,Percent,Estimated,Global Surface Water Explorer extraction for UN Environment Programme,,,0.00686
2009,E,Global Surface Water Explorer extraction for UN Environment Programme,Reservoir minimum water area (% of total land area) [6.6.1],,Percent,Estimated,Global Surface Water Explorer extraction for UN Environment Programme,,,0.00685
2010,E,Global Surface Water Explorer extraction for UN Environment Programme,Reservoir minimum water area (% of total land area) [6.6.1],,Percent,Estimated,Global Surface Water Explorer extraction for UN Environment Programme,,,0.0068
2011,E,Global Surface Water Explorer extraction for UN Environment Programme,Reservoir minimum water area (% of total land area) [6.6.1],,Percent,Estimated,Global Surface Water Explorer extraction for UN Environment Programme,,,0.00677
2012,E,Global Surface Water Explorer extraction for UN Environment Programme,Reservoir minimum water area (% of total land area) [6.6.1],,Percent,Estimated,Global Surface Water Explorer extraction for UN Environment Programme,,,0.00674
2013,E,Global Surface Water Explorer extraction for UN Environment Programme,Reservoir minimum water area (% of total land area) [6.6.1],,Percent,Estimated,Global Surface Water Explorer extraction for UN Environment Programme,,,0.00673
2014,E,Global Surface Water Explorer extraction for UN Environment Programme,Reservoir minimum water area (% of total land area) [6.6.1],,Percent,Estimated,Global Surface Water Explorer extraction for UN Environment Programme,,,0.00671
2015,E,Global Surface Water Explorer extraction for UN Environment Programme,Reservoir minimum water area (% of total land area) [6.6.1],,Percent,Estimated,Global Surface Water Explorer extraction for UN Environment Programme,,,0.00674
2016,E,Global Surface Water Explorer extraction for UN Environment Programme,Reservoir minimum water area (% of total land area) [6.6.1],,Percent,Estimated,Global Surface Water Explorer extraction for UN Environment Programme,,,0.00676
2017,E,Global Surface Water Explorer extraction for UN Environment Programme,Reservoir minimum water area (% of total land area) [6.6.1],,Percent,Estimated,Global Surface Water Explorer extraction for UN Environment Programme,,,0.00679
2018,E,Global Surface Water Explorer extraction for UN Environment Programme,Reservoir minimum water area (% of total land area) [6.6.1],,Percent,Estimated,Global Surface Water Explorer extraction for UN Environment Programme,,,0.00682
2019,E,Global Surface Water Explorer extraction for UN Environment Programme,Reservoir minimum water area (% of total land area) [6.6.1],,Percent,Estimated,Global Surface Water Explorer extraction for UN Environment Programme,,,0.00681
2020,E,Global Surface Water Explorer extraction for UN Environment Programme,Reservoir minimum water area (% of total land area) [6.6.1],,Percent,Estimated,Global Surface Water Explorer extraction for UN Environment Programme,,,0.00679
2021,E,Global Surface Water Explorer extraction for UN Environment Programme,Reservoir minimum water area (% of total land area) [6.6.1],,Percent,Estimated,Global Surface Water Explorer extraction for UN Environment Programme,,,0.00681
2000,E,Global Surface Water Explorer extraction for UN Environment Programme,Reservoir maximum water area (square kilometres) [6.6.1],,Square kilometers,Estimated,Global Surface Water Explorer extraction for UN Environment Programme,,,1574.60668
2001,E,Global Surface Water Explorer extraction for UN Environment Programme,Reservoir maximum water area (square kilometres) [6.6.1],,Square kilometers,Estimated,Global Surface Water Explorer extraction for UN Environment Programme,,,1563.88431
2002,E,Global Surface Water Explorer extraction for UN Environment Programme,Reservoir maximum water area (square kilometres) [6.6.1],,Square kilometers,Estimated,Global Surface Water Explorer extraction for UN Environment Programme,,,2354.38745
2003,E,Global Surface Water Explorer extraction for UN Environment Programme,Reservoir maximum water area (square kilometres) [6.6.1],,Square kilometers,Estimated,Global Surface Water Explorer extraction for UN Environment Programme,,,3151.0358
2004,E,Global Surface Water Explorer extraction for UN Environment Programme,Reservoir maximum water area (square kilometres) [6.6.1],,Square kilometers,Estimated,Global Surface Water Explorer extraction for UN Environment Programme,,,3950.7452
2005,E,Global Surface Water Explorer extraction for UN Environment Programme,Reservoir maximum water area (square kilometres) [6.6.1],,Square kilometers,Estimated,Global Surface Water Explorer extraction for UN Environment Programme,,,3967.62213
2006,E,Global Surface Water Explorer extraction for UN Environment Programme,Reservoir maximum water area (square kilometres) [6.6.1],,Square kilometers,Estimated,Global Surface Water Explorer extraction for UN Environment Programme,,,3976.84593
2007,E,Global Surface Water Explorer extraction for UN Environment Programme,Reservoir maximum water area (square kilometres) [6.6.1],,Square kilometers,Estimated,Global Surface Water Explorer extraction for UN Environment Programme,,,3975.60709
2008,E,Global Surface Water Explorer extraction for UN Environment Programme,Reservoir maximum water area (square kilometres) [6.6.1],,Square kilometers,Estimated,Global Surface Water Explorer extraction for UN Environment Programme,,,3974.34107
2009,E,Global Surface Water Explorer extraction for UN Environment Programme,Reservoir maximum water area (square kilometres) [6.6.1],,Square kilometers,Estimated,Global Surface Water Explorer extraction for UN Environment Programme,,,3965.17861
2010,E,Global Surface Water Explorer extraction for UN Environment Programme,Reservoir maximum water area (square kilometres) [6.6.1],,Square kilometers,Estimated,Global Surface Water Explorer extraction for UN Environment Programme,,,3954.00276
2011,E,Global Surface Water Explorer extraction for UN Environment Programme,Reservoir maximum water area (square kilometres) [6.6.1],,Square kilometers,Estimated,Global Surface Water Explorer extraction for UN Environment Programme,,,3954.43612
2012,E,Global Surface Water Explorer extraction for UN Environment Programme,Reservoir maximum water area (square kilometres) [6.6.1],,Square kilometers,Estimated,Global Surface Water Explorer extraction for UN Environment Programme,,,3960.39121
2013,E,Global Surface Water Explorer extraction for UN Environment Programme,Reservoir maximum water area (square kilometres) [6.6.1],,Square kilometers,Estimated,Global Surface Water Explorer extraction for UN Environment Programme,,,3962.26969
2014,E,Global Surface Water Explorer extraction for UN Environment Programme,Reservoir maximum water area (square kilometres) [6.6.1],,Square kilometers,Estimated,Global Surface Water Explorer extraction for UN Environment Programme,,,3969.63163
2015,E,Global Surface Water Explorer extraction for UN Environment Programme,Reservoir maximum water area (square kilometres) [6.6.1],,Square kilometers,Estimated,Global Surface Water Explorer extraction for UN Environment Programme,,,3976.68343
2016,E,Global Surface Water Explorer extraction for UN Environment Programme,Reservoir maximum water area (square kilometres) [6.6.1],,Square kilometers,Estimated,Global Surface Water Explorer extraction for UN Environment Programme,,,3978.59205
2017,E,Global Surface Water Explorer extraction for UN Environment Programme,Reservoir maximum water area (square kilometres) [6.6.1],,Square kilometers,Estimated,Global Surface Water Explorer extraction for UN Environment Programme,,,3980.42674
2018,E,Global Surface Water Explorer extraction for UN Environment Programme,Reservoir maximum water area (square kilometres) [6.6.1],,Square kilometers,Estimated,Global Surface Water Explorer extraction for UN Environment Programme,,,3970.19052
2019,E,Global Surface Water Explorer extraction for UN Environment Programme,Reservoir maximum water area (square kilometres) [6.6.1],,Square kilometers,Estimated,Global Surface Water Explorer extraction for UN Environment Programme,,,3971.8755
2020,E,Global Surface Water Explorer extraction for UN Environment Programme,Reservoir maximum water area (square kilometres) [6.6.1],,Square kilometers,Estimated,Global Surface Water Explorer extraction for UN Environment Programme,,,3979.35781
2021,E,Global Surface Water Explorer extraction for UN Environment Programme,Reservoir maximum water area (square kilometres) [6.6.1],,Square kilometers,Estimated,Global Surface Water Explorer extraction for UN Environment Programme,,,3984.28356
2000,E,Global Surface Water Explorer extraction for UN Environment Programme,Reservoir maximum water area (% of total land area) [6.6.1],,Percent,Estimated,Global Surface Water Explorer extraction for UN Environment Programme,,,0.00277
2001,E,Global Surface Water Explorer extraction for UN Environment Programme,Reservoir maximum water area (% of total land area) [6.6.1],,Percent,Estimated,Global Surface Water Explorer extraction for UN Environment Programme,,,0.00275
2002,E,Global Surface Water Explorer extraction for UN Environment Programme,Reservoir maximum water area (% of total land area) [6.6.1],,Percent,Estimated,Global Surface Water Explorer extraction for UN Environment Programme,,,0.00414
2003,E,Global Surface Water Explorer extraction for UN Environment Programme,Reservoir maximum water area (% of total land area) [6.6.1],,Percent,Estimated,Global Surface Water Explorer extraction for UN Environment Programme,,,0.00554
2004,E,Global Surface Water Explorer extraction for UN Environment Programme,Reservoir maximum water area (% of total land area) [6.6.1],,Percent,Estimated,Global Surface Water Explorer extraction for UN Environment Programme,,,0.00694
2005,E,Global Surface Water Explorer extraction for UN Environment Programme,Reservoir maximum water area (% of total land area) [6.6.1],,Percent,Estimated,Global Surface Water Explorer extraction for UN Environment Programme,,,0.00697
2006,E,Global Surface Water Explorer extraction for UN Environment Programme,Reservoir maximum water area (% of total land area) [6.6.1],,Percent,Estimated,Global Surface Water Explorer extraction for UN Environment Programme,,,0.00699
2007,E,Global Surface Water Explorer extraction for UN Environment Programme,Reservoir maximum water area (% of total land area) [6.6.1],,Percent,Estimated,Global Surface Water Explorer extraction for UN Environment Programme,,,0.00699
2008,E,Global Surface Water Explorer extraction for UN Environment Programme,Reservoir maximum water area (% of total land area) [6.6.1],,Percent,Estimated,Global Surface Water Explorer extraction for UN Environment Programme,,,0.00698
2009,E,Global Surface Water Explorer extraction for UN Environment Programme,Reservoir maximum water area (% of total land area) [6.6.1],,Percent,Estimated,Global Surface Water Explorer extraction for UN Environment Programme,,,0.00697
2010,E,Global Surface Water Explorer extraction for UN Environment Programme,Reservoir maximum water area (% of total land area) [6.6.1],,Percent,Estimated,Global Surface Water Explorer extraction for UN Environment Programme,,,0.00695
2011,E,Global Surface Water Explorer extraction for UN Environment Programme,Reservoir maximum water area (% of total land area) [6.6.1],,Percent,Estimated,Global Surface Water Explorer extraction for UN Environment Programme,,,0.00695
2012,E,Global Surface Water Explorer extraction for UN Environment Programme,Reservoir maximum water area (% of total land area) [6.6.1],,Percent,Estimated,Global Surface Water Explorer extraction for UN Environment Programme,,,0.00696
2013,E,Global Surface Water Explorer extraction for UN Environment Programme,Reservoir maximum water area (% of total land area) [6.6.1],,Percent,Estimated,Global Surface Water Explorer extraction for UN Environment Programme,,,0.00696
2014,E,Global Surface Water Explorer extraction for UN Environment Programme,Reservoir maximum water area (% of total land area) [6.6.1],,Percent,Estimated,Global Surface Water Explorer extraction for UN Environment Programme,,,0.00697
2015,E,Global Surface Water Explorer extraction for UN Environment Programme,Reservoir maximum water area (% of total land area) [6.6.1],,Percent,Estimated,Global Surface Water Explorer extraction for UN Environment Programme,,,0.00699
2016,E,Global Surface Water Explorer extraction for UN Environment Programme,Reservoir maximum water area (% of total land area) [6.6.1],,Percent,Estimated,Global Surface Water Explorer extraction for UN Environment Programme,,,0.00699
2017,E,Global Surface Water Explorer extraction for UN Environment Programme,Reservoir maximum water area (% of total land area) [6.6.1],,Percent,Estimated,Global Surface Water Explorer extraction for UN Environment Programme,,,0.00699
2018,E,Global Surface Water Explorer extraction for UN Environment Programme,Reservoir maximum water area (% of total land area) [6.6.1],,Percent,Estimated,Global Surface Water Explorer extraction for UN Environment Programme,,,0.00698
2019,E,Global Surface Water Explorer extraction for UN Environment Programme,Reservoir maximum water area (% of total land area) [6.6.1],,Percent,Estimated,Global Surface Water Explorer extraction for UN Environment Programme,,,0.00698
2020,E,Global Surface Water Explorer extraction for UN Environment Programme,Reservoir maximum water area (% of total land area) [6.6.1],,Percent,Estimated,Global Surface Water Explorer extraction for UN Environment Programme,,,0.00699
2021,E,Global Surface Water Explorer extraction for UN Environment Programme,Reservoir maximum water area (% of total land area) [6.6.1],,Percent,Estimated,Global Surface Water Explorer extraction for UN Environment Programme,,,0.007
2021,C,Ramsar National Report COP14,Extent of inland wetlands (square kilometres) [6.6.1],,Square kilometers,Country Data,Ramsar National Report COP14,,,26416.9
2000,E,Global Surface Water Explorer extraction for UN Environment Programme,Mangrove area baseline (square kilometres) [6.6.1],,Square kilometers,Estimated,Global Surface Water Explorer extraction for UN Environment Programme,Represent 1996 proxy,Represent 1996 proxy,554.66
2007,E,Global Surface Water Explorer extraction for UN Environment Programme,Mangrove area baseline (square kilometres) [6.6.1],,Square kilometers,Estimated,Global Surface Water Explorer extraction for UN Environment Programme,,Represent 1996 proxy,554.66
2008,E,Global Surface Water Explorer extraction for UN Environment Programme,Mangrove area baseline (square kilometres) [6.6.1],,Square kilometers,Estimated,Global Surface Water Explorer extraction for UN Environment Programme,,Represent 1996 proxy,554.66
2009,E,Global Surface Water Explorer extraction for UN Environment Programme,Mangrove area baseline (square kilometres) [6.6.1],,Square kilometers,Estimated,Global Surface Water Explorer extraction for UN Environment Programme,,Represent 1996 proxy,554.66
2010,E,Global Surface Water Explorer extraction for UN Environment Programme,Mangrove area baseline (square kilometres) [6.6.1],,Square kilometers,Estimated,Global Surface Water Explorer extraction for UN Environment Programme,,Represent 1996 proxy,554.66
2015,E,Global Surface Water Explorer extraction for UN Environment Programme,Mangrove area baseline (square kilometres) [6.6.1],,Square kilometers,Estimated,Global Surface Water Explorer extraction for UN Environment Programme,,Represent 1996 proxy,554.66
2016,E,Global Surface Water Explorer extraction for UN Environment Programme,Mangrove area baseline (square kilometres) [6.6.1],,Square kilometers,Estimated,Global Surface Water Explorer extraction for UN Environment Programme,,Represent 1996 proxy,554.66
2000,E,Global Surface Water Explorer extraction for UN Environment Programme,Mangrove total area change (%) [6.6.1],,Percent,Estimated,Global Surface Water Explorer extraction for UN Environment Programme,Obs_Value = 0;  Represent 1996 proxy,Obs_Value = 0;  Represent 1996 proxy,0.0
2007,E,Global Surface Water Explorer extraction for UN Environment Programme,Mangrove total area change (%) [6.6.1],,Percent,Estimated,Global Surface Water Explorer extraction for UN Environment Programme,,Obs_Value = 0;  Represent 1996 proxy,-3.75
2008,E,Global Surface Water Explorer extraction for UN Environment Programme,Mangrove total area change (%) [6.6.1],,Percent,Estimated,Global Surface Water Explorer extraction for UN Environment Programme,,Obs_Value = 0;  Represent 1996 proxy,-3.55
2009,E,Global Surface Water Explorer extraction for UN Environment Programme,Mangrove total area change (%) [6.6.1],,Percent,Estimated,Global Surface Water Explorer extraction for UN Environment Programme,,Obs_Value = 0;  Represent 1996 proxy,-3.6
2010,E,Global Surface Water Explorer extraction for UN Environment Programme,Mangrove total area change (%) [6.6.1],,Percent,Estimated,Global Surface Water Explorer extraction for UN Environment Programme,,Obs_Value = 0;  Represent 1996 proxy,-3.7
2015,E,Global Surface Water Explorer extraction for UN Environment Programme,Mangrove total area change (%) [6.6.1],,Percent,Estimated,Global Surface Water Explorer extraction for UN Environment Programme,,Obs_Value = 0;  Represent 1996 proxy,-4.65
2016,E,Global Surface Water Explorer extraction for UN Environment Programme,Mangrove total area change (%) [6.6.1],,Percent,Estimated,Global Surface Water Explorer extraction for UN Environment Programme,,Obs_Value = 0;  Represent 1996 proxy,-4.57
2000,E,Global Surface Water Explorer extraction for UN Environment Programme,Mangrove area gain (square kilometres) [6.6.1],,Square kilometers,Estimated,Global Surface Water Explorer extraction for UN Environment Programme,Obs_Value = 0;  Represent 1996 proxy,Obs_Value = 0;  Represent 1996 proxy,0.0
2007,E,Global Surface Water Explorer extraction for UN Environment Programme,Mangrove area gain (square kilometres) [6.6.1],,Square kilometers,Estimated,Global Surface Water Explorer extraction for UN Environment Programme,,Obs_Value = 0;  Represent 1996 proxy,4.13
2008,E,Global Surface Water Explorer extraction for UN Environment Programme,Mangrove area gain (square kilometres) [6.6.1],,Square kilometers,Estimated,Global Surface Water Explorer extraction for UN Environment Programme,,Obs_Value = 0;  Represent 1996 proxy,4.58
2009,E,Global Surface Water Explorer extraction for UN Environment Programme,Mangrove area gain (square kilometres) [6.6.1],,Square kilometers,Estimated,Global Surface Water Explorer extraction for UN Environment Programme,,Obs_Value = 0;  Represent 1996 proxy,5.5
2010,E,Global Surface Water Explorer extraction for UN Environment Programme,Mangrove area gain (square kilometres) [6.6.1],,Square kilometers,Estimated,Global Surface Water Explorer extraction for UN Environment Programme,,Obs_Value = 0;  Represent 1996 proxy,7.54
2015,E,Global Surface Water Explorer extraction for UN Environment Programme,Mangrove area gain (square kilometres) [6.6.1],,Square kilometers,Estimated,Global Surface Water Explorer extraction for UN Environment Programme,,Obs_Value = 0;  Represent 1996 proxy,7.12
2016,E,Global Surface Water Explorer extraction for UN Environment Programme,Mangrove area gain (square kilometres) [6.6.1],,Square kilometers,Estimated,Global Surface Water Explorer extraction for UN Environment Programme,,Obs_Value = 0;  Represent 1996 proxy,8.44
2000,E,Global Surface Water Explorer extraction for UN Environment Programme,Mangrove area gain (%) [6.6.1],,Percent,Estimated,Global Surface Water Explorer extraction for UN Environment Programme,Obs_Value = 0;  Represent 1996 proxy,Obs_Value = 0;  Represent 1996 proxy,0.0
2007,E,Global Surface Water Explorer extraction for UN Environment Programme,Mangrove area gain (%) [6.6.1],,Percent,Estimated,Global Surface Water Explorer extraction for UN Environment Programme,,Obs_Value = 0;  Represent 1996 proxy,0.74
2008,E,Global Surface Water Explorer extraction for UN Environment Programme,Mangrove area gain (%) [6.6.1],,Percent,Estimated,Global Surface Water Explorer extraction for UN Environment Programme,,Obs_Value = 0;  Represent 1996 proxy,0.83
2009,E,Global Surface Water Explorer extraction for UN Environment Programme,Mangrove area gain (%) [6.6.1],,Percent,Estimated,Global Surface Water Explorer extraction for UN Environment Programme,,Obs_Value = 0;  Represent 1996 proxy,0.99
2010,E,Global Surface Water Explorer extraction for UN Environment Programme,Mangrove area gain (%) [6.6.1],,Percent,Estimated,Global Surface Water Explorer extraction for UN Environment Programme,,Obs_Value = 0;  Represent 1996 proxy,1.36
2015,E,Global Surface Water Explorer extraction for UN Environment Programme,Mangrove area gain (%) [6.6.1],,Percent,Estimated,Global Surface Water Explorer extraction for UN Environment Programme,,Obs_Value = 0;  Represent 1996 proxy,1.28
2016,E,Global Surface Water Explorer extraction for UN Environment Programme,Mangrove area gain (%) [6.6.1],,Percent,Estimated,Global Surface Water Explorer extraction for UN Environment Programme,,Obs_Value = 0;  Represent 1996 proxy,1.52
2000,E,Global Surface Water Explorer extraction for UN Environment Programme,Mangrove area loss (square kilometres) [6.6.1],,Square kilometers,Estimated,Global Surface Water Explorer extraction for UN Environment Programme,Obs_Value = 0;  Represent 1996 proxy,Obs_Value = 0;  Represent 1996 proxy,0.0
2007,E,Global Surface Water Explorer extraction for UN Environment Programme,Mangrove area loss (square kilometres) [6.6.1],,Square kilometers,Estimated,Global Surface Water Explorer extraction for UN Environment Programme,,Obs_Value = 0;  Represent 1996 proxy,24.91
2008,E,Global Surface Water Explorer extraction for UN Environment Programme,Mangrove area loss (square kilometres) [6.6.1],,Square kilometers,Estimated,Global Surface Water Explorer extraction for UN Environment Programme,,Obs_Value = 0;  Represent 1996 proxy,24.27
2009,E,Global Surface Water Explorer extraction for UN Environment Programme,Mangrove area loss (square kilometres) [6.6.1],,Square kilometers,Estimated,Global Surface Water Explorer extraction for UN Environment Programme,,Obs_Value = 0;  Represent 1996 proxy,25.49
2010,E,Global Surface Water Explorer extraction for UN Environment Programme,Mangrove area loss (square kilometres) [6.6.1],,Square kilometers,Estimated,Global Surface Water Explorer extraction for UN Environment Programme,,Obs_Value = 0;  Represent 1996 proxy,28.06
2015,E,Global Surface Water Explorer extraction for UN Environment Programme,Mangrove area loss (square kilometres) [6.6.1],,Square kilometers,Estimated,Global Surface Water Explorer extraction for UN Environment Programme,,Obs_Value = 0;  Represent 1996 proxy,32.92
2016,E,Global Surface Water Explorer extraction for UN Environment Programme,Mangrove area loss (square kilometres) [6.6.1],,Square kilometers,Estimated,Global Surface Water Explorer extraction for UN Environment Programme,,Obs_Value = 0;  Represent 1996 proxy,33.78
2000,E,Global Surface Water Explorer extraction for UN Environment Programme,Mangrove area loss (%) [6.6.1],,Percent,Estimated,Global Surface Water Explorer extraction for UN Environment Programme,Obs_Value = 0;  Represent 1996 proxy,Obs_Value = 0;  Represent 1996 proxy,0.0
2007,E,Global Surface Water Explorer extraction for UN Environment Programme,Mangrove area loss (%) [6.6.1],,Percent,Estimated,Global Surface Water Explorer extraction for UN Environment Programme,,Obs_Value = 0;  Represent 1996 proxy,4.49
2008,E,Global Surface Water Explorer extraction for UN Environment Programme,Mangrove area loss (%) [6.6.1],,Percent,Estimated,Global Surface Water Explorer extraction for UN Environment Programme,,Obs_Value = 0;  Represent 1996 proxy,4.38
2009,E,Global Surface Water Explorer extraction for UN Environment Programme,Mangrove area loss (%) [6.6.1],,Percent,Estimated,Global Surface Water Explorer extraction for UN Environment Programme,,Obs_Value = 0;  Represent 1996 proxy,4.6
2010,E,Global Surface Water Explorer extraction for UN Environment Programme,Mangrove area loss (%) [6.6.1],,Percent,Estimated,Global Surface Water Explorer extraction for UN Environment Programme,,Obs_Value = 0;  Represent 1996 proxy,5.06
2015,E,Global Surface Water Explorer extraction for UN Environment Programme,Mangrove area loss (%) [6.6.1],,Percent,Estimated,Global Surface Water Explorer extraction for UN Environment Programme,,Obs_Value = 0;  Represent 1996 proxy,5.93
2016,E,Global Surface Water Explorer extraction for UN Environment Programme,Mangrove area loss (%) [6.6.1],,Percent,Estimated,Global Surface Water Explorer extraction for UN Environment Programme,,Obs_Value = 0;  Represent 1996 proxy,6.09
2000,E,Global Surface Water Explorer extraction for UN Environment Programme,Mangrove area (square kilometres) [6.6.1],,Square kilometers,Estimated,Global Surface Water Explorer extraction for UN Environment Programme,Represent 1996 proxy,Represent 1996 proxy,554.66
2007,E,Global Surface Water Explorer extraction for UN Environment Programme,Mangrove area (square kilometres) [6.6.1],,Square kilometers,Estimated,Global Surface Water Explorer extraction for UN Environment Programme,,Represent 1996 proxy,533.88
2008,E,Global Surface Water Explorer extraction for UN Environment Programme,Mangrove area (square kilometres) [6.6.1],,Square kilometers,Estimated,Global Surface Water Explorer extraction for UN Environment Programme,,Represent 1996 proxy,534.97
2009,E,Global Surface Water Explorer extraction for UN Environment Programme,Mangrove area (square kilometres) [6.6.1],,Square kilometers,Estimated,Global Surface Water Explorer extraction for UN Environment Programme,,Represent 1996 proxy,534.67
2010,E,Global Surface Water Explorer extraction for UN Environment Programme,Mangrove area (square kilometres) [6.6.1],,Square kilometers,Estimated,Global Surface Water Explorer extraction for UN Environment Programme,,Represent 1996 proxy,534.15
2015,E,Global Surface Water Explorer extraction for UN Environment Programme,Mangrove area (square kilometres) [6.6.1],,Square kilometers,Estimated,Global Surface Water Explorer extraction for UN Environment Programme,,Represent 1996 proxy,528.86
2016,E,Global Surface Water Explorer extraction for UN Environment Programme,Mangrove area (square kilometres) [6.6.1],,Square kilometers,Estimated,Global Surface Water Explorer extraction for UN Environment Programme,,Represent 1996 proxy,529.32
2017,E,Global Surface Water Explorer extraction for UN Environment Programme,Wetlands area (square kilometres) [6.6.1],,Square kilometers,Estimated,Global Surface Water Explorer extraction for UN Environment Programme,,,4319.06
2017,E,Global Surface Water Explorer extraction for UN Environment Programme,Wetlands area (% of total land area) [6.6.1],,Percent,Estimated,Global Surface Water Explorer extraction for UN Environment Programme,,,0.74
