Year,COMMENT_OBS,SDG Series,Degree of urbanisation,Observation-level footnotes,Value
2010,Observation values: 10 = Clearly defined procedures; 5 = Not clearly defined  procedures; 0 = Not applicable.,"Countries with procedures in law or policy for participation by service users/communities in planning program in rural drinking-water supply, by level of definition in procedures (10 = Clearly defined; 5 = Not clearly defined ; 0 = NA) [6.b.1]",Rural,Observation values: 10 = Clearly defined procedures; 5 = Not clearly defined  procedures; 0 = Not applicable.,10
2012,Observation values: 10 = Clearly defined procedures; 5 = Not clearly defined  procedures; 0 = Not applicable.,"Countries with procedures in law or policy for participation by service users/communities in planning program in rural drinking-water supply, by level of definition in procedures (10 = Clearly defined; 5 = Not clearly defined ; 0 = NA) [6.b.1]",Rural,Observation values: 10 = Clearly defined procedures; 5 = Not clearly defined  procedures; 0 = Not applicable.,10
2014,Observation values: 10 = Clearly defined procedures; 5 = Not clearly defined  procedures; 0 = Not applicable.,"Countries with procedures in law or policy for participation by service users/communities in planning program in rural drinking-water supply, by level of definition in procedures (10 = Clearly defined; 5 = Not clearly defined ; 0 = NA) [6.b.1]",Rural,Observation values: 10 = Clearly defined procedures; 5 = Not clearly defined  procedures; 0 = Not applicable.,10
2017,Observation values: 10 = Clearly defined procedures; 5 = Not clearly defined  procedures; 0 = Not applicable.,"Countries with procedures in law or policy for participation by service users/communities in planning program in rural drinking-water supply, by level of definition in procedures (10 = Clearly defined; 5 = Not clearly defined ; 0 = NA) [6.b.1]",Rural,Observation values: 10 = Clearly defined procedures; 5 = Not clearly defined  procedures; 0 = Not applicable.,10
2019,Observation values: 10 = Clearly defined procedures; 5 = Not clearly defined  procedures; 0 = Not applicable.,"Countries with procedures in law or policy for participation by service users/communities in planning program in rural drinking-water supply, by level of definition in procedures (10 = Clearly defined; 5 = Not clearly defined ; 0 = NA) [6.b.1]",Rural,Observation values: 10 = Clearly defined procedures; 5 = Not clearly defined  procedures; 0 = Not applicable.,10
2010,Obs_Value = 0;  Observation values: 3 = High level of participation; 2 = Moderate level of participation; 1 = Low level of participation; 0 = Not applicable.,"Countries with users/communities participating in planning programs in rural drinking-water supply, by level of participation (3 = High; 2 = Moderate; 1 = Low; 0 = NA) [6.b.1]",Rural,Observation values: 3 = High level of participation; 2 = Moderate level of participation; 1 = Low level of participation; 0 = Not applicable.,0
2012,Obs_Value = 0;  Observation values: 3 = High level of participation; 2 = Moderate level of participation; 1 = Low level of participation; 0 = Not applicable.,"Countries with users/communities participating in planning programs in rural drinking-water supply, by level of participation (3 = High; 2 = Moderate; 1 = Low; 0 = NA) [6.b.1]",Rural,Observation values: 3 = High level of participation; 2 = Moderate level of participation; 1 = Low level of participation; 0 = Not applicable.,0
2014,Observation values: 3 = High level of participation; 2 = Moderate level of participation; 1 = Low level of participation; 0 = Not applicable.,"Countries with users/communities participating in planning programs in rural drinking-water supply, by level of participation (3 = High; 2 = Moderate; 1 = Low; 0 = NA) [6.b.1]",Rural,Observation values: 3 = High level of participation; 2 = Moderate level of participation; 1 = Low level of participation; 0 = Not applicable.,2
2017,Observation values: 3 = High level of participation; 2 = Moderate level of participation; 1 = Low level of participation; 0 = Not applicable.,"Countries with users/communities participating in planning programs in rural drinking-water supply, by level of participation (3 = High; 2 = Moderate; 1 = Low; 0 = NA) [6.b.1]",Rural,Observation values: 3 = High level of participation; 2 = Moderate level of participation; 1 = Low level of participation; 0 = Not applicable.,3
2019,Observation values: 3 = High level of participation; 2 = Moderate level of participation; 1 = Low level of participation; 0 = Not applicable.,"Countries with users/communities participating in planning programs in rural drinking-water supply, by level of participation (3 = High; 2 = Moderate; 1 = Low; 0 = NA) [6.b.1]",Rural,Observation values: 3 = High level of participation; 2 = Moderate level of participation; 1 = Low level of participation; 0 = Not applicable.,3
2017,Observation value: 3 = High level of participation; 2 = Moderate level of participation; 1 = Low level of participation; 0 = Not applicable.,"Countries with users/communities participating in planning programs in water resources planning and management, by level of participation (3 = High; 2 = Moderate; 1 = Low; 0 = NA) [6.b.1]",,Observation value: 3 = High level of participation; 2 = Moderate level of participation; 1 = Low level of participation; 0 = Not applicable.,1
2019,Observation value: 3 = High level of participation; 2 = Moderate level of participation; 1 = Low level of participation; 0 = Not applicable.,"Countries with users/communities participating in planning programs in water resources planning and management, by level of participation (3 = High; 2 = Moderate; 1 = Low; 0 = NA) [6.b.1]",,Observation value: 3 = High level of participation; 2 = Moderate level of participation; 1 = Low level of participation; 0 = Not applicable.,1
2017,Observation values: 10 = Clearly defined procedures; 5 = Not clearly defined  procedures; 0 = Not applicable.,"Countries with procedures in law or policy for participation by service users/communities in planning program in water resources planning and management, by level of definition in procedures (10 = Clearly defined; 5 = Not clearly defined ; 0 = NA) [6.b.1]",,Observation values: 10 = Clearly defined procedures; 5 = Not clearly defined  procedures; 0 = Not applicable.,10
2019,Observation values: 10 = Clearly defined procedures; 5 = Not clearly defined  procedures; 0 = Not applicable.,"Countries with procedures in law or policy for participation by service users/communities in planning program in water resources planning and management, by level of definition in procedures (10 = Clearly defined; 5 = Not clearly defined ; 0 = NA) [6.b.1]",,Observation values: 10 = Clearly defined procedures; 5 = Not clearly defined  procedures; 0 = Not applicable.,10
