Year,COMMENT_OBS,Sex,Value
2006,Repository: ILO-STATISTICS - Micro data processing | Break in series: Methodology revised,,22.7
2016,Repository: ILO-STATISTICS - Micro data processing,,13.73
2019,Repository: ILO-STATISTICS - Micro data processing,,19.67
2006,Repository: ILO-STATISTICS - Micro data processing | Break in series: Methodology revised,Female,29.98
2016,Repository: ILO-STATISTICS - Micro data processing,Female,18.24
2019,Repository: ILO-STATISTICS - Micro data processing,Female,24.29
2006,Repository: ILO-STATISTICS - Micro data processing | Break in series: Methodology revised,Male,15.36
2016,Repository: ILO-STATISTICS - Micro data processing,Male,9.2
2019,Repository: ILO-STATISTICS - Micro data processing,Male,14.97
