Year,BASE_PER,NATURE,COMMENT_OBS,SOURCE_DETAIL,SDG Series,Sex,Age,Degree of urbanisation,Base period,Nature of data points,Observation-level footnotes,Source details,Value
1991,2017,G,"Accessed September 14, 2022. Based on data from EP. Estimated from grouped consumption data. ","Poverty and Inequality Portal, World Bank",Proportion of population below international poverty line [1.1.1],,,,2017,Global monitoring data,"Accessed September 14, 2022. Based on data from EHCVM. Estimated from unit-record consumption data. ","Poverty and Inequality Portal, World Bank",70.1
1994,2017,G,"Accessed September 14, 2022. Based on data from ESAM. Estimated from grouped consumption data. ","Poverty and Inequality Portal, World Bank",Proportion of population below international poverty line [1.1.1],,,,2017,Global monitoring data,"Accessed September 14, 2022. Based on data from EHCVM. Estimated from unit-record consumption data. ","Poverty and Inequality Portal, World Bank",60.3
2001,2017,G,"Accessed September 14, 2022. Based on data from ESAM-II. Estimated from unit-record consumption data. ","Poverty and Inequality Portal, World Bank",Proportion of population below international poverty line [1.1.1],,,,2017,Global monitoring data,"Accessed September 14, 2022. Based on data from EHCVM. Estimated from unit-record consumption data. ","Poverty and Inequality Portal, World Bank",52.4
2005,2017,G,"Accessed September 14, 2022. Based on data from ESPS-I. Estimated from unit-record consumption data. ","Poverty and Inequality Portal, World Bank",Proportion of population below international poverty line [1.1.1],,,,2017,Global monitoring data,"Accessed September 14, 2022. Based on data from EHCVM. Estimated from unit-record consumption data. ","Poverty and Inequality Portal, World Bank",41.1
2011,2017,G,"Accessed September 14, 2022. Based on data from ESPS-II. Estimated from unit-record consumption data. ","Poverty and Inequality Portal, World Bank",Proportion of population below international poverty line [1.1.1],,,,2017,Global monitoring data,"Accessed September 14, 2022. Based on data from EHCVM. Estimated from unit-record consumption data. ","Poverty and Inequality Portal, World Bank",41.0
2018,2017,G,"Accessed September 14, 2022. Based on data from EHCVM. Estimated from unit-record consumption data. ","Poverty and Inequality Portal, World Bank",Proportion of population below international poverty line [1.1.1],,,,2017,Global monitoring data,"Accessed September 14, 2022. Based on data from EHCVM. Estimated from unit-record consumption data. ","Poverty and Inequality Portal, World Bank",9.3
2018,2017,G,"Accessed September 14, 2022. Survey name: EHCVM. Uses a consumption aggregate, which is not spatially deflated.","Poverty and Inequality Portal, World Bank",Proportion of population below international poverty line [1.1.1],,,Rural,2017,Global monitoring data,"Accessed September 14, 2022. Survey name: EHCVM. Uses a consumption aggregate, which is not spatially deflated.","Poverty and Inequality Portal, World Bank",15.13168
2018,2017,G,"Accessed September 14, 2022. Survey name: EHCVM. Uses a consumption aggregate, which is not spatially deflated.","Poverty and Inequality Portal, World Bank",Proportion of population below international poverty line [1.1.1],,,Urban,2017,Global monitoring data,"Accessed September 14, 2022. Survey name: EHCVM. Uses a consumption aggregate, which is not spatially deflated.","Poverty and Inequality Portal, World Bank",2.75119
2018,2017,G,"Accessed September 14, 2022. Survey name: EHCVM. Uses a consumption aggregate, which is not spatially deflated.","Poverty and Inequality Portal, World Bank",Proportion of population below international poverty line [1.1.1],,65 years old and over,,2017,Global monitoring data,"Accessed September 14, 2022. Survey name: EHCVM. Uses a consumption aggregate, which is not spatially deflated.","Poverty and Inequality Portal, World Bank",6.63446
2018,2017,G,"Accessed September 14, 2022. Survey name: EHCVM. Uses a consumption aggregate, which is not spatially deflated.","Poverty and Inequality Portal, World Bank",Proportion of population below international poverty line [1.1.1],,under 15 years old,,2017,Global monitoring data,"Accessed September 14, 2022. Survey name: EHCVM. Uses a consumption aggregate, which is not spatially deflated.","Poverty and Inequality Portal, World Bank",10.70388
2018,2017,G,"Accessed September 14, 2022. Survey name: EHCVM. Uses a consumption aggregate, which is not spatially deflated.","Poverty and Inequality Portal, World Bank",Proportion of population below international poverty line [1.1.1],,15 to 64 years old,,2017,Global monitoring data,"Accessed September 14, 2022. Survey name: EHCVM. Uses a consumption aggregate, which is not spatially deflated.","Poverty and Inequality Portal, World Bank",7.11216
2018,2017,G,"Accessed September 14, 2022. Survey name: EHCVM. Uses a consumption aggregate, which is not spatially deflated.","Poverty and Inequality Portal, World Bank",Proportion of population below international poverty line [1.1.1],Female,,,2017,Global monitoring data,"Accessed September 14, 2022. Survey name: EHCVM. Uses a consumption aggregate, which is not spatially deflated.","Poverty and Inequality Portal, World Bank",9.37632
2018,2017,G,"Accessed September 14, 2022. Survey name: EHCVM. Uses a consumption aggregate, which is not spatially deflated.","Poverty and Inequality Portal, World Bank",Proportion of population below international poverty line [1.1.1],Male,,,2017,Global monitoring data,"Accessed September 14, 2022. Survey name: EHCVM. Uses a consumption aggregate, which is not spatially deflated.","Poverty and Inequality Portal, World Bank",9.2886
2000,,M,,"Source = ILO modelled estimates, November 2021, available in ILOSTAT (https://ilostat.ilo.org/). For the specific sources by country and the estimation methodology refer to ILOSTAT directly.",Employed population below international poverty line [1.1.1],,15 years old and over,,,Modeled,,"Source = ILO modelled estimates, November 2021, available in ILOSTAT (https://ilostat.ilo.org/). For the specific sources by country and the estimation methodology refer to ILOSTAT directly.",52.7
2001,,E,,"Source = ILO modelled estimates, November 2021, available in ILOSTAT (https://ilostat.ilo.org/). For the specific sources by country and the estimation methodology refer to ILOSTAT directly.",Employed population below international poverty line [1.1.1],,15 years old and over,,,Modeled,,"Source = ILO modelled estimates, November 2021, available in ILOSTAT (https://ilostat.ilo.org/). For the specific sources by country and the estimation methodology refer to ILOSTAT directly.",51.0
2002,,M,,"Source = ILO modelled estimates, November 2021, available in ILOSTAT (https://ilostat.ilo.org/). For the specific sources by country and the estimation methodology refer to ILOSTAT directly.",Employed population below international poverty line [1.1.1],,15 years old and over,,,Modeled,,"Source = ILO modelled estimates, November 2021, available in ILOSTAT (https://ilostat.ilo.org/). For the specific sources by country and the estimation methodology refer to ILOSTAT directly.",50.7
2003,,M,,"Source = ILO modelled estimates, November 2021, available in ILOSTAT (https://ilostat.ilo.org/). For the specific sources by country and the estimation methodology refer to ILOSTAT directly.",Employed population below international poverty line [1.1.1],,15 years old and over,,,Modeled,,"Source = ILO modelled estimates, November 2021, available in ILOSTAT (https://ilostat.ilo.org/). For the specific sources by country and the estimation methodology refer to ILOSTAT directly.",47.3
2004,,M,,"Source = ILO modelled estimates, November 2021, available in ILOSTAT (https://ilostat.ilo.org/). For the specific sources by country and the estimation methodology refer to ILOSTAT directly.",Employed population below international poverty line [1.1.1],,15 years old and over,,,Modeled,,"Source = ILO modelled estimates, November 2021, available in ILOSTAT (https://ilostat.ilo.org/). For the specific sources by country and the estimation methodology refer to ILOSTAT directly.",43.6
2005,,M,,"Source = ILO modelled estimates, November 2021, available in ILOSTAT (https://ilostat.ilo.org/). For the specific sources by country and the estimation methodology refer to ILOSTAT directly.",Employed population below international poverty line [1.1.1],,15 years old and over,,,Modeled,,"Source = ILO modelled estimates, November 2021, available in ILOSTAT (https://ilostat.ilo.org/). For the specific sources by country and the estimation methodology refer to ILOSTAT directly.",40.7
2006,,M,,"Source = ILO modelled estimates, November 2021, available in ILOSTAT (https://ilostat.ilo.org/). For the specific sources by country and the estimation methodology refer to ILOSTAT directly.",Employed population below international poverty line [1.1.1],,15 years old and over,,,Modeled,,"Source = ILO modelled estimates, November 2021, available in ILOSTAT (https://ilostat.ilo.org/). For the specific sources by country and the estimation methodology refer to ILOSTAT directly.",39.9
2007,,M,,"Source = ILO modelled estimates, November 2021, available in ILOSTAT (https://ilostat.ilo.org/). For the specific sources by country and the estimation methodology refer to ILOSTAT directly.",Employed population below international poverty line [1.1.1],,15 years old and over,,,Modeled,,"Source = ILO modelled estimates, November 2021, available in ILOSTAT (https://ilostat.ilo.org/). For the specific sources by country and the estimation methodology refer to ILOSTAT directly.",39.2
2008,,M,,"Source = ILO modelled estimates, November 2021, available in ILOSTAT (https://ilostat.ilo.org/). For the specific sources by country and the estimation methodology refer to ILOSTAT directly.",Employed population below international poverty line [1.1.1],,15 years old and over,,,Modeled,,"Source = ILO modelled estimates, November 2021, available in ILOSTAT (https://ilostat.ilo.org/). For the specific sources by country and the estimation methodology refer to ILOSTAT directly.",38.3
2009,,M,,"Source = ILO modelled estimates, November 2021, available in ILOSTAT (https://ilostat.ilo.org/). For the specific sources by country and the estimation methodology refer to ILOSTAT directly.",Employed population below international poverty line [1.1.1],,15 years old and over,,,Modeled,,"Source = ILO modelled estimates, November 2021, available in ILOSTAT (https://ilostat.ilo.org/). For the specific sources by country and the estimation methodology refer to ILOSTAT directly.",39.2
2010,,M,,"Source = ILO modelled estimates, November 2021, available in ILOSTAT (https://ilostat.ilo.org/). For the specific sources by country and the estimation methodology refer to ILOSTAT directly.",Employed population below international poverty line [1.1.1],,15 years old and over,,,Modeled,,"Source = ILO modelled estimates, November 2021, available in ILOSTAT (https://ilostat.ilo.org/). For the specific sources by country and the estimation methodology refer to ILOSTAT directly.",38.8
2011,,M,,"Source = ILO modelled estimates, November 2021, available in ILOSTAT (https://ilostat.ilo.org/). For the specific sources by country and the estimation methodology refer to ILOSTAT directly.",Employed population below international poverty line [1.1.1],,15 years old and over,,,Modeled,,"Source = ILO modelled estimates, November 2021, available in ILOSTAT (https://ilostat.ilo.org/). For the specific sources by country and the estimation methodology refer to ILOSTAT directly.",39.5
2012,,M,,"Source = ILO modelled estimates, November 2021, available in ILOSTAT (https://ilostat.ilo.org/). For the specific sources by country and the estimation methodology refer to ILOSTAT directly.",Employed population below international poverty line [1.1.1],,15 years old and over,,,Modeled,,"Source = ILO modelled estimates, November 2021, available in ILOSTAT (https://ilostat.ilo.org/). For the specific sources by country and the estimation methodology refer to ILOSTAT directly.",38.8
2013,,M,,"Source = ILO modelled estimates, November 2021, available in ILOSTAT (https://ilostat.ilo.org/). For the specific sources by country and the estimation methodology refer to ILOSTAT directly.",Employed population below international poverty line [1.1.1],,15 years old and over,,,Modeled,,"Source = ILO modelled estimates, November 2021, available in ILOSTAT (https://ilostat.ilo.org/). For the specific sources by country and the estimation methodology refer to ILOSTAT directly.",38.7
2014,,M,,"Source = ILO modelled estimates, November 2021, available in ILOSTAT (https://ilostat.ilo.org/). For the specific sources by country and the estimation methodology refer to ILOSTAT directly.",Employed population below international poverty line [1.1.1],,15 years old and over,,,Modeled,,"Source = ILO modelled estimates, November 2021, available in ILOSTAT (https://ilostat.ilo.org/). For the specific sources by country and the estimation methodology refer to ILOSTAT directly.",37.1
2015,,M,,"Source = ILO modelled estimates, November 2021, available in ILOSTAT (https://ilostat.ilo.org/). For the specific sources by country and the estimation methodology refer to ILOSTAT directly.",Employed population below international poverty line [1.1.1],,15 years old and over,,,Modeled,,"Source = ILO modelled estimates, November 2021, available in ILOSTAT (https://ilostat.ilo.org/). For the specific sources by country and the estimation methodology refer to ILOSTAT directly.",35.4
2016,,M,,"Source = ILO modelled estimates, November 2021, available in ILOSTAT (https://ilostat.ilo.org/). For the specific sources by country and the estimation methodology refer to ILOSTAT directly.",Employed population below international poverty line [1.1.1],,15 years old and over,,,Modeled,,"Source = ILO modelled estimates, November 2021, available in ILOSTAT (https://ilostat.ilo.org/). For the specific sources by country and the estimation methodology refer to ILOSTAT directly.",33.5
2017,,M,,"Source = ILO modelled estimates, November 2021, available in ILOSTAT (https://ilostat.ilo.org/). For the specific sources by country and the estimation methodology refer to ILOSTAT directly.",Employed population below international poverty line [1.1.1],,15 years old and over,,,Modeled,,"Source = ILO modelled estimates, November 2021, available in ILOSTAT (https://ilostat.ilo.org/). For the specific sources by country and the estimation methodology refer to ILOSTAT directly.",31.8
2018,,M,,"Source = ILO modelled estimates, November 2021, available in ILOSTAT (https://ilostat.ilo.org/). For the specific sources by country and the estimation methodology refer to ILOSTAT directly.",Employed population below international poverty line [1.1.1],,15 years old and over,,,Modeled,,"Source = ILO modelled estimates, November 2021, available in ILOSTAT (https://ilostat.ilo.org/). For the specific sources by country and the estimation methodology refer to ILOSTAT directly.",30.1
2019,,M,,"Source = ILO modelled estimates, November 2021, available in ILOSTAT (https://ilostat.ilo.org/). For the specific sources by country and the estimation methodology refer to ILOSTAT directly.",Employed population below international poverty line [1.1.1],,15 years old and over,,,Modeled,,"Source = ILO modelled estimates, November 2021, available in ILOSTAT (https://ilostat.ilo.org/). For the specific sources by country and the estimation methodology refer to ILOSTAT directly.",28.9
2020,,M,,"Source = ILO modelled estimates, November 2021, available in ILOSTAT (https://ilostat.ilo.org/). For the specific sources by country and the estimation methodology refer to ILOSTAT directly.",Employed population below international poverty line [1.1.1],,15 years old and over,,,Modeled,,"Source = ILO modelled estimates, November 2021, available in ILOSTAT (https://ilostat.ilo.org/). For the specific sources by country and the estimation methodology refer to ILOSTAT directly.",30.2
2021,,M,,"Source = ILO modelled estimates, November 2021, available in ILOSTAT (https://ilostat.ilo.org/). For the specific sources by country and the estimation methodology refer to ILOSTAT directly.",Employed population below international poverty line [1.1.1],,15 years old and over,,,Modeled,,"Source = ILO modelled estimates, November 2021, available in ILOSTAT (https://ilostat.ilo.org/). For the specific sources by country and the estimation methodology refer to ILOSTAT directly.",30.1
2000,,M,,"Source = ILO modelled estimates, November 2021, available in ILOSTAT (https://ilostat.ilo.org/). For the specific sources by country and the estimation methodology refer to ILOSTAT directly.",Employed population below international poverty line [1.1.1],,25 years old and over,,,Modeled,,"Source = ILO modelled estimates, November 2021, available in ILOSTAT (https://ilostat.ilo.org/). For the specific sources by country and the estimation methodology refer to ILOSTAT directly.",50.0
2001,,E,,"Source = ILO modelled estimates, November 2021, available in ILOSTAT (https://ilostat.ilo.org/). For the specific sources by country and the estimation methodology refer to ILOSTAT directly.",Employed population below international poverty line [1.1.1],,25 years old and over,,,Modeled,,"Source = ILO modelled estimates, November 2021, available in ILOSTAT (https://ilostat.ilo.org/). For the specific sources by country and the estimation methodology refer to ILOSTAT directly.",48.4
2002,,M,,"Source = ILO modelled estimates, November 2021, available in ILOSTAT (https://ilostat.ilo.org/). For the specific sources by country and the estimation methodology refer to ILOSTAT directly.",Employed population below international poverty line [1.1.1],,25 years old and over,,,Modeled,,"Source = ILO modelled estimates, November 2021, available in ILOSTAT (https://ilostat.ilo.org/). For the specific sources by country and the estimation methodology refer to ILOSTAT directly.",48.0
2003,,M,,"Source = ILO modelled estimates, November 2021, available in ILOSTAT (https://ilostat.ilo.org/). For the specific sources by country and the estimation methodology refer to ILOSTAT directly.",Employed population below international poverty line [1.1.1],,25 years old and over,,,Modeled,,"Source = ILO modelled estimates, November 2021, available in ILOSTAT (https://ilostat.ilo.org/). For the specific sources by country and the estimation methodology refer to ILOSTAT directly.",44.5
2004,,M,,"Source = ILO modelled estimates, November 2021, available in ILOSTAT (https://ilostat.ilo.org/). For the specific sources by country and the estimation methodology refer to ILOSTAT directly.",Employed population below international poverty line [1.1.1],,25 years old and over,,,Modeled,,"Source = ILO modelled estimates, November 2021, available in ILOSTAT (https://ilostat.ilo.org/). For the specific sources by country and the estimation methodology refer to ILOSTAT directly.",40.7
2005,,M,,"Source = ILO modelled estimates, November 2021, available in ILOSTAT (https://ilostat.ilo.org/). For the specific sources by country and the estimation methodology refer to ILOSTAT directly.",Employed population below international poverty line [1.1.1],,25 years old and over,,,Modeled,,"Source = ILO modelled estimates, November 2021, available in ILOSTAT (https://ilostat.ilo.org/). For the specific sources by country and the estimation methodology refer to ILOSTAT directly.",37.9
2006,,M,,"Source = ILO modelled estimates, November 2021, available in ILOSTAT (https://ilostat.ilo.org/). For the specific sources by country and the estimation methodology refer to ILOSTAT directly.",Employed population below international poverty line [1.1.1],,25 years old and over,,,Modeled,,"Source = ILO modelled estimates, November 2021, available in ILOSTAT (https://ilostat.ilo.org/). For the specific sources by country and the estimation methodology refer to ILOSTAT directly.",37.1
2007,,M,,"Source = ILO modelled estimates, November 2021, available in ILOSTAT (https://ilostat.ilo.org/). For the specific sources by country and the estimation methodology refer to ILOSTAT directly.",Employed population below international poverty line [1.1.1],,25 years old and over,,,Modeled,,"Source = ILO modelled estimates, November 2021, available in ILOSTAT (https://ilostat.ilo.org/). For the specific sources by country and the estimation methodology refer to ILOSTAT directly.",36.4
2008,,M,,"Source = ILO modelled estimates, November 2021, available in ILOSTAT (https://ilostat.ilo.org/). For the specific sources by country and the estimation methodology refer to ILOSTAT directly.",Employed population below international poverty line [1.1.1],,25 years old and over,,,Modeled,,"Source = ILO modelled estimates, November 2021, available in ILOSTAT (https://ilostat.ilo.org/). For the specific sources by country and the estimation methodology refer to ILOSTAT directly.",35.5
2009,,M,,"Source = ILO modelled estimates, November 2021, available in ILOSTAT (https://ilostat.ilo.org/). For the specific sources by country and the estimation methodology refer to ILOSTAT directly.",Employed population below international poverty line [1.1.1],,25 years old and over,,,Modeled,,"Source = ILO modelled estimates, November 2021, available in ILOSTAT (https://ilostat.ilo.org/). For the specific sources by country and the estimation methodology refer to ILOSTAT directly.",36.5
2010,,M,,"Source = ILO modelled estimates, November 2021, available in ILOSTAT (https://ilostat.ilo.org/). For the specific sources by country and the estimation methodology refer to ILOSTAT directly.",Employed population below international poverty line [1.1.1],,25 years old and over,,,Modeled,,"Source = ILO modelled estimates, November 2021, available in ILOSTAT (https://ilostat.ilo.org/). For the specific sources by country and the estimation methodology refer to ILOSTAT directly.",36.1
2011,,M,,"Source = ILO modelled estimates, November 2021, available in ILOSTAT (https://ilostat.ilo.org/). For the specific sources by country and the estimation methodology refer to ILOSTAT directly.",Employed population below international poverty line [1.1.1],,25 years old and over,,,Modeled,,"Source = ILO modelled estimates, November 2021, available in ILOSTAT (https://ilostat.ilo.org/). For the specific sources by country and the estimation methodology refer to ILOSTAT directly.",36.8
2012,,M,,"Source = ILO modelled estimates, November 2021, available in ILOSTAT (https://ilostat.ilo.org/). For the specific sources by country and the estimation methodology refer to ILOSTAT directly.",Employed population below international poverty line [1.1.1],,25 years old and over,,,Modeled,,"Source = ILO modelled estimates, November 2021, available in ILOSTAT (https://ilostat.ilo.org/). For the specific sources by country and the estimation methodology refer to ILOSTAT directly.",36.2
2013,,M,,"Source = ILO modelled estimates, November 2021, available in ILOSTAT (https://ilostat.ilo.org/). For the specific sources by country and the estimation methodology refer to ILOSTAT directly.",Employed population below international poverty line [1.1.1],,25 years old and over,,,Modeled,,"Source = ILO modelled estimates, November 2021, available in ILOSTAT (https://ilostat.ilo.org/). For the specific sources by country and the estimation methodology refer to ILOSTAT directly.",36.1
2014,,M,,"Source = ILO modelled estimates, November 2021, available in ILOSTAT (https://ilostat.ilo.org/). For the specific sources by country and the estimation methodology refer to ILOSTAT directly.",Employed population below international poverty line [1.1.1],,25 years old and over,,,Modeled,,"Source = ILO modelled estimates, November 2021, available in ILOSTAT (https://ilostat.ilo.org/). For the specific sources by country and the estimation methodology refer to ILOSTAT directly.",34.5
2015,,M,,"Source = ILO modelled estimates, November 2021, available in ILOSTAT (https://ilostat.ilo.org/). For the specific sources by country and the estimation methodology refer to ILOSTAT directly.",Employed population below international poverty line [1.1.1],,25 years old and over,,,Modeled,,"Source = ILO modelled estimates, November 2021, available in ILOSTAT (https://ilostat.ilo.org/). For the specific sources by country and the estimation methodology refer to ILOSTAT directly.",32.8
2016,,M,,"Source = ILO modelled estimates, November 2021, available in ILOSTAT (https://ilostat.ilo.org/). For the specific sources by country and the estimation methodology refer to ILOSTAT directly.",Employed population below international poverty line [1.1.1],,25 years old and over,,,Modeled,,"Source = ILO modelled estimates, November 2021, available in ILOSTAT (https://ilostat.ilo.org/). For the specific sources by country and the estimation methodology refer to ILOSTAT directly.",30.9
2017,,M,,"Source = ILO modelled estimates, November 2021, available in ILOSTAT (https://ilostat.ilo.org/). For the specific sources by country and the estimation methodology refer to ILOSTAT directly.",Employed population below international poverty line [1.1.1],,25 years old and over,,,Modeled,,"Source = ILO modelled estimates, November 2021, available in ILOSTAT (https://ilostat.ilo.org/). For the specific sources by country and the estimation methodology refer to ILOSTAT directly.",29.2
2018,,M,,"Source = ILO modelled estimates, November 2021, available in ILOSTAT (https://ilostat.ilo.org/). For the specific sources by country and the estimation methodology refer to ILOSTAT directly.",Employed population below international poverty line [1.1.1],,25 years old and over,,,Modeled,,"Source = ILO modelled estimates, November 2021, available in ILOSTAT (https://ilostat.ilo.org/). For the specific sources by country and the estimation methodology refer to ILOSTAT directly.",27.6
2019,,M,,"Source = ILO modelled estimates, November 2021, available in ILOSTAT (https://ilostat.ilo.org/). For the specific sources by country and the estimation methodology refer to ILOSTAT directly.",Employed population below international poverty line [1.1.1],,25 years old and over,,,Modeled,,"Source = ILO modelled estimates, November 2021, available in ILOSTAT (https://ilostat.ilo.org/). For the specific sources by country and the estimation methodology refer to ILOSTAT directly.",26.4
2000,,M,,"Source = ILO modelled estimates, November 2021, available in ILOSTAT (https://ilostat.ilo.org/). For the specific sources by country and the estimation methodology refer to ILOSTAT directly.",Employed population below international poverty line [1.1.1],,15 to 24 years old,,,Modeled,,"Source = ILO modelled estimates, November 2021, available in ILOSTAT (https://ilostat.ilo.org/). For the specific sources by country and the estimation methodology refer to ILOSTAT directly.",59.0
2001,,E,,"Source = ILO modelled estimates, November 2021, available in ILOSTAT (https://ilostat.ilo.org/). For the specific sources by country and the estimation methodology refer to ILOSTAT directly.",Employed population below international poverty line [1.1.1],,15 to 24 years old,,,Modeled,,"Source = ILO modelled estimates, November 2021, available in ILOSTAT (https://ilostat.ilo.org/). For the specific sources by country and the estimation methodology refer to ILOSTAT directly.",57.6
2002,,M,,"Source = ILO modelled estimates, November 2021, available in ILOSTAT (https://ilostat.ilo.org/). For the specific sources by country and the estimation methodology refer to ILOSTAT directly.",Employed population below international poverty line [1.1.1],,15 to 24 years old,,,Modeled,,"Source = ILO modelled estimates, November 2021, available in ILOSTAT (https://ilostat.ilo.org/). For the specific sources by country and the estimation methodology refer to ILOSTAT directly.",57.3
2003,,M,,"Source = ILO modelled estimates, November 2021, available in ILOSTAT (https://ilostat.ilo.org/). For the specific sources by country and the estimation methodology refer to ILOSTAT directly.",Employed population below international poverty line [1.1.1],,15 to 24 years old,,,Modeled,,"Source = ILO modelled estimates, November 2021, available in ILOSTAT (https://ilostat.ilo.org/). For the specific sources by country and the estimation methodology refer to ILOSTAT directly.",54.2
2004,,M,,"Source = ILO modelled estimates, November 2021, available in ILOSTAT (https://ilostat.ilo.org/). For the specific sources by country and the estimation methodology refer to ILOSTAT directly.",Employed population below international poverty line [1.1.1],,15 to 24 years old,,,Modeled,,"Source = ILO modelled estimates, November 2021, available in ILOSTAT (https://ilostat.ilo.org/). For the specific sources by country and the estimation methodology refer to ILOSTAT directly.",50.8
2005,,M,,"Source = ILO modelled estimates, November 2021, available in ILOSTAT (https://ilostat.ilo.org/). For the specific sources by country and the estimation methodology refer to ILOSTAT directly.",Employed population below international poverty line [1.1.1],,15 to 24 years old,,,Modeled,,"Source = ILO modelled estimates, November 2021, available in ILOSTAT (https://ilostat.ilo.org/). For the specific sources by country and the estimation methodology refer to ILOSTAT directly.",48.1
2006,,M,,"Source = ILO modelled estimates, November 2021, available in ILOSTAT (https://ilostat.ilo.org/). For the specific sources by country and the estimation methodology refer to ILOSTAT directly.",Employed population below international poverty line [1.1.1],,15 to 24 years old,,,Modeled,,"Source = ILO modelled estimates, November 2021, available in ILOSTAT (https://ilostat.ilo.org/). For the specific sources by country and the estimation methodology refer to ILOSTAT directly.",47.4
2007,,M,,"Source = ILO modelled estimates, November 2021, available in ILOSTAT (https://ilostat.ilo.org/). For the specific sources by country and the estimation methodology refer to ILOSTAT directly.",Employed population below international poverty line [1.1.1],,15 to 24 years old,,,Modeled,,"Source = ILO modelled estimates, November 2021, available in ILOSTAT (https://ilostat.ilo.org/). For the specific sources by country and the estimation methodology refer to ILOSTAT directly.",46.9
2008,,M,,"Source = ILO modelled estimates, November 2021, available in ILOSTAT (https://ilostat.ilo.org/). For the specific sources by country and the estimation methodology refer to ILOSTAT directly.",Employed population below international poverty line [1.1.1],,15 to 24 years old,,,Modeled,,"Source = ILO modelled estimates, November 2021, available in ILOSTAT (https://ilostat.ilo.org/). For the specific sources by country and the estimation methodology refer to ILOSTAT directly.",46.2
2009,,M,,"Source = ILO modelled estimates, November 2021, available in ILOSTAT (https://ilostat.ilo.org/). For the specific sources by country and the estimation methodology refer to ILOSTAT directly.",Employed population below international poverty line [1.1.1],,15 to 24 years old,,,Modeled,,"Source = ILO modelled estimates, November 2021, available in ILOSTAT (https://ilostat.ilo.org/). For the specific sources by country and the estimation methodology refer to ILOSTAT directly.",47.3
2010,,M,,"Source = ILO modelled estimates, November 2021, available in ILOSTAT (https://ilostat.ilo.org/). For the specific sources by country and the estimation methodology refer to ILOSTAT directly.",Employed population below international poverty line [1.1.1],,15 to 24 years old,,,Modeled,,"Source = ILO modelled estimates, November 2021, available in ILOSTAT (https://ilostat.ilo.org/). For the specific sources by country and the estimation methodology refer to ILOSTAT directly.",47.0
2011,,M,,"Source = ILO modelled estimates, November 2021, available in ILOSTAT (https://ilostat.ilo.org/). For the specific sources by country and the estimation methodology refer to ILOSTAT directly.",Employed population below international poverty line [1.1.1],,15 to 24 years old,,,Modeled,,"Source = ILO modelled estimates, November 2021, available in ILOSTAT (https://ilostat.ilo.org/). For the specific sources by country and the estimation methodology refer to ILOSTAT directly.",47.8
2012,,M,,"Source = ILO modelled estimates, November 2021, available in ILOSTAT (https://ilostat.ilo.org/). For the specific sources by country and the estimation methodology refer to ILOSTAT directly.",Employed population below international poverty line [1.1.1],,15 to 24 years old,,,Modeled,,"Source = ILO modelled estimates, November 2021, available in ILOSTAT (https://ilostat.ilo.org/). For the specific sources by country and the estimation methodology refer to ILOSTAT directly.",47.4
2013,,M,,"Source = ILO modelled estimates, November 2021, available in ILOSTAT (https://ilostat.ilo.org/). For the specific sources by country and the estimation methodology refer to ILOSTAT directly.",Employed population below international poverty line [1.1.1],,15 to 24 years old,,,Modeled,,"Source = ILO modelled estimates, November 2021, available in ILOSTAT (https://ilostat.ilo.org/). For the specific sources by country and the estimation methodology refer to ILOSTAT directly.",47.6
2014,,M,,"Source = ILO modelled estimates, November 2021, available in ILOSTAT (https://ilostat.ilo.org/). For the specific sources by country and the estimation methodology refer to ILOSTAT directly.",Employed population below international poverty line [1.1.1],,15 to 24 years old,,,Modeled,,"Source = ILO modelled estimates, November 2021, available in ILOSTAT (https://ilostat.ilo.org/). For the specific sources by country and the estimation methodology refer to ILOSTAT directly.",46.3
2015,,M,,"Source = ILO modelled estimates, November 2021, available in ILOSTAT (https://ilostat.ilo.org/). For the specific sources by country and the estimation methodology refer to ILOSTAT directly.",Employed population below international poverty line [1.1.1],,15 to 24 years old,,,Modeled,,"Source = ILO modelled estimates, November 2021, available in ILOSTAT (https://ilostat.ilo.org/). For the specific sources by country and the estimation methodology refer to ILOSTAT directly.",44.9
2016,,M,,"Source = ILO modelled estimates, November 2021, available in ILOSTAT (https://ilostat.ilo.org/). For the specific sources by country and the estimation methodology refer to ILOSTAT directly.",Employed population below international poverty line [1.1.1],,15 to 24 years old,,,Modeled,,"Source = ILO modelled estimates, November 2021, available in ILOSTAT (https://ilostat.ilo.org/). For the specific sources by country and the estimation methodology refer to ILOSTAT directly.",43.1
2017,,M,,"Source = ILO modelled estimates, November 2021, available in ILOSTAT (https://ilostat.ilo.org/). For the specific sources by country and the estimation methodology refer to ILOSTAT directly.",Employed population below international poverty line [1.1.1],,15 to 24 years old,,,Modeled,,"Source = ILO modelled estimates, November 2021, available in ILOSTAT (https://ilostat.ilo.org/). For the specific sources by country and the estimation methodology refer to ILOSTAT directly.",41.4
2018,,M,,"Source = ILO modelled estimates, November 2021, available in ILOSTAT (https://ilostat.ilo.org/). For the specific sources by country and the estimation methodology refer to ILOSTAT directly.",Employed population below international poverty line [1.1.1],,15 to 24 years old,,,Modeled,,"Source = ILO modelled estimates, November 2021, available in ILOSTAT (https://ilostat.ilo.org/). For the specific sources by country and the estimation methodology refer to ILOSTAT directly.",39.7
2019,,M,,"Source = ILO modelled estimates, November 2021, available in ILOSTAT (https://ilostat.ilo.org/). For the specific sources by country and the estimation methodology refer to ILOSTAT directly.",Employed population below international poverty line [1.1.1],,15 to 24 years old,,,Modeled,,"Source = ILO modelled estimates, November 2021, available in ILOSTAT (https://ilostat.ilo.org/). For the specific sources by country and the estimation methodology refer to ILOSTAT directly.",38.4
2000,,M,,"Source = ILO modelled estimates, November 2021, available in ILOSTAT (https://ilostat.ilo.org/). For the specific sources by country and the estimation methodology refer to ILOSTAT directly.",Employed population below international poverty line [1.1.1],Female,15 years old and over,,,Modeled,,"Source = ILO modelled estimates, November 2021, available in ILOSTAT (https://ilostat.ilo.org/). For the specific sources by country and the estimation methodology refer to ILOSTAT directly.",55.1
2001,,E,,"Source = ILO modelled estimates, November 2021, available in ILOSTAT (https://ilostat.ilo.org/). For the specific sources by country and the estimation methodology refer to ILOSTAT directly.",Employed population below international poverty line [1.1.1],Female,15 years old and over,,,Modeled,,"Source = ILO modelled estimates, November 2021, available in ILOSTAT (https://ilostat.ilo.org/). For the specific sources by country and the estimation methodology refer to ILOSTAT directly.",53.6
2002,,M,,"Source = ILO modelled estimates, November 2021, available in ILOSTAT (https://ilostat.ilo.org/). For the specific sources by country and the estimation methodology refer to ILOSTAT directly.",Employed population below international poverty line [1.1.1],Female,15 years old and over,,,Modeled,,"Source = ILO modelled estimates, November 2021, available in ILOSTAT (https://ilostat.ilo.org/). For the specific sources by country and the estimation methodology refer to ILOSTAT directly.",53.3
2003,,M,,"Source = ILO modelled estimates, November 2021, available in ILOSTAT (https://ilostat.ilo.org/). For the specific sources by country and the estimation methodology refer to ILOSTAT directly.",Employed population below international poverty line [1.1.1],Female,15 years old and over,,,Modeled,,"Source = ILO modelled estimates, November 2021, available in ILOSTAT (https://ilostat.ilo.org/). For the specific sources by country and the estimation methodology refer to ILOSTAT directly.",50.2
2004,,M,,"Source = ILO modelled estimates, November 2021, available in ILOSTAT (https://ilostat.ilo.org/). For the specific sources by country and the estimation methodology refer to ILOSTAT directly.",Employed population below international poverty line [1.1.1],Female,15 years old and over,,,Modeled,,"Source = ILO modelled estimates, November 2021, available in ILOSTAT (https://ilostat.ilo.org/). For the specific sources by country and the estimation methodology refer to ILOSTAT directly.",46.8
2005,,M,,"Source = ILO modelled estimates, November 2021, available in ILOSTAT (https://ilostat.ilo.org/). For the specific sources by country and the estimation methodology refer to ILOSTAT directly.",Employed population below international poverty line [1.1.1],Female,15 years old and over,,,Modeled,,"Source = ILO modelled estimates, November 2021, available in ILOSTAT (https://ilostat.ilo.org/). For the specific sources by country and the estimation methodology refer to ILOSTAT directly.",44.2
2006,,M,,"Source = ILO modelled estimates, November 2021, available in ILOSTAT (https://ilostat.ilo.org/). For the specific sources by country and the estimation methodology refer to ILOSTAT directly.",Employed population below international poverty line [1.1.1],Female,15 years old and over,,,Modeled,,"Source = ILO modelled estimates, November 2021, available in ILOSTAT (https://ilostat.ilo.org/). For the specific sources by country and the estimation methodology refer to ILOSTAT directly.",43.4
2007,,M,,"Source = ILO modelled estimates, November 2021, available in ILOSTAT (https://ilostat.ilo.org/). For the specific sources by country and the estimation methodology refer to ILOSTAT directly.",Employed population below international poverty line [1.1.1],Female,15 years old and over,,,Modeled,,"Source = ILO modelled estimates, November 2021, available in ILOSTAT (https://ilostat.ilo.org/). For the specific sources by country and the estimation methodology refer to ILOSTAT directly.",42.6
2008,,M,,"Source = ILO modelled estimates, November 2021, available in ILOSTAT (https://ilostat.ilo.org/). For the specific sources by country and the estimation methodology refer to ILOSTAT directly.",Employed population below international poverty line [1.1.1],Female,15 years old and over,,,Modeled,,"Source = ILO modelled estimates, November 2021, available in ILOSTAT (https://ilostat.ilo.org/). For the specific sources by country and the estimation methodology refer to ILOSTAT directly.",41.7
2009,,M,,"Source = ILO modelled estimates, November 2021, available in ILOSTAT (https://ilostat.ilo.org/). For the specific sources by country and the estimation methodology refer to ILOSTAT directly.",Employed population below international poverty line [1.1.1],Female,15 years old and over,,,Modeled,,"Source = ILO modelled estimates, November 2021, available in ILOSTAT (https://ilostat.ilo.org/). For the specific sources by country and the estimation methodology refer to ILOSTAT directly.",42.6
2010,,M,,"Source = ILO modelled estimates, November 2021, available in ILOSTAT (https://ilostat.ilo.org/). For the specific sources by country and the estimation methodology refer to ILOSTAT directly.",Employed population below international poverty line [1.1.1],Female,15 years old and over,,,Modeled,,"Source = ILO modelled estimates, November 2021, available in ILOSTAT (https://ilostat.ilo.org/). For the specific sources by country and the estimation methodology refer to ILOSTAT directly.",42.1
2011,,M,,"Source = ILO modelled estimates, November 2021, available in ILOSTAT (https://ilostat.ilo.org/). For the specific sources by country and the estimation methodology refer to ILOSTAT directly.",Employed population below international poverty line [1.1.1],Female,15 years old and over,,,Modeled,,"Source = ILO modelled estimates, November 2021, available in ILOSTAT (https://ilostat.ilo.org/). For the specific sources by country and the estimation methodology refer to ILOSTAT directly.",42.6
2012,,M,,"Source = ILO modelled estimates, November 2021, available in ILOSTAT (https://ilostat.ilo.org/). For the specific sources by country and the estimation methodology refer to ILOSTAT directly.",Employed population below international poverty line [1.1.1],Female,15 years old and over,,,Modeled,,"Source = ILO modelled estimates, November 2021, available in ILOSTAT (https://ilostat.ilo.org/). For the specific sources by country and the estimation methodology refer to ILOSTAT directly.",41.9
2013,,M,,"Source = ILO modelled estimates, November 2021, available in ILOSTAT (https://ilostat.ilo.org/). For the specific sources by country and the estimation methodology refer to ILOSTAT directly.",Employed population below international poverty line [1.1.1],Female,15 years old and over,,,Modeled,,"Source = ILO modelled estimates, November 2021, available in ILOSTAT (https://ilostat.ilo.org/). For the specific sources by country and the estimation methodology refer to ILOSTAT directly.",41.8
2014,,M,,"Source = ILO modelled estimates, November 2021, available in ILOSTAT (https://ilostat.ilo.org/). For the specific sources by country and the estimation methodology refer to ILOSTAT directly.",Employed population below international poverty line [1.1.1],Female,15 years old and over,,,Modeled,,"Source = ILO modelled estimates, November 2021, available in ILOSTAT (https://ilostat.ilo.org/). For the specific sources by country and the estimation methodology refer to ILOSTAT directly.",40.2
2015,,M,,"Source = ILO modelled estimates, November 2021, available in ILOSTAT (https://ilostat.ilo.org/). For the specific sources by country and the estimation methodology refer to ILOSTAT directly.",Employed population below international poverty line [1.1.1],Female,15 years old and over,,,Modeled,,"Source = ILO modelled estimates, November 2021, available in ILOSTAT (https://ilostat.ilo.org/). For the specific sources by country and the estimation methodology refer to ILOSTAT directly.",38.5
2016,,M,,"Source = ILO modelled estimates, November 2021, available in ILOSTAT (https://ilostat.ilo.org/). For the specific sources by country and the estimation methodology refer to ILOSTAT directly.",Employed population below international poverty line [1.1.1],Female,15 years old and over,,,Modeled,,"Source = ILO modelled estimates, November 2021, available in ILOSTAT (https://ilostat.ilo.org/). For the specific sources by country and the estimation methodology refer to ILOSTAT directly.",36.6
2017,,M,,"Source = ILO modelled estimates, November 2021, available in ILOSTAT (https://ilostat.ilo.org/). For the specific sources by country and the estimation methodology refer to ILOSTAT directly.",Employed population below international poverty line [1.1.1],Female,15 years old and over,,,Modeled,,"Source = ILO modelled estimates, November 2021, available in ILOSTAT (https://ilostat.ilo.org/). For the specific sources by country and the estimation methodology refer to ILOSTAT directly.",34.8
2018,,M,,"Source = ILO modelled estimates, November 2021, available in ILOSTAT (https://ilostat.ilo.org/). For the specific sources by country and the estimation methodology refer to ILOSTAT directly.",Employed population below international poverty line [1.1.1],Female,15 years old and over,,,Modeled,,"Source = ILO modelled estimates, November 2021, available in ILOSTAT (https://ilostat.ilo.org/). For the specific sources by country and the estimation methodology refer to ILOSTAT directly.",33.1
2019,,M,,"Source = ILO modelled estimates, November 2021, available in ILOSTAT (https://ilostat.ilo.org/). For the specific sources by country and the estimation methodology refer to ILOSTAT directly.",Employed population below international poverty line [1.1.1],Female,15 years old and over,,,Modeled,,"Source = ILO modelled estimates, November 2021, available in ILOSTAT (https://ilostat.ilo.org/). For the specific sources by country and the estimation methodology refer to ILOSTAT directly.",31.8
2000,,M,,"Source = ILO modelled estimates, November 2021, available in ILOSTAT (https://ilostat.ilo.org/). For the specific sources by country and the estimation methodology refer to ILOSTAT directly.",Employed population below international poverty line [1.1.1],Female,25 years old and over,,,Modeled,,"Source = ILO modelled estimates, November 2021, available in ILOSTAT (https://ilostat.ilo.org/). For the specific sources by country and the estimation methodology refer to ILOSTAT directly.",52.2
2001,,E,,"Source = ILO modelled estimates, November 2021, available in ILOSTAT (https://ilostat.ilo.org/). For the specific sources by country and the estimation methodology refer to ILOSTAT directly.",Employed population below international poverty line [1.1.1],Female,25 years old and over,,,Modeled,,"Source = ILO modelled estimates, November 2021, available in ILOSTAT (https://ilostat.ilo.org/). For the specific sources by country and the estimation methodology refer to ILOSTAT directly.",50.8
2002,,M,,"Source = ILO modelled estimates, November 2021, available in ILOSTAT (https://ilostat.ilo.org/). For the specific sources by country and the estimation methodology refer to ILOSTAT directly.",Employed population below international poverty line [1.1.1],Female,25 years old and over,,,Modeled,,"Source = ILO modelled estimates, November 2021, available in ILOSTAT (https://ilostat.ilo.org/). For the specific sources by country and the estimation methodology refer to ILOSTAT directly.",50.5
2003,,M,,"Source = ILO modelled estimates, November 2021, available in ILOSTAT (https://ilostat.ilo.org/). For the specific sources by country and the estimation methodology refer to ILOSTAT directly.",Employed population below international poverty line [1.1.1],Female,25 years old and over,,,Modeled,,"Source = ILO modelled estimates, November 2021, available in ILOSTAT (https://ilostat.ilo.org/). For the specific sources by country and the estimation methodology refer to ILOSTAT directly.",47.4
2004,,M,,"Source = ILO modelled estimates, November 2021, available in ILOSTAT (https://ilostat.ilo.org/). For the specific sources by country and the estimation methodology refer to ILOSTAT directly.",Employed population below international poverty line [1.1.1],Female,25 years old and over,,,Modeled,,"Source = ILO modelled estimates, November 2021, available in ILOSTAT (https://ilostat.ilo.org/). For the specific sources by country and the estimation methodology refer to ILOSTAT directly.",44.1
2005,,M,,"Source = ILO modelled estimates, November 2021, available in ILOSTAT (https://ilostat.ilo.org/). For the specific sources by country and the estimation methodology refer to ILOSTAT directly.",Employed population below international poverty line [1.1.1],Female,25 years old and over,,,Modeled,,"Source = ILO modelled estimates, November 2021, available in ILOSTAT (https://ilostat.ilo.org/). For the specific sources by country and the estimation methodology refer to ILOSTAT directly.",41.4
2006,,M,,"Source = ILO modelled estimates, November 2021, available in ILOSTAT (https://ilostat.ilo.org/). For the specific sources by country and the estimation methodology refer to ILOSTAT directly.",Employed population below international poverty line [1.1.1],Female,25 years old and over,,,Modeled,,"Source = ILO modelled estimates, November 2021, available in ILOSTAT (https://ilostat.ilo.org/). For the specific sources by country and the estimation methodology refer to ILOSTAT directly.",40.7
2007,,M,,"Source = ILO modelled estimates, November 2021, available in ILOSTAT (https://ilostat.ilo.org/). For the specific sources by country and the estimation methodology refer to ILOSTAT directly.",Employed population below international poverty line [1.1.1],Female,25 years old and over,,,Modeled,,"Source = ILO modelled estimates, November 2021, available in ILOSTAT (https://ilostat.ilo.org/). For the specific sources by country and the estimation methodology refer to ILOSTAT directly.",40.0
2008,,M,,"Source = ILO modelled estimates, November 2021, available in ILOSTAT (https://ilostat.ilo.org/). For the specific sources by country and the estimation methodology refer to ILOSTAT directly.",Employed population below international poverty line [1.1.1],Female,25 years old and over,,,Modeled,,"Source = ILO modelled estimates, November 2021, available in ILOSTAT (https://ilostat.ilo.org/). For the specific sources by country and the estimation methodology refer to ILOSTAT directly.",39.2
2009,,M,,"Source = ILO modelled estimates, November 2021, available in ILOSTAT (https://ilostat.ilo.org/). For the specific sources by country and the estimation methodology refer to ILOSTAT directly.",Employed population below international poverty line [1.1.1],Female,25 years old and over,,,Modeled,,"Source = ILO modelled estimates, November 2021, available in ILOSTAT (https://ilostat.ilo.org/). For the specific sources by country and the estimation methodology refer to ILOSTAT directly.",40.0
2010,,M,,"Source = ILO modelled estimates, November 2021, available in ILOSTAT (https://ilostat.ilo.org/). For the specific sources by country and the estimation methodology refer to ILOSTAT directly.",Employed population below international poverty line [1.1.1],Female,25 years old and over,,,Modeled,,"Source = ILO modelled estimates, November 2021, available in ILOSTAT (https://ilostat.ilo.org/). For the specific sources by country and the estimation methodology refer to ILOSTAT directly.",39.6
2011,,M,,"Source = ILO modelled estimates, November 2021, available in ILOSTAT (https://ilostat.ilo.org/). For the specific sources by country and the estimation methodology refer to ILOSTAT directly.",Employed population below international poverty line [1.1.1],Female,25 years old and over,,,Modeled,,"Source = ILO modelled estimates, November 2021, available in ILOSTAT (https://ilostat.ilo.org/). For the specific sources by country and the estimation methodology refer to ILOSTAT directly.",40.2
2012,,M,,"Source = ILO modelled estimates, November 2021, available in ILOSTAT (https://ilostat.ilo.org/). For the specific sources by country and the estimation methodology refer to ILOSTAT directly.",Employed population below international poverty line [1.1.1],Female,25 years old and over,,,Modeled,,"Source = ILO modelled estimates, November 2021, available in ILOSTAT (https://ilostat.ilo.org/). For the specific sources by country and the estimation methodology refer to ILOSTAT directly.",39.5
2013,,M,,"Source = ILO modelled estimates, November 2021, available in ILOSTAT (https://ilostat.ilo.org/). For the specific sources by country and the estimation methodology refer to ILOSTAT directly.",Employed population below international poverty line [1.1.1],Female,25 years old and over,,,Modeled,,"Source = ILO modelled estimates, November 2021, available in ILOSTAT (https://ilostat.ilo.org/). For the specific sources by country and the estimation methodology refer to ILOSTAT directly.",39.4
2014,,M,,"Source = ILO modelled estimates, November 2021, available in ILOSTAT (https://ilostat.ilo.org/). For the specific sources by country and the estimation methodology refer to ILOSTAT directly.",Employed population below international poverty line [1.1.1],Female,25 years old and over,,,Modeled,,"Source = ILO modelled estimates, November 2021, available in ILOSTAT (https://ilostat.ilo.org/). For the specific sources by country and the estimation methodology refer to ILOSTAT directly.",37.7
2015,,M,,"Source = ILO modelled estimates, November 2021, available in ILOSTAT (https://ilostat.ilo.org/). For the specific sources by country and the estimation methodology refer to ILOSTAT directly.",Employed population below international poverty line [1.1.1],Female,25 years old and over,,,Modeled,,"Source = ILO modelled estimates, November 2021, available in ILOSTAT (https://ilostat.ilo.org/). For the specific sources by country and the estimation methodology refer to ILOSTAT directly.",36.1
2016,,M,,"Source = ILO modelled estimates, November 2021, available in ILOSTAT (https://ilostat.ilo.org/). For the specific sources by country and the estimation methodology refer to ILOSTAT directly.",Employed population below international poverty line [1.1.1],Female,25 years old and over,,,Modeled,,"Source = ILO modelled estimates, November 2021, available in ILOSTAT (https://ilostat.ilo.org/). For the specific sources by country and the estimation methodology refer to ILOSTAT directly.",34.2
2017,,M,,"Source = ILO modelled estimates, November 2021, available in ILOSTAT (https://ilostat.ilo.org/). For the specific sources by country and the estimation methodology refer to ILOSTAT directly.",Employed population below international poverty line [1.1.1],Female,25 years old and over,,,Modeled,,"Source = ILO modelled estimates, November 2021, available in ILOSTAT (https://ilostat.ilo.org/). For the specific sources by country and the estimation methodology refer to ILOSTAT directly.",32.4
2018,,M,,"Source = ILO modelled estimates, November 2021, available in ILOSTAT (https://ilostat.ilo.org/). For the specific sources by country and the estimation methodology refer to ILOSTAT directly.",Employed population below international poverty line [1.1.1],Female,25 years old and over,,,Modeled,,"Source = ILO modelled estimates, November 2021, available in ILOSTAT (https://ilostat.ilo.org/). For the specific sources by country and the estimation methodology refer to ILOSTAT directly.",30.8
2019,,M,,"Source = ILO modelled estimates, November 2021, available in ILOSTAT (https://ilostat.ilo.org/). For the specific sources by country and the estimation methodology refer to ILOSTAT directly.",Employed population below international poverty line [1.1.1],Female,25 years old and over,,,Modeled,,"Source = ILO modelled estimates, November 2021, available in ILOSTAT (https://ilostat.ilo.org/). For the specific sources by country and the estimation methodology refer to ILOSTAT directly.",29.6
2000,,M,,"Source = ILO modelled estimates, November 2021, available in ILOSTAT (https://ilostat.ilo.org/). For the specific sources by country and the estimation methodology refer to ILOSTAT directly.",Employed population below international poverty line [1.1.1],Female,15 to 24 years old,,,Modeled,,"Source = ILO modelled estimates, November 2021, available in ILOSTAT (https://ilostat.ilo.org/). For the specific sources by country and the estimation methodology refer to ILOSTAT directly.",62.8
2001,,E,,"Source = ILO modelled estimates, November 2021, available in ILOSTAT (https://ilostat.ilo.org/). For the specific sources by country and the estimation methodology refer to ILOSTAT directly.",Employed population below international poverty line [1.1.1],Female,15 to 24 years old,,,Modeled,,"Source = ILO modelled estimates, November 2021, available in ILOSTAT (https://ilostat.ilo.org/). For the specific sources by country and the estimation methodology refer to ILOSTAT directly.",61.5
2002,,M,,"Source = ILO modelled estimates, November 2021, available in ILOSTAT (https://ilostat.ilo.org/). For the specific sources by country and the estimation methodology refer to ILOSTAT directly.",Employed population below international poverty line [1.1.1],Female,15 to 24 years old,,,Modeled,,"Source = ILO modelled estimates, November 2021, available in ILOSTAT (https://ilostat.ilo.org/). For the specific sources by country and the estimation methodology refer to ILOSTAT directly.",61.2
2003,,M,,"Source = ILO modelled estimates, November 2021, available in ILOSTAT (https://ilostat.ilo.org/). For the specific sources by country and the estimation methodology refer to ILOSTAT directly.",Employed population below international poverty line [1.1.1],Female,15 to 24 years old,,,Modeled,,"Source = ILO modelled estimates, November 2021, available in ILOSTAT (https://ilostat.ilo.org/). For the specific sources by country and the estimation methodology refer to ILOSTAT directly.",58.4
2004,,M,,"Source = ILO modelled estimates, November 2021, available in ILOSTAT (https://ilostat.ilo.org/). For the specific sources by country and the estimation methodology refer to ILOSTAT directly.",Employed population below international poverty line [1.1.1],Female,15 to 24 years old,,,Modeled,,"Source = ILO modelled estimates, November 2021, available in ILOSTAT (https://ilostat.ilo.org/). For the specific sources by country and the estimation methodology refer to ILOSTAT directly.",55.2
2005,,M,,"Source = ILO modelled estimates, November 2021, available in ILOSTAT (https://ilostat.ilo.org/). For the specific sources by country and the estimation methodology refer to ILOSTAT directly.",Employed population below international poverty line [1.1.1],Female,15 to 24 years old,,,Modeled,,"Source = ILO modelled estimates, November 2021, available in ILOSTAT (https://ilostat.ilo.org/). For the specific sources by country and the estimation methodology refer to ILOSTAT directly.",52.6
2006,,M,,"Source = ILO modelled estimates, November 2021, available in ILOSTAT (https://ilostat.ilo.org/). For the specific sources by country and the estimation methodology refer to ILOSTAT directly.",Employed population below international poverty line [1.1.1],Female,15 to 24 years old,,,Modeled,,"Source = ILO modelled estimates, November 2021, available in ILOSTAT (https://ilostat.ilo.org/). For the specific sources by country and the estimation methodology refer to ILOSTAT directly.",51.9
2007,,M,,"Source = ILO modelled estimates, November 2021, available in ILOSTAT (https://ilostat.ilo.org/). For the specific sources by country and the estimation methodology refer to ILOSTAT directly.",Employed population below international poverty line [1.1.1],Female,15 to 24 years old,,,Modeled,,"Source = ILO modelled estimates, November 2021, available in ILOSTAT (https://ilostat.ilo.org/). For the specific sources by country and the estimation methodology refer to ILOSTAT directly.",51.2
2008,,M,,"Source = ILO modelled estimates, November 2021, available in ILOSTAT (https://ilostat.ilo.org/). For the specific sources by country and the estimation methodology refer to ILOSTAT directly.",Employed population below international poverty line [1.1.1],Female,15 to 24 years old,,,Modeled,,"Source = ILO modelled estimates, November 2021, available in ILOSTAT (https://ilostat.ilo.org/). For the specific sources by country and the estimation methodology refer to ILOSTAT directly.",50.4
2009,,M,,"Source = ILO modelled estimates, November 2021, available in ILOSTAT (https://ilostat.ilo.org/). For the specific sources by country and the estimation methodology refer to ILOSTAT directly.",Employed population below international poverty line [1.1.1],Female,15 to 24 years old,,,Modeled,,"Source = ILO modelled estimates, November 2021, available in ILOSTAT (https://ilostat.ilo.org/). For the specific sources by country and the estimation methodology refer to ILOSTAT directly.",51.3
2010,,M,,"Source = ILO modelled estimates, November 2021, available in ILOSTAT (https://ilostat.ilo.org/). For the specific sources by country and the estimation methodology refer to ILOSTAT directly.",Employed population below international poverty line [1.1.1],Female,15 to 24 years old,,,Modeled,,"Source = ILO modelled estimates, November 2021, available in ILOSTAT (https://ilostat.ilo.org/). For the specific sources by country and the estimation methodology refer to ILOSTAT directly.",50.8
2011,,M,,"Source = ILO modelled estimates, November 2021, available in ILOSTAT (https://ilostat.ilo.org/). For the specific sources by country and the estimation methodology refer to ILOSTAT directly.",Employed population below international poverty line [1.1.1],Female,15 to 24 years old,,,Modeled,,"Source = ILO modelled estimates, November 2021, available in ILOSTAT (https://ilostat.ilo.org/). For the specific sources by country and the estimation methodology refer to ILOSTAT directly.",51.4
2012,,M,,"Source = ILO modelled estimates, November 2021, available in ILOSTAT (https://ilostat.ilo.org/). For the specific sources by country and the estimation methodology refer to ILOSTAT directly.",Employed population below international poverty line [1.1.1],Female,15 to 24 years old,,,Modeled,,"Source = ILO modelled estimates, November 2021, available in ILOSTAT (https://ilostat.ilo.org/). For the specific sources by country and the estimation methodology refer to ILOSTAT directly.",50.8
2013,,M,,"Source = ILO modelled estimates, November 2021, available in ILOSTAT (https://ilostat.ilo.org/). For the specific sources by country and the estimation methodology refer to ILOSTAT directly.",Employed population below international poverty line [1.1.1],Female,15 to 24 years old,,,Modeled,,"Source = ILO modelled estimates, November 2021, available in ILOSTAT (https://ilostat.ilo.org/). For the specific sources by country and the estimation methodology refer to ILOSTAT directly.",50.7
2014,,M,,"Source = ILO modelled estimates, November 2021, available in ILOSTAT (https://ilostat.ilo.org/). For the specific sources by country and the estimation methodology refer to ILOSTAT directly.",Employed population below international poverty line [1.1.1],Female,15 to 24 years old,,,Modeled,,"Source = ILO modelled estimates, November 2021, available in ILOSTAT (https://ilostat.ilo.org/). For the specific sources by country and the estimation methodology refer to ILOSTAT directly.",49.1
2015,,M,,"Source = ILO modelled estimates, November 2021, available in ILOSTAT (https://ilostat.ilo.org/). For the specific sources by country and the estimation methodology refer to ILOSTAT directly.",Employed population below international poverty line [1.1.1],Female,15 to 24 years old,,,Modeled,,"Source = ILO modelled estimates, November 2021, available in ILOSTAT (https://ilostat.ilo.org/). For the specific sources by country and the estimation methodology refer to ILOSTAT directly.",47.4
2016,,M,,"Source = ILO modelled estimates, November 2021, available in ILOSTAT (https://ilostat.ilo.org/). For the specific sources by country and the estimation methodology refer to ILOSTAT directly.",Employed population below international poverty line [1.1.1],Female,15 to 24 years old,,,Modeled,,"Source = ILO modelled estimates, November 2021, available in ILOSTAT (https://ilostat.ilo.org/). For the specific sources by country and the estimation methodology refer to ILOSTAT directly.",45.6
2017,,M,,"Source = ILO modelled estimates, November 2021, available in ILOSTAT (https://ilostat.ilo.org/). For the specific sources by country and the estimation methodology refer to ILOSTAT directly.",Employed population below international poverty line [1.1.1],Female,15 to 24 years old,,,Modeled,,"Source = ILO modelled estimates, November 2021, available in ILOSTAT (https://ilostat.ilo.org/). For the specific sources by country and the estimation methodology refer to ILOSTAT directly.",43.7
2018,,M,,"Source = ILO modelled estimates, November 2021, available in ILOSTAT (https://ilostat.ilo.org/). For the specific sources by country and the estimation methodology refer to ILOSTAT directly.",Employed population below international poverty line [1.1.1],Female,15 to 24 years old,,,Modeled,,"Source = ILO modelled estimates, November 2021, available in ILOSTAT (https://ilostat.ilo.org/). For the specific sources by country and the estimation methodology refer to ILOSTAT directly.",42.1
2019,,M,,"Source = ILO modelled estimates, November 2021, available in ILOSTAT (https://ilostat.ilo.org/). For the specific sources by country and the estimation methodology refer to ILOSTAT directly.",Employed population below international poverty line [1.1.1],Female,15 to 24 years old,,,Modeled,,"Source = ILO modelled estimates, November 2021, available in ILOSTAT (https://ilostat.ilo.org/). For the specific sources by country and the estimation methodology refer to ILOSTAT directly.",40.8
2000,,M,,"Source = ILO modelled estimates, November 2021, available in ILOSTAT (https://ilostat.ilo.org/). For the specific sources by country and the estimation methodology refer to ILOSTAT directly.",Employed population below international poverty line [1.1.1],Male,15 years old and over,,,Modeled,,"Source = ILO modelled estimates, November 2021, available in ILOSTAT (https://ilostat.ilo.org/). For the specific sources by country and the estimation methodology refer to ILOSTAT directly.",51.4
2001,,E,,"Source = ILO modelled estimates, November 2021, available in ILOSTAT (https://ilostat.ilo.org/). For the specific sources by country and the estimation methodology refer to ILOSTAT directly.",Employed population below international poverty line [1.1.1],Male,15 years old and over,,,Modeled,,"Source = ILO modelled estimates, November 2021, available in ILOSTAT (https://ilostat.ilo.org/). For the specific sources by country and the estimation methodology refer to ILOSTAT directly.",49.7
2002,,M,,"Source = ILO modelled estimates, November 2021, available in ILOSTAT (https://ilostat.ilo.org/). For the specific sources by country and the estimation methodology refer to ILOSTAT directly.",Employed population below international poverty line [1.1.1],Male,15 years old and over,,,Modeled,,"Source = ILO modelled estimates, November 2021, available in ILOSTAT (https://ilostat.ilo.org/). For the specific sources by country and the estimation methodology refer to ILOSTAT directly.",49.4
2003,,M,,"Source = ILO modelled estimates, November 2021, available in ILOSTAT (https://ilostat.ilo.org/). For the specific sources by country and the estimation methodology refer to ILOSTAT directly.",Employed population below international poverty line [1.1.1],Male,15 years old and over,,,Modeled,,"Source = ILO modelled estimates, November 2021, available in ILOSTAT (https://ilostat.ilo.org/). For the specific sources by country and the estimation methodology refer to ILOSTAT directly.",45.8
2004,,M,,"Source = ILO modelled estimates, November 2021, available in ILOSTAT (https://ilostat.ilo.org/). For the specific sources by country and the estimation methodology refer to ILOSTAT directly.",Employed population below international poverty line [1.1.1],Male,15 years old and over,,,Modeled,,"Source = ILO modelled estimates, November 2021, available in ILOSTAT (https://ilostat.ilo.org/). For the specific sources by country and the estimation methodology refer to ILOSTAT directly.",41.9
2005,,M,,"Source = ILO modelled estimates, November 2021, available in ILOSTAT (https://ilostat.ilo.org/). For the specific sources by country and the estimation methodology refer to ILOSTAT directly.",Employed population below international poverty line [1.1.1],Male,15 years old and over,,,Modeled,,"Source = ILO modelled estimates, November 2021, available in ILOSTAT (https://ilostat.ilo.org/). For the specific sources by country and the estimation methodology refer to ILOSTAT directly.",38.9
2006,,M,,"Source = ILO modelled estimates, November 2021, available in ILOSTAT (https://ilostat.ilo.org/). For the specific sources by country and the estimation methodology refer to ILOSTAT directly.",Employed population below international poverty line [1.1.1],Male,15 years old and over,,,Modeled,,"Source = ILO modelled estimates, November 2021, available in ILOSTAT (https://ilostat.ilo.org/). For the specific sources by country and the estimation methodology refer to ILOSTAT directly.",38.1
2007,,M,,"Source = ILO modelled estimates, November 2021, available in ILOSTAT (https://ilostat.ilo.org/). For the specific sources by country and the estimation methodology refer to ILOSTAT directly.",Employed population below international poverty line [1.1.1],Male,15 years old and over,,,Modeled,,"Source = ILO modelled estimates, November 2021, available in ILOSTAT (https://ilostat.ilo.org/). For the specific sources by country and the estimation methodology refer to ILOSTAT directly.",37.4
2008,,M,,"Source = ILO modelled estimates, November 2021, available in ILOSTAT (https://ilostat.ilo.org/). For the specific sources by country and the estimation methodology refer to ILOSTAT directly.",Employed population below international poverty line [1.1.1],Male,15 years old and over,,,Modeled,,"Source = ILO modelled estimates, November 2021, available in ILOSTAT (https://ilostat.ilo.org/). For the specific sources by country and the estimation methodology refer to ILOSTAT directly.",36.5
2009,,M,,"Source = ILO modelled estimates, November 2021, available in ILOSTAT (https://ilostat.ilo.org/). For the specific sources by country and the estimation methodology refer to ILOSTAT directly.",Employed population below international poverty line [1.1.1],Male,15 years old and over,,,Modeled,,"Source = ILO modelled estimates, November 2021, available in ILOSTAT (https://ilostat.ilo.org/). For the specific sources by country and the estimation methodology refer to ILOSTAT directly.",37.4
2010,,M,,"Source = ILO modelled estimates, November 2021, available in ILOSTAT (https://ilostat.ilo.org/). For the specific sources by country and the estimation methodology refer to ILOSTAT directly.",Employed population below international poverty line [1.1.1],Male,15 years old and over,,,Modeled,,"Source = ILO modelled estimates, November 2021, available in ILOSTAT (https://ilostat.ilo.org/). For the specific sources by country and the estimation methodology refer to ILOSTAT directly.",37.0
2011,,M,,"Source = ILO modelled estimates, November 2021, available in ILOSTAT (https://ilostat.ilo.org/). For the specific sources by country and the estimation methodology refer to ILOSTAT directly.",Employed population below international poverty line [1.1.1],Male,15 years old and over,,,Modeled,,"Source = ILO modelled estimates, November 2021, available in ILOSTAT (https://ilostat.ilo.org/). For the specific sources by country and the estimation methodology refer to ILOSTAT directly.",37.7
2012,,M,,"Source = ILO modelled estimates, November 2021, available in ILOSTAT (https://ilostat.ilo.org/). For the specific sources by country and the estimation methodology refer to ILOSTAT directly.",Employed population below international poverty line [1.1.1],Male,15 years old and over,,,Modeled,,"Source = ILO modelled estimates, November 2021, available in ILOSTAT (https://ilostat.ilo.org/). For the specific sources by country and the estimation methodology refer to ILOSTAT directly.",36.9
2013,,M,,"Source = ILO modelled estimates, November 2021, available in ILOSTAT (https://ilostat.ilo.org/). For the specific sources by country and the estimation methodology refer to ILOSTAT directly.",Employed population below international poverty line [1.1.1],Male,15 years old and over,,,Modeled,,"Source = ILO modelled estimates, November 2021, available in ILOSTAT (https://ilostat.ilo.org/). For the specific sources by country and the estimation methodology refer to ILOSTAT directly.",36.8
2014,,M,,"Source = ILO modelled estimates, November 2021, available in ILOSTAT (https://ilostat.ilo.org/). For the specific sources by country and the estimation methodology refer to ILOSTAT directly.",Employed population below international poverty line [1.1.1],Male,15 years old and over,,,Modeled,,"Source = ILO modelled estimates, November 2021, available in ILOSTAT (https://ilostat.ilo.org/). For the specific sources by country and the estimation methodology refer to ILOSTAT directly.",35.1
2015,,M,,"Source = ILO modelled estimates, November 2021, available in ILOSTAT (https://ilostat.ilo.org/). For the specific sources by country and the estimation methodology refer to ILOSTAT directly.",Employed population below international poverty line [1.1.1],Male,15 years old and over,,,Modeled,,"Source = ILO modelled estimates, November 2021, available in ILOSTAT (https://ilostat.ilo.org/). For the specific sources by country and the estimation methodology refer to ILOSTAT directly.",33.4
2016,,M,,"Source = ILO modelled estimates, November 2021, available in ILOSTAT (https://ilostat.ilo.org/). For the specific sources by country and the estimation methodology refer to ILOSTAT directly.",Employed population below international poverty line [1.1.1],Male,15 years old and over,,,Modeled,,"Source = ILO modelled estimates, November 2021, available in ILOSTAT (https://ilostat.ilo.org/). For the specific sources by country and the estimation methodology refer to ILOSTAT directly.",31.5
2017,,M,,"Source = ILO modelled estimates, November 2021, available in ILOSTAT (https://ilostat.ilo.org/). For the specific sources by country and the estimation methodology refer to ILOSTAT directly.",Employed population below international poverty line [1.1.1],Male,15 years old and over,,,Modeled,,"Source = ILO modelled estimates, November 2021, available in ILOSTAT (https://ilostat.ilo.org/). For the specific sources by country and the estimation methodology refer to ILOSTAT directly.",29.7
2018,,M,,"Source = ILO modelled estimates, November 2021, available in ILOSTAT (https://ilostat.ilo.org/). For the specific sources by country and the estimation methodology refer to ILOSTAT directly.",Employed population below international poverty line [1.1.1],Male,15 years old and over,,,Modeled,,"Source = ILO modelled estimates, November 2021, available in ILOSTAT (https://ilostat.ilo.org/). For the specific sources by country and the estimation methodology refer to ILOSTAT directly.",28.1
2019,,M,,"Source = ILO modelled estimates, November 2021, available in ILOSTAT (https://ilostat.ilo.org/). For the specific sources by country and the estimation methodology refer to ILOSTAT directly.",Employed population below international poverty line [1.1.1],Male,15 years old and over,,,Modeled,,"Source = ILO modelled estimates, November 2021, available in ILOSTAT (https://ilostat.ilo.org/). For the specific sources by country and the estimation methodology refer to ILOSTAT directly.",26.9
2000,,M,,"Source = ILO modelled estimates, November 2021, available in ILOSTAT (https://ilostat.ilo.org/). For the specific sources by country and the estimation methodology refer to ILOSTAT directly.",Employed population below international poverty line [1.1.1],Male,25 years old and over,,,Modeled,,"Source = ILO modelled estimates, November 2021, available in ILOSTAT (https://ilostat.ilo.org/). For the specific sources by country and the estimation methodology refer to ILOSTAT directly.",48.9
2001,,E,,"Source = ILO modelled estimates, November 2021, available in ILOSTAT (https://ilostat.ilo.org/). For the specific sources by country and the estimation methodology refer to ILOSTAT directly.",Employed population below international poverty line [1.1.1],Male,25 years old and over,,,Modeled,,"Source = ILO modelled estimates, November 2021, available in ILOSTAT (https://ilostat.ilo.org/). For the specific sources by country and the estimation methodology refer to ILOSTAT directly.",47.1
2002,,M,,"Source = ILO modelled estimates, November 2021, available in ILOSTAT (https://ilostat.ilo.org/). For the specific sources by country and the estimation methodology refer to ILOSTAT directly.",Employed population below international poverty line [1.1.1],Male,25 years old and over,,,Modeled,,"Source = ILO modelled estimates, November 2021, available in ILOSTAT (https://ilostat.ilo.org/). For the specific sources by country and the estimation methodology refer to ILOSTAT directly.",46.7
2003,,M,,"Source = ILO modelled estimates, November 2021, available in ILOSTAT (https://ilostat.ilo.org/). For the specific sources by country and the estimation methodology refer to ILOSTAT directly.",Employed population below international poverty line [1.1.1],Male,25 years old and over,,,Modeled,,"Source = ILO modelled estimates, November 2021, available in ILOSTAT (https://ilostat.ilo.org/). For the specific sources by country and the estimation methodology refer to ILOSTAT directly.",43.0
2004,,M,,"Source = ILO modelled estimates, November 2021, available in ILOSTAT (https://ilostat.ilo.org/). For the specific sources by country and the estimation methodology refer to ILOSTAT directly.",Employed population below international poverty line [1.1.1],Male,25 years old and over,,,Modeled,,"Source = ILO modelled estimates, November 2021, available in ILOSTAT (https://ilostat.ilo.org/). For the specific sources by country and the estimation methodology refer to ILOSTAT directly.",38.9
2005,,M,,"Source = ILO modelled estimates, November 2021, available in ILOSTAT (https://ilostat.ilo.org/). For the specific sources by country and the estimation methodology refer to ILOSTAT directly.",Employed population below international poverty line [1.1.1],Male,25 years old and over,,,Modeled,,"Source = ILO modelled estimates, November 2021, available in ILOSTAT (https://ilostat.ilo.org/). For the specific sources by country and the estimation methodology refer to ILOSTAT directly.",35.9
2006,,M,,"Source = ILO modelled estimates, November 2021, available in ILOSTAT (https://ilostat.ilo.org/). For the specific sources by country and the estimation methodology refer to ILOSTAT directly.",Employed population below international poverty line [1.1.1],Male,25 years old and over,,,Modeled,,"Source = ILO modelled estimates, November 2021, available in ILOSTAT (https://ilostat.ilo.org/). For the specific sources by country and the estimation methodology refer to ILOSTAT directly.",35.1
2007,,M,,"Source = ILO modelled estimates, November 2021, available in ILOSTAT (https://ilostat.ilo.org/). For the specific sources by country and the estimation methodology refer to ILOSTAT directly.",Employed population below international poverty line [1.1.1],Male,25 years old and over,,,Modeled,,"Source = ILO modelled estimates, November 2021, available in ILOSTAT (https://ilostat.ilo.org/). For the specific sources by country and the estimation methodology refer to ILOSTAT directly.",34.4
2008,,M,,"Source = ILO modelled estimates, November 2021, available in ILOSTAT (https://ilostat.ilo.org/). For the specific sources by country and the estimation methodology refer to ILOSTAT directly.",Employed population below international poverty line [1.1.1],Male,25 years old and over,,,Modeled,,"Source = ILO modelled estimates, November 2021, available in ILOSTAT (https://ilostat.ilo.org/). For the specific sources by country and the estimation methodology refer to ILOSTAT directly.",33.5
2009,,M,,"Source = ILO modelled estimates, November 2021, available in ILOSTAT (https://ilostat.ilo.org/). For the specific sources by country and the estimation methodology refer to ILOSTAT directly.",Employed population below international poverty line [1.1.1],Male,25 years old and over,,,Modeled,,"Source = ILO modelled estimates, November 2021, available in ILOSTAT (https://ilostat.ilo.org/). For the specific sources by country and the estimation methodology refer to ILOSTAT directly.",34.5
2010,,M,,"Source = ILO modelled estimates, November 2021, available in ILOSTAT (https://ilostat.ilo.org/). For the specific sources by country and the estimation methodology refer to ILOSTAT directly.",Employed population below international poverty line [1.1.1],Male,25 years old and over,,,Modeled,,"Source = ILO modelled estimates, November 2021, available in ILOSTAT (https://ilostat.ilo.org/). For the specific sources by country and the estimation methodology refer to ILOSTAT directly.",34.1
2011,,M,,"Source = ILO modelled estimates, November 2021, available in ILOSTAT (https://ilostat.ilo.org/). For the specific sources by country and the estimation methodology refer to ILOSTAT directly.",Employed population below international poverty line [1.1.1],Male,25 years old and over,,,Modeled,,"Source = ILO modelled estimates, November 2021, available in ILOSTAT (https://ilostat.ilo.org/). For the specific sources by country and the estimation methodology refer to ILOSTAT directly.",34.8
2012,,M,,"Source = ILO modelled estimates, November 2021, available in ILOSTAT (https://ilostat.ilo.org/). For the specific sources by country and the estimation methodology refer to ILOSTAT directly.",Employed population below international poverty line [1.1.1],Male,25 years old and over,,,Modeled,,"Source = ILO modelled estimates, November 2021, available in ILOSTAT (https://ilostat.ilo.org/). For the specific sources by country and the estimation methodology refer to ILOSTAT directly.",34.1
2013,,M,,"Source = ILO modelled estimates, November 2021, available in ILOSTAT (https://ilostat.ilo.org/). For the specific sources by country and the estimation methodology refer to ILOSTAT directly.",Employed population below international poverty line [1.1.1],Male,25 years old and over,,,Modeled,,"Source = ILO modelled estimates, November 2021, available in ILOSTAT (https://ilostat.ilo.org/). For the specific sources by country and the estimation methodology refer to ILOSTAT directly.",34.1
2014,,M,,"Source = ILO modelled estimates, November 2021, available in ILOSTAT (https://ilostat.ilo.org/). For the specific sources by country and the estimation methodology refer to ILOSTAT directly.",Employed population below international poverty line [1.1.1],Male,25 years old and over,,,Modeled,,"Source = ILO modelled estimates, November 2021, available in ILOSTAT (https://ilostat.ilo.org/). For the specific sources by country and the estimation methodology refer to ILOSTAT directly.",32.4
2015,,M,,"Source = ILO modelled estimates, November 2021, available in ILOSTAT (https://ilostat.ilo.org/). For the specific sources by country and the estimation methodology refer to ILOSTAT directly.",Employed population below international poverty line [1.1.1],Male,25 years old and over,,,Modeled,,"Source = ILO modelled estimates, November 2021, available in ILOSTAT (https://ilostat.ilo.org/). For the specific sources by country and the estimation methodology refer to ILOSTAT directly.",30.7
2016,,M,,"Source = ILO modelled estimates, November 2021, available in ILOSTAT (https://ilostat.ilo.org/). For the specific sources by country and the estimation methodology refer to ILOSTAT directly.",Employed population below international poverty line [1.1.1],Male,25 years old and over,,,Modeled,,"Source = ILO modelled estimates, November 2021, available in ILOSTAT (https://ilostat.ilo.org/). For the specific sources by country and the estimation methodology refer to ILOSTAT directly.",28.8
2017,,M,,"Source = ILO modelled estimates, November 2021, available in ILOSTAT (https://ilostat.ilo.org/). For the specific sources by country and the estimation methodology refer to ILOSTAT directly.",Employed population below international poverty line [1.1.1],Male,25 years old and over,,,Modeled,,"Source = ILO modelled estimates, November 2021, available in ILOSTAT (https://ilostat.ilo.org/). For the specific sources by country and the estimation methodology refer to ILOSTAT directly.",27.0
2018,,M,,"Source = ILO modelled estimates, November 2021, available in ILOSTAT (https://ilostat.ilo.org/). For the specific sources by country and the estimation methodology refer to ILOSTAT directly.",Employed population below international poverty line [1.1.1],Male,25 years old and over,,,Modeled,,"Source = ILO modelled estimates, November 2021, available in ILOSTAT (https://ilostat.ilo.org/). For the specific sources by country and the estimation methodology refer to ILOSTAT directly.",25.4
2019,,M,,"Source = ILO modelled estimates, November 2021, available in ILOSTAT (https://ilostat.ilo.org/). For the specific sources by country and the estimation methodology refer to ILOSTAT directly.",Employed population below international poverty line [1.1.1],Male,25 years old and over,,,Modeled,,"Source = ILO modelled estimates, November 2021, available in ILOSTAT (https://ilostat.ilo.org/). For the specific sources by country and the estimation methodology refer to ILOSTAT directly.",24.3
2000,,M,,"Source = ILO modelled estimates, November 2021, available in ILOSTAT (https://ilostat.ilo.org/). For the specific sources by country and the estimation methodology refer to ILOSTAT directly.",Employed population below international poverty line [1.1.1],Male,15 to 24 years old,,,Modeled,,"Source = ILO modelled estimates, November 2021, available in ILOSTAT (https://ilostat.ilo.org/). For the specific sources by country and the estimation methodology refer to ILOSTAT directly.",57.3
2001,,E,,"Source = ILO modelled estimates, November 2021, available in ILOSTAT (https://ilostat.ilo.org/). For the specific sources by country and the estimation methodology refer to ILOSTAT directly.",Employed population below international poverty line [1.1.1],Male,15 to 24 years old,,,Modeled,,"Source = ILO modelled estimates, November 2021, available in ILOSTAT (https://ilostat.ilo.org/). For the specific sources by country and the estimation methodology refer to ILOSTAT directly.",55.8
2002,,M,,"Source = ILO modelled estimates, November 2021, available in ILOSTAT (https://ilostat.ilo.org/). For the specific sources by country and the estimation methodology refer to ILOSTAT directly.",Employed population below international poverty line [1.1.1],Male,15 to 24 years old,,,Modeled,,"Source = ILO modelled estimates, November 2021, available in ILOSTAT (https://ilostat.ilo.org/). For the specific sources by country and the estimation methodology refer to ILOSTAT directly.",55.6
2003,,M,,"Source = ILO modelled estimates, November 2021, available in ILOSTAT (https://ilostat.ilo.org/). For the specific sources by country and the estimation methodology refer to ILOSTAT directly.",Employed population below international poverty line [1.1.1],Male,15 to 24 years old,,,Modeled,,"Source = ILO modelled estimates, November 2021, available in ILOSTAT (https://ilostat.ilo.org/). For the specific sources by country and the estimation methodology refer to ILOSTAT directly.",52.4
2004,,M,,"Source = ILO modelled estimates, November 2021, available in ILOSTAT (https://ilostat.ilo.org/). For the specific sources by country and the estimation methodology refer to ILOSTAT directly.",Employed population below international poverty line [1.1.1],Male,15 to 24 years old,,,Modeled,,"Source = ILO modelled estimates, November 2021, available in ILOSTAT (https://ilostat.ilo.org/). For the specific sources by country and the estimation methodology refer to ILOSTAT directly.",48.9
2005,,M,,"Source = ILO modelled estimates, November 2021, available in ILOSTAT (https://ilostat.ilo.org/). For the specific sources by country and the estimation methodology refer to ILOSTAT directly.",Employed population below international poverty line [1.1.1],Male,15 to 24 years old,,,Modeled,,"Source = ILO modelled estimates, November 2021, available in ILOSTAT (https://ilostat.ilo.org/). For the specific sources by country and the estimation methodology refer to ILOSTAT directly.",46.2
2006,,M,,"Source = ILO modelled estimates, November 2021, available in ILOSTAT (https://ilostat.ilo.org/). For the specific sources by country and the estimation methodology refer to ILOSTAT directly.",Employed population below international poverty line [1.1.1],Male,15 to 24 years old,,,Modeled,,"Source = ILO modelled estimates, November 2021, available in ILOSTAT (https://ilostat.ilo.org/). For the specific sources by country and the estimation methodology refer to ILOSTAT directly.",45.5
2007,,M,,"Source = ILO modelled estimates, November 2021, available in ILOSTAT (https://ilostat.ilo.org/). For the specific sources by country and the estimation methodology refer to ILOSTAT directly.",Employed population below international poverty line [1.1.1],Male,15 to 24 years old,,,Modeled,,"Source = ILO modelled estimates, November 2021, available in ILOSTAT (https://ilostat.ilo.org/). For the specific sources by country and the estimation methodology refer to ILOSTAT directly.",45.0
2008,,M,,"Source = ILO modelled estimates, November 2021, available in ILOSTAT (https://ilostat.ilo.org/). For the specific sources by country and the estimation methodology refer to ILOSTAT directly.",Employed population below international poverty line [1.1.1],Male,15 to 24 years old,,,Modeled,,"Source = ILO modelled estimates, November 2021, available in ILOSTAT (https://ilostat.ilo.org/). For the specific sources by country and the estimation methodology refer to ILOSTAT directly.",44.3
2009,,M,,"Source = ILO modelled estimates, November 2021, available in ILOSTAT (https://ilostat.ilo.org/). For the specific sources by country and the estimation methodology refer to ILOSTAT directly.",Employed population below international poverty line [1.1.1],Male,15 to 24 years old,,,Modeled,,"Source = ILO modelled estimates, November 2021, available in ILOSTAT (https://ilostat.ilo.org/). For the specific sources by country and the estimation methodology refer to ILOSTAT directly.",45.4
2010,,M,,"Source = ILO modelled estimates, November 2021, available in ILOSTAT (https://ilostat.ilo.org/). For the specific sources by country and the estimation methodology refer to ILOSTAT directly.",Employed population below international poverty line [1.1.1],Male,15 to 24 years old,,,Modeled,,"Source = ILO modelled estimates, November 2021, available in ILOSTAT (https://ilostat.ilo.org/). For the specific sources by country and the estimation methodology refer to ILOSTAT directly.",45.2
2011,,M,,"Source = ILO modelled estimates, November 2021, available in ILOSTAT (https://ilostat.ilo.org/). For the specific sources by country and the estimation methodology refer to ILOSTAT directly.",Employed population below international poverty line [1.1.1],Male,15 to 24 years old,,,Modeled,,"Source = ILO modelled estimates, November 2021, available in ILOSTAT (https://ilostat.ilo.org/). For the specific sources by country and the estimation methodology refer to ILOSTAT directly.",46.0
2012,,M,,"Source = ILO modelled estimates, November 2021, available in ILOSTAT (https://ilostat.ilo.org/). For the specific sources by country and the estimation methodology refer to ILOSTAT directly.",Employed population below international poverty line [1.1.1],Male,15 to 24 years old,,,Modeled,,"Source = ILO modelled estimates, November 2021, available in ILOSTAT (https://ilostat.ilo.org/). For the specific sources by country and the estimation methodology refer to ILOSTAT directly.",45.7
2013,,M,,"Source = ILO modelled estimates, November 2021, available in ILOSTAT (https://ilostat.ilo.org/). For the specific sources by country and the estimation methodology refer to ILOSTAT directly.",Employed population below international poverty line [1.1.1],Male,15 to 24 years old,,,Modeled,,"Source = ILO modelled estimates, November 2021, available in ILOSTAT (https://ilostat.ilo.org/). For the specific sources by country and the estimation methodology refer to ILOSTAT directly.",45.8
2014,,M,,"Source = ILO modelled estimates, November 2021, available in ILOSTAT (https://ilostat.ilo.org/). For the specific sources by country and the estimation methodology refer to ILOSTAT directly.",Employed population below international poverty line [1.1.1],Male,15 to 24 years old,,,Modeled,,"Source = ILO modelled estimates, November 2021, available in ILOSTAT (https://ilostat.ilo.org/). For the specific sources by country and the estimation methodology refer to ILOSTAT directly.",44.5
2015,,M,,"Source = ILO modelled estimates, November 2021, available in ILOSTAT (https://ilostat.ilo.org/). For the specific sources by country and the estimation methodology refer to ILOSTAT directly.",Employed population below international poverty line [1.1.1],Male,15 to 24 years old,,,Modeled,,"Source = ILO modelled estimates, November 2021, available in ILOSTAT (https://ilostat.ilo.org/). For the specific sources by country and the estimation methodology refer to ILOSTAT directly.",43.3
2016,,M,,"Source = ILO modelled estimates, November 2021, available in ILOSTAT (https://ilostat.ilo.org/). For the specific sources by country and the estimation methodology refer to ILOSTAT directly.",Employed population below international poverty line [1.1.1],Male,15 to 24 years old,,,Modeled,,"Source = ILO modelled estimates, November 2021, available in ILOSTAT (https://ilostat.ilo.org/). For the specific sources by country and the estimation methodology refer to ILOSTAT directly.",41.5
2017,,M,,"Source = ILO modelled estimates, November 2021, available in ILOSTAT (https://ilostat.ilo.org/). For the specific sources by country and the estimation methodology refer to ILOSTAT directly.",Employed population below international poverty line [1.1.1],Male,15 to 24 years old,,,Modeled,,"Source = ILO modelled estimates, November 2021, available in ILOSTAT (https://ilostat.ilo.org/). For the specific sources by country and the estimation methodology refer to ILOSTAT directly.",39.8
2018,,M,,"Source = ILO modelled estimates, November 2021, available in ILOSTAT (https://ilostat.ilo.org/). For the specific sources by country and the estimation methodology refer to ILOSTAT directly.",Employed population below international poverty line [1.1.1],Male,15 to 24 years old,,,Modeled,,"Source = ILO modelled estimates, November 2021, available in ILOSTAT (https://ilostat.ilo.org/). For the specific sources by country and the estimation methodology refer to ILOSTAT directly.",38.2
2019,,M,,"Source = ILO modelled estimates, November 2021, available in ILOSTAT (https://ilostat.ilo.org/). For the specific sources by country and the estimation methodology refer to ILOSTAT directly.",Employed population below international poverty line [1.1.1],Male,15 to 24 years old,,,Modeled,,"Source = ILO modelled estimates, November 2021, available in ILOSTAT (https://ilostat.ilo.org/). For the specific sources by country and the estimation methodology refer to ILOSTAT directly.",36.9
