Year,NATURE,SOURCE_DETAIL,SDG Series,Sex,Income or wealth quantile,Nature of data points,Source details,COMMENT_OBS,Observation-level footnotes,Value
2016,E,Source: ILO estimates based on country data compled through the ILO Social Security Inquiry (SSI),Proportion of population covered by at least one social protection benefit [1.3.1],,,Estimated,Source: ILO estimates based on country data compled through the ILO Social Security Inquiry (SSI),,,10.4
2020,E,Source: ILO estimates based on country data compled through the ILO Social Security Inquiry (SSI),Proportion of population covered by at least one social protection benefit [1.3.1],,,Estimated,Source: ILO estimates based on country data compled through the ILO Social Security Inquiry (SSI),,,10.1
2016,E,Source: ILO estimates based on country data compled through the ILO Social Security Inquiry (SSI),Proportion of children/households receiving child/family cash benefit [1.3.1],,,Estimated,Source: ILO estimates based on country data compled through the ILO Social Security Inquiry (SSI),,,8.1
2019,E,Source: ILO estimates based on country data compled through the ILO Social Security Inquiry (SSI),Proportion of children/households receiving child/family cash benefit [1.3.1],,,Estimated,Source: ILO estimates based on country data compled through the ILO Social Security Inquiry (SSI),,,3.6
2019,E,Source: ILO estimates based on country data compled through the ILO Social Security Inquiry (SSI),Proportion of population with severe disabilities receiving disability cash benefit [1.3.1],,,Estimated,Source: ILO estimates based on country data compled through the ILO Social Security Inquiry (SSI),,,0.2
2019,E,Source: ILO estimates based on country data compled through the ILO Social Security Inquiry (SSI),Proportion of mothers with newborns receiving maternity cash benefit [1.3.1],Female,,Estimated,Source: ILO estimates based on country data compled through the ILO Social Security Inquiry (SSI),,,30.2
2000,E,Source: ILO estimates based on country data compled through the ILO Social Security Inquiry (SSI),Proportion of population above statutory pensionable age receiving a pension [1.3.1],,,Estimated,Source: ILO estimates based on country data compled through the ILO Social Security Inquiry (SSI),,,1.0
2016,E,Source: ILO estimates based on country data compled through the ILO Social Security Inquiry (SSI),Proportion of population above statutory pensionable age receiving a pension [1.3.1],,,Estimated,Source: ILO estimates based on country data compled through the ILO Social Security Inquiry (SSI),,,24.8
2019,E,Source: ILO estimates based on country data compled through the ILO Social Security Inquiry (SSI),Proportion of population above statutory pensionable age receiving a pension [1.3.1],,,Estimated,Source: ILO estimates based on country data compled through the ILO Social Security Inquiry (SSI),,,13.2
2019,E,Source: ILO estimates based on country data compled through the ILO Social Security Inquiry (SSI),Proportion of poor population receiving social assistance cash benefit [1.3.1],,,Estimated,Source: ILO estimates based on country data compled through the ILO Social Security Inquiry (SSI),,,2.5
2005,CA,"ASPIRE: The Atlas of Social Protection - Indicators of Resilience and Equity, The World Bank. Data are based on national representative household surveys. (datatopics.worldbank.org/aspire/)",Proportion of population covered by social assistance programs [1.3.1],,,Country Adjusted,"ASPIRE: The Atlas of Social Protection - Indicators of Resilience and Equity, The World Bank. Data are based on national representative household surveys. (datatopics.worldbank.org/aspire/)",,,20.02354
2015,CA,"ASPIRE: The Atlas of Social Protection - Indicators of Resilience and Equity, The World Bank. Data are based on national representative household surveys. (datatopics.worldbank.org/aspire/)",Proportion of population covered by social assistance programs [1.3.1],,,Country Adjusted,"ASPIRE: The Atlas of Social Protection - Indicators of Resilience and Equity, The World Bank. Data are based on national representative household surveys. (datatopics.worldbank.org/aspire/)",,,26.44124
2005,CA,"ASPIRE: The Atlas of Social Protection - Indicators of Resilience and Equity, The World Bank. Data are based on national representative household surveys. (datatopics.worldbank.org/aspire/)",Proportion of population covered by social assistance programs [1.3.1],,Quintile 1 (poorest),Country Adjusted,"ASPIRE: The Atlas of Social Protection - Indicators of Resilience and Equity, The World Bank. Data are based on national representative household surveys. (datatopics.worldbank.org/aspire/)",,,34.39232
2015,CA,"ASPIRE: The Atlas of Social Protection - Indicators of Resilience and Equity, The World Bank. Data are based on national representative household surveys. (datatopics.worldbank.org/aspire/)",Proportion of population covered by social assistance programs [1.3.1],,Quintile 1 (poorest),Country Adjusted,"ASPIRE: The Atlas of Social Protection - Indicators of Resilience and Equity, The World Bank. Data are based on national representative household surveys. (datatopics.worldbank.org/aspire/)",,,34.50655
2005,CA,"ASPIRE: The Atlas of Social Protection - Indicators of Resilience and Equity, The World Bank. Data are based on national representative household surveys. (datatopics.worldbank.org/aspire/)",Proportion of population covered by social insurance programs [1.3.1],,,Country Adjusted,"ASPIRE: The Atlas of Social Protection - Indicators of Resilience and Equity, The World Bank. Data are based on national representative household surveys. (datatopics.worldbank.org/aspire/)",,,1.90717
2015,CA,"ASPIRE: The Atlas of Social Protection - Indicators of Resilience and Equity, The World Bank. Data are based on national representative household surveys. (datatopics.worldbank.org/aspire/)",Proportion of population covered by social insurance programs [1.3.1],,,Country Adjusted,"ASPIRE: The Atlas of Social Protection - Indicators of Resilience and Equity, The World Bank. Data are based on national representative household surveys. (datatopics.worldbank.org/aspire/)",,,1.18826
2005,CA,"ASPIRE: The Atlas of Social Protection - Indicators of Resilience and Equity, The World Bank. Data are based on national representative household surveys. (datatopics.worldbank.org/aspire/)",Proportion of population covered by social insurance programs [1.3.1],,Quintile 1 (poorest),Country Adjusted,"ASPIRE: The Atlas of Social Protection - Indicators of Resilience and Equity, The World Bank. Data are based on national representative household surveys. (datatopics.worldbank.org/aspire/)",,,0.48787
2015,CA,"ASPIRE: The Atlas of Social Protection - Indicators of Resilience and Equity, The World Bank. Data are based on national representative household surveys. (datatopics.worldbank.org/aspire/)",Proportion of population covered by social insurance programs [1.3.1],,Quintile 1 (poorest),Country Adjusted,"ASPIRE: The Atlas of Social Protection - Indicators of Resilience and Equity, The World Bank. Data are based on national representative household surveys. (datatopics.worldbank.org/aspire/)",,,0.22064
2020,E,Source: ILO estimates based on country data compled through the ILO Social Security Inquiry (SSI),Proportion of unemployed persons receiving unemployment cash benefit [1.3.1],,,Estimated,Source: ILO estimates based on country data compled through the ILO Social Security Inquiry (SSI),Obs_Value = 0;  No unemployment protection programme anchored in national legislation,Obs_Value = 0;  No unemployment protection programme anchored in national legislation,0.0
2020,E,Source: ILO estimates based on country data compled through the ILO Social Security Inquiry (SSI),Proportion of unemployed persons receiving unemployment cash benefit [1.3.1],Female,,Estimated,Source: ILO estimates based on country data compled through the ILO Social Security Inquiry (SSI),Obs_Value = 0;  No unemployment protection programme anchored in national legislation,Obs_Value = 0;  No unemployment protection programme anchored in national legislation,0.0
2020,E,Source: ILO estimates based on country data compled through the ILO Social Security Inquiry (SSI),Proportion of unemployed persons receiving unemployment cash benefit [1.3.1],Male,,Estimated,Source: ILO estimates based on country data compled through the ILO Social Security Inquiry (SSI),Obs_Value = 0;  No unemployment protection programme anchored in national legislation,Obs_Value = 0;  No unemployment protection programme anchored in national legislation,0.0
2016,E,Source: ILO estimates based on country data compled through the ILO Social Security Inquiry (SSI),Proportion of vulnerable population receiving social assistance cash benefit [1.3.1],,,Estimated,Source: ILO estimates based on country data compled through the ILO Social Security Inquiry (SSI),,,5.8
2019,E,Source: ILO estimates based on country data compled through the ILO Social Security Inquiry (SSI),Proportion of vulnerable population receiving social assistance cash benefit [1.3.1],,,Estimated,Source: ILO estimates based on country data compled through the ILO Social Security Inquiry (SSI),,,2.5
2019,E,Source: ILO estimates based on country data compled through the ILO Social Security Inquiry (SSI),Proportion of employed population covered in the event of work injury [1.3.1],,,Estimated,Source: ILO estimates based on country data compled through the ILO Social Security Inquiry (SSI),,,9.3
