Year,COMMENT_OBS,SOURCE_DETAIL,SDG Series,Observation-level footnotes,Value
2010,Obs_Value = 0;  ,"Data gathered through a literature search (primary sources ECOLEX, FAOLEX) and consultation with country experts","Legislation, Regulation, Act related to the prevention of introduction and management of Invasive Alien Species (1 = YES, 0 = NO) [15.8.1]",2020 dataset disaggregated into relevant themes,0
2016,,"Data gathered through a literature search (primary sources ECOLEX, FAOLEX) and consultation with country experts","Legislation, Regulation, Act related to the prevention of introduction and management of Invasive Alien Species (1 = YES, 0 = NO) [15.8.1]",2020 dataset disaggregated into relevant themes,1
2020,2020 dataset disaggregated into relevant themes,Data gathered from the latest version of NBSAP,"Legislation, Regulation, Act related to the prevention of introduction and management of Invasive Alien Species (1 = YES, 0 = NO) [15.8.1]",2020 dataset disaggregated into relevant themes,1
2016,Obs_Value = 0;  Reference to Target 9 was a requirement,Data gathered from the latest version of NBSAP,"National Biodiversity Strategy and Action Plan (NBSAP) targets alignment to Aichi Biodiversity target 9 set out in the Strategic Plan for Biodiversity 2011-2020 (1 = YES, 0 = NO) [15.8.1]",Obs_Value = 0;  Reference to Target 9 was a requirement,0
2020,Obs_Value = 0;  Reference to Target 9 was a requirement,Data gathered from the latest version of NBSAP,"National Biodiversity Strategy and Action Plan (NBSAP) targets alignment to Aichi Biodiversity target 9 set out in the Strategic Plan for Biodiversity 2011-2020 (1 = YES, 0 = NO) [15.8.1]",Obs_Value = 0;  Reference to Target 9 was a requirement,0
