Year,COMMENT_OBS,SDG Series,Sex,Observation-level footnotes,Value
2010,"Obs_Value = 0;  Data in reference to one country but derived from different types of sources should not be compared between them.
",Detected victims of human trafficking (number) [16.2.2],,"Data in reference to one country but derived from different types of sources should not be compared between them.
",0
2011,"Data in reference to one country but derived from different types of sources should not be compared between them.
",Detected victims of human trafficking (number) [16.2.2],,"Data in reference to one country but derived from different types of sources should not be compared between them.
",2
2014,"Data in reference to one country but derived from different types of sources should not be compared between them.
",Detected victims of human trafficking (number) [16.2.2],,"Data in reference to one country but derived from different types of sources should not be compared between them.
",2
2015,"Data in reference to one country but derived from different types of sources should not be compared between them.
",Detected victims of human trafficking (number) [16.2.2],,"Data in reference to one country but derived from different types of sources should not be compared between them.
",4
2011,"Data in reference to one country but derived from different types of sources should not be compared between them.
",Detected victims of human trafficking for other purposes (number) [16.2.2],,"Data in reference to one country but derived from different types of sources should not be compared between them.
",2
2011,"Obs_Value = 0;  Data in reference to one country but derived from different types of sources should not be compared between them.
",Detected victims of human trafficking for other purposes (number) [16.2.2],Female,"Obs_Value = 0;  Data in reference to one country but derived from different types of sources should not be compared between them.
",0
2011,"Data in reference to one country but derived from different types of sources should not be compared between them.
",Detected victims of human trafficking for other purposes (number) [16.2.2],Male,"Data in reference to one country but derived from different types of sources should not be compared between them.
",2
