Year,COMMENT_OBS,SOURCE_DETAIL,SDG Series,Type of product,Nature of data points,Observation-level footnotes,Source details,Value
2010,Abnormally high defined as IFPA>=1; Moderately high defined as 0.5=<IFPA< 1; Twelve month average of monthly price anomalies,FAOSTAT Data/ Consumer Price Indices: http://www.fao.org/faostat/en/#data/CP.,"Indicator of Food Price Anomalies (IFPA), by Consumer Food Price Index [2.c.1]",,Not Available,Obs_Value = NaN;  NaN = A figure was not provided,NA,0.43
2011,Abnormally high defined as IFPA>=1; Moderately high defined as 0.5=<IFPA< 1; Twelve month average of monthly price anomalies,FAOSTAT Data/ Consumer Price Indices: http://www.fao.org/faostat/en/#data/CP.,"Indicator of Food Price Anomalies (IFPA), by Consumer Food Price Index [2.c.1]",,Not Available,Obs_Value = NaN;  NaN = A figure was not provided,NA,1.033
2012,Abnormally high defined as IFPA>=1; Moderately high defined as 0.5=<IFPA< 1; Twelve month average of monthly price anomalies,FAOSTAT Data/ Consumer Price Indices: http://www.fao.org/faostat/en/#data/CP.,"Indicator of Food Price Anomalies (IFPA), by Consumer Food Price Index [2.c.1]",,Not Available,Obs_Value = NaN;  NaN = A figure was not provided,NA,-0.056
2013,Abnormally high defined as IFPA>=1; Moderately high defined as 0.5=<IFPA< 1; Twelve month average of monthly price anomalies,FAOSTAT Data/ Consumer Price Indices: http://www.fao.org/faostat/en/#data/CP.,"Indicator of Food Price Anomalies (IFPA), by Consumer Food Price Index [2.c.1]",,Not Available,Obs_Value = NaN;  NaN = A figure was not provided,NA,-0.376
2014,Abnormally high defined as IFPA>=1; Moderately high defined as 0.5=<IFPA< 1; Twelve month average of monthly price anomalies,FAOSTAT Data/ Consumer Price Indices: http://www.fao.org/faostat/en/#data/CP.,"Indicator of Food Price Anomalies (IFPA), by Consumer Food Price Index [2.c.1]",,Not Available,Obs_Value = NaN;  NaN = A figure was not provided,NA,-0.757
2015,Abnormally high defined as IFPA>=1; Moderately high defined as 0.5=<IFPA< 1; Twelve month average of monthly price anomalies,FAOSTAT Data/ Consumer Price Indices: http://www.fao.org/faostat/en/#data/CP.,"Indicator of Food Price Anomalies (IFPA), by Consumer Food Price Index [2.c.1]",,Not Available,Obs_Value = NaN;  NaN = A figure was not provided,NA,0.198
2016,Abnormally high defined as IFPA>=1; Moderately high defined as 0.5=<IFPA< 1; Twelve month average of monthly price anomalies,FAOSTAT Data/ Consumer Price Indices: http://www.fao.org/faostat/en/#data/CP.,"Indicator of Food Price Anomalies (IFPA), by Consumer Food Price Index [2.c.1]",,Not Available,Obs_Value = NaN;  NaN = A figure was not provided,NA,0.486
2017,Abnormally high defined as IFPA>=1; Moderately high defined as 0.5=<IFPA< 1; Twelve month average of monthly price anomalies,FAOSTAT Data/ Consumer Price Indices: http://www.fao.org/faostat/en/#data/CP.,"Indicator of Food Price Anomalies (IFPA), by Consumer Food Price Index [2.c.1]",,Not Available,Obs_Value = NaN;  NaN = A figure was not provided,NA,-0.543
2018,Abnormally high defined as IFPA>=1; Moderately high defined as 0.5=<IFPA< 1; Twelve month average of monthly price anomalies,FAOSTAT Data/ Consumer Price Indices: http://www.fao.org/faostat/en/#data/CP.,"Indicator of Food Price Anomalies (IFPA), by Consumer Food Price Index [2.c.1]",,Not Available,Obs_Value = NaN;  NaN = A figure was not provided,NA,-0.193
2019,Abnormally high defined as IFPA>=1; Moderately high defined as 0.5=<IFPA< 1; Twelve month average of monthly price anomalies,FAOSTAT Data/ Consumer Price Indices: http://www.fao.org/faostat/en/#data/CP.,"Indicator of Food Price Anomalies (IFPA), by Consumer Food Price Index [2.c.1]",,Not Available,Obs_Value = NaN;  NaN = A figure was not provided,NA,-0.548
2020,Abnormally high defined as IFPA>=1; Moderately high defined as 0.5=<IFPA< 1; Twelve month average of monthly price anomalies,FAOSTAT Data/ Consumer Price Indices: http://www.fao.org/faostat/en/#data/CP.,"Indicator of Food Price Anomalies (IFPA), by Consumer Food Price Index [2.c.1]",,Not Available,Obs_Value = NaN;  NaN = A figure was not provided,NA,0.099
2015,"Dakar, Rice (imported), Retail price",Food Price Monitoring and Analysis (FPMA) online database: https://fpma.apps.fao.org/giews/food-prices/tool/public/#/dataset/domestic.,Indicator of Food Price Anomalies (IFPA) [2.c.1],Rice,Global monitoring data,"Obs_Value = 0;  Dakar, Rice (imported), Retail price",Food Price Monitoring and Analysis (FPMA) online database: https://fpma.apps.fao.org/giews/food-prices/tool/public/#/dataset/domestic.,-0.5
2016,"Dakar, Rice (imported), Retail price",Food Price Monitoring and Analysis (FPMA) online database: https://fpma.apps.fao.org/giews/food-prices/tool/public/#/dataset/domestic.,Indicator of Food Price Anomalies (IFPA) [2.c.1],Rice,Global monitoring data,"Obs_Value = 0;  Dakar, Rice (imported), Retail price",Food Price Monitoring and Analysis (FPMA) online database: https://fpma.apps.fao.org/giews/food-prices/tool/public/#/dataset/domestic.,-0.2
2017,"Dakar, Rice (imported), Retail price",Food Price Monitoring and Analysis (FPMA) online database: https://fpma.apps.fao.org/giews/food-prices/tool/public/#/dataset/domestic.,Indicator of Food Price Anomalies (IFPA) [2.c.1],Rice,Global monitoring data,"Obs_Value = 0;  Dakar, Rice (imported), Retail price",Food Price Monitoring and Analysis (FPMA) online database: https://fpma.apps.fao.org/giews/food-prices/tool/public/#/dataset/domestic.,0.1
2018,"Dakar, Rice (imported), Retail price",Food Price Monitoring and Analysis (FPMA) online database: https://fpma.apps.fao.org/giews/food-prices/tool/public/#/dataset/domestic.,Indicator of Food Price Anomalies (IFPA) [2.c.1],Rice,Global monitoring data,"Obs_Value = 0;  Dakar, Rice (imported), Retail price",Food Price Monitoring and Analysis (FPMA) online database: https://fpma.apps.fao.org/giews/food-prices/tool/public/#/dataset/domestic.,0.3
2019,"Dakar, Rice (imported), Retail price",Food Price Monitoring and Analysis (FPMA) online database: https://fpma.apps.fao.org/giews/food-prices/tool/public/#/dataset/domestic.,Indicator of Food Price Anomalies (IFPA) [2.c.1],Rice,Global monitoring data,"Obs_Value = 0;  Dakar, Rice (imported), Retail price",Food Price Monitoring and Analysis (FPMA) online database: https://fpma.apps.fao.org/giews/food-prices/tool/public/#/dataset/domestic.,-0.2
2020,"Dakar, Rice (imported), Retail price",Food Price Monitoring and Analysis (FPMA) online database: https://fpma.apps.fao.org/giews/food-prices/tool/public/#/dataset/domestic.,Indicator of Food Price Anomalies (IFPA) [2.c.1],Rice,Global monitoring data,"Obs_Value = 0;  Dakar, Rice (imported), Retail price",Food Price Monitoring and Analysis (FPMA) online database: https://fpma.apps.fao.org/giews/food-prices/tool/public/#/dataset/domestic.,0.02
2021,"Obs_Value = 0;  Dakar, Rice (imported), Retail price",Food Price Monitoring and Analysis (FPMA) online database: https://fpma.apps.fao.org/giews/food-prices/tool/public/#/dataset/domestic.,Indicator of Food Price Anomalies (IFPA) [2.c.1],Rice,Global monitoring data,"Obs_Value = 0;  Dakar, Rice (imported), Retail price",Food Price Monitoring and Analysis (FPMA) online database: https://fpma.apps.fao.org/giews/food-prices/tool/public/#/dataset/domestic.,0.0
2015,"Dakar, Sorghum, Retail price",Food Price Monitoring and Analysis (FPMA) online database: https://fpma.apps.fao.org/giews/food-prices/tool/public/#/dataset/domestic.,Indicator of Food Price Anomalies (IFPA) [2.c.1],Sorghum,Global monitoring data,"Dakar, Sorghum, Retail price",Food Price Monitoring and Analysis (FPMA) online database: https://fpma.apps.fao.org/giews/food-prices/tool/public/#/dataset/domestic.,1.32
2016,"Dakar, Sorghum, Retail price",Food Price Monitoring and Analysis (FPMA) online database: https://fpma.apps.fao.org/giews/food-prices/tool/public/#/dataset/domestic.,Indicator of Food Price Anomalies (IFPA) [2.c.1],Sorghum,Global monitoring data,"Dakar, Sorghum, Retail price",Food Price Monitoring and Analysis (FPMA) online database: https://fpma.apps.fao.org/giews/food-prices/tool/public/#/dataset/domestic.,-1.1
2017,"Dakar, Sorghum, Retail price",Food Price Monitoring and Analysis (FPMA) online database: https://fpma.apps.fao.org/giews/food-prices/tool/public/#/dataset/domestic.,Indicator of Food Price Anomalies (IFPA) [2.c.1],Sorghum,Global monitoring data,"Dakar, Sorghum, Retail price",Food Price Monitoring and Analysis (FPMA) online database: https://fpma.apps.fao.org/giews/food-prices/tool/public/#/dataset/domestic.,0.63
2018,"Dakar, Sorghum, Retail price",Food Price Monitoring and Analysis (FPMA) online database: https://fpma.apps.fao.org/giews/food-prices/tool/public/#/dataset/domestic.,Indicator of Food Price Anomalies (IFPA) [2.c.1],Sorghum,Global monitoring data,"Dakar, Sorghum, Retail price",Food Price Monitoring and Analysis (FPMA) online database: https://fpma.apps.fao.org/giews/food-prices/tool/public/#/dataset/domestic.,1.4
2019,"Dakar, Sorghum, Retail price",Food Price Monitoring and Analysis (FPMA) online database: https://fpma.apps.fao.org/giews/food-prices/tool/public/#/dataset/domestic.,Indicator of Food Price Anomalies (IFPA) [2.c.1],Sorghum,Global monitoring data,"Dakar, Sorghum, Retail price",Food Price Monitoring and Analysis (FPMA) online database: https://fpma.apps.fao.org/giews/food-prices/tool/public/#/dataset/domestic.,-0.44
2020,"Dakar, Sorghum, Retail price",Food Price Monitoring and Analysis (FPMA) online database: https://fpma.apps.fao.org/giews/food-prices/tool/public/#/dataset/domestic.,Indicator of Food Price Anomalies (IFPA) [2.c.1],Sorghum,Global monitoring data,"Dakar, Sorghum, Retail price",Food Price Monitoring and Analysis (FPMA) online database: https://fpma.apps.fao.org/giews/food-prices/tool/public/#/dataset/domestic.,-0.25
2021,"Dakar, Sorghum, Retail price",Food Price Monitoring and Analysis (FPMA) online database: https://fpma.apps.fao.org/giews/food-prices/tool/public/#/dataset/domestic.,Indicator of Food Price Anomalies (IFPA) [2.c.1],Sorghum,Global monitoring data,"Dakar, Sorghum, Retail price",Food Price Monitoring and Analysis (FPMA) online database: https://fpma.apps.fao.org/giews/food-prices/tool/public/#/dataset/domestic.,-0.19
2015,"Dakar, Millet, Retail price",Food Price Monitoring and Analysis (FPMA) online database: https://fpma.apps.fao.org/giews/food-prices/tool/public/#/dataset/domestic.,Indicator of Food Price Anomalies (IFPA) [2.c.1],Millet,Global monitoring data,"Dakar, Millet, Retail price",Food Price Monitoring and Analysis (FPMA) online database: https://fpma.apps.fao.org/giews/food-prices/tool/public/#/dataset/domestic.,-0.2
2016,"Dakar, Millet, Retail price",Food Price Monitoring and Analysis (FPMA) online database: https://fpma.apps.fao.org/giews/food-prices/tool/public/#/dataset/domestic.,Indicator of Food Price Anomalies (IFPA) [2.c.1],Millet,Global monitoring data,"Dakar, Millet, Retail price",Food Price Monitoring and Analysis (FPMA) online database: https://fpma.apps.fao.org/giews/food-prices/tool/public/#/dataset/domestic.,-0.3
2017,"Dakar, Millet, Retail price",Food Price Monitoring and Analysis (FPMA) online database: https://fpma.apps.fao.org/giews/food-prices/tool/public/#/dataset/domestic.,Indicator of Food Price Anomalies (IFPA) [2.c.1],Millet,Global monitoring data,"Dakar, Millet, Retail price",Food Price Monitoring and Analysis (FPMA) online database: https://fpma.apps.fao.org/giews/food-prices/tool/public/#/dataset/domestic.,0.6
2018,"Dakar, Millet, Retail price",Food Price Monitoring and Analysis (FPMA) online database: https://fpma.apps.fao.org/giews/food-prices/tool/public/#/dataset/domestic.,Indicator of Food Price Anomalies (IFPA) [2.c.1],Millet,Global monitoring data,"Dakar, Millet, Retail price",Food Price Monitoring and Analysis (FPMA) online database: https://fpma.apps.fao.org/giews/food-prices/tool/public/#/dataset/domestic.,-0.4
2019,"Dakar, Millet, Retail price",Food Price Monitoring and Analysis (FPMA) online database: https://fpma.apps.fao.org/giews/food-prices/tool/public/#/dataset/domestic.,Indicator of Food Price Anomalies (IFPA) [2.c.1],Millet,Global monitoring data,"Dakar, Millet, Retail price",Food Price Monitoring and Analysis (FPMA) online database: https://fpma.apps.fao.org/giews/food-prices/tool/public/#/dataset/domestic.,0.09
2020,"Dakar, Millet, Retail price",Food Price Monitoring and Analysis (FPMA) online database: https://fpma.apps.fao.org/giews/food-prices/tool/public/#/dataset/domestic.,Indicator of Food Price Anomalies (IFPA) [2.c.1],Millet,Global monitoring data,"Dakar, Millet, Retail price",Food Price Monitoring and Analysis (FPMA) online database: https://fpma.apps.fao.org/giews/food-prices/tool/public/#/dataset/domestic.,0.67
2021,"Dakar, Millet, Retail price",Food Price Monitoring and Analysis (FPMA) online database: https://fpma.apps.fao.org/giews/food-prices/tool/public/#/dataset/domestic.,Indicator of Food Price Anomalies (IFPA) [2.c.1],Millet,Global monitoring data,"Dakar, Millet, Retail price",Food Price Monitoring and Analysis (FPMA) online database: https://fpma.apps.fao.org/giews/food-prices/tool/public/#/dataset/domestic.,-0.66
