Year,Sex,Age,Value
2000,,,4.55
2001,,,4.14
2002,,,3.78
2003,,,3.52
2004,,,3.24
2005,,,3.0
2006,,,2.79
2007,,,2.57
2008,,,2.26
2009,,,2.15
2010,,,1.96
2011,,,1.72
2012,,,1.62
2013,,,1.51
2014,,,1.37
2015,,,1.18
2016,,,1.03
2017,,,0.93
2018,,,0.8
2019,,,0.77
2020,,,0.72
2000,,50 years old and over,1.94
2001,,50 years old and over,1.73
2002,,50 years old and over,1.55
2003,,50 years old and over,1.44
2004,,50 years old and over,1.33
2005,,50 years old and over,1.24
2006,,50 years old and over,1.18
2007,,50 years old and over,1.1
2008,,50 years old and over,1.06
2009,,50 years old and over,1.01
2010,,50 years old and over,0.95
2011,,50 years old and over,0.86
2012,,50 years old and over,0.78
2013,,50 years old and over,0.73
2014,,50 years old and over,0.67
2015,,50 years old and over,0.6
2016,,50 years old and over,0.52
2017,,50 years old and over,0.45
2018,,50 years old and over,0.38
2019,,50 years old and over,0.36
2020,,50 years old and over,0.34
2000,,under 15 years old,3.43
2001,,under 15 years old,3.23
2002,,under 15 years old,3.01
2003,,under 15 years old,2.8
2004,,under 15 years old,2.55
2005,,under 15 years old,2.25
2006,,under 15 years old,1.98
2007,,under 15 years old,1.76
2008,,under 15 years old,1.21
2009,,under 15 years old,1.14
2010,,under 15 years old,0.95
2011,,under 15 years old,0.7
2012,,under 15 years old,0.76
2013,,under 15 years old,0.7
2014,,under 15 years old,0.59
2015,,under 15 years old,0.4
2016,,under 15 years old,0.37
2017,,under 15 years old,0.37
2018,,under 15 years old,0.31
2019,,under 15 years old,0.29
2020,,under 15 years old,0.28
2000,,15 to 24 years old,6.72
2001,,15 to 24 years old,5.97
2002,,15 to 24 years old,5.35
2003,,15 to 24 years old,4.96
2004,,15 to 24 years old,4.58
2005,,15 to 24 years old,4.31
2006,,15 to 24 years old,4.11
2007,,15 to 24 years old,3.84
2008,,15 to 24 years old,3.7
2009,,15 to 24 years old,3.51
2010,,15 to 24 years old,3.3
2011,,15 to 24 years old,3.03
2012,,15 to 24 years old,2.77
2013,,15 to 24 years old,2.59
2014,,15 to 24 years old,2.4
2015,,15 to 24 years old,2.17
2016,,15 to 24 years old,1.87
2017,,15 to 24 years old,1.63
2018,,15 to 24 years old,1.4
2019,,15 to 24 years old,1.34
2020,,15 to 24 years old,1.25
2000,,15 to 49 years old,6.17
2001,,15 to 49 years old,5.49
2002,,15 to 49 years old,4.93
2003,,15 to 49 years old,4.58
2004,,15 to 49 years old,4.24
2005,,15 to 49 years old,4.02
2006,,15 to 49 years old,3.84
2007,,15 to 49 years old,3.59
2008,,15 to 49 years old,3.45
2009,,15 to 49 years old,3.27
2010,,15 to 49 years old,3.06
2011,,15 to 49 years old,2.79
2012,,15 to 49 years old,2.54
2013,,15 to 49 years old,2.36
2014,,15 to 49 years old,2.17
2015,,15 to 49 years old,1.96
2016,,15 to 49 years old,1.69
2017,,15 to 49 years old,1.48
2018,,15 to 49 years old,1.29
2019,,15 to 49 years old,1.23
2020,,15 to 49 years old,1.15
2000,Female,,5.28
2001,Female,,4.79
2002,Female,,4.37
2003,Female,,4.07
2004,Female,,3.75
2005,Female,,3.48
2006,Female,,3.26
2007,Female,,3.01
2008,Female,,2.68
2009,Female,,2.55
2010,Female,,2.34
2011,Female,,2.08
2012,Female,,1.97
2013,Female,,1.85
2014,Female,,1.7
2015,Female,,1.49
2016,Female,,1.32
2017,Female,,1.19
2018,Female,,1.04
2019,Female,,1.0
2020,Female,,0.95
2000,Female,50 years old and over,2.29
2001,Female,50 years old and over,2.04
2002,Female,50 years old and over,1.83
2003,Female,50 years old and over,1.69
2004,Female,50 years old and over,1.56
2005,Female,50 years old and over,1.45
2006,Female,50 years old and over,1.39
2007,Female,50 years old and over,1.29
2008,Female,50 years old and over,1.25
2009,Female,50 years old and over,1.19
2010,Female,50 years old and over,1.12
2011,Female,50 years old and over,1.03
2012,Female,50 years old and over,0.95
2013,Female,50 years old and over,0.9
2014,Female,50 years old and over,0.84
2015,Female,50 years old and over,0.76
2016,Female,50 years old and over,0.66
2017,Female,50 years old and over,0.57
2018,Female,50 years old and over,0.49
2019,Female,50 years old and over,0.47
2020,Female,50 years old and over,0.44
2000,Female,15 to 24 years old,9.59
2001,Female,15 to 24 years old,8.5
2002,Female,15 to 24 years old,7.61
2003,Female,15 to 24 years old,7.04
2004,Female,15 to 24 years old,6.5
2005,Female,15 to 24 years old,6.11
2006,Female,15 to 24 years old,5.83
2007,Female,15 to 24 years old,5.45
2008,Female,15 to 24 years old,5.24
2009,Female,15 to 24 years old,4.98
2010,Female,15 to 24 years old,4.68
2011,Female,15 to 24 years old,4.33
2012,Female,15 to 24 years old,4.0
2013,Female,15 to 24 years old,3.78
2014,Female,15 to 24 years old,3.52
2015,Female,15 to 24 years old,3.21
2016,Female,15 to 24 years old,2.78
2017,Female,15 to 24 years old,2.45
2018,Female,15 to 24 years old,2.14
2019,Female,15 to 24 years old,2.06
2020,Female,15 to 24 years old,1.93
2000,Female,15 to 49 years old,7.78
2001,Female,15 to 49 years old,6.92
2002,Female,15 to 49 years old,6.22
2003,Female,15 to 49 years old,5.77
2004,Female,15 to 49 years old,5.34
2005,Female,15 to 49 years old,5.05
2006,Female,15 to 49 years old,4.82
2007,Female,15 to 49 years old,4.51
2008,Female,15 to 49 years old,4.33
2009,Female,15 to 49 years old,4.11
2010,Female,15 to 49 years old,3.84
2011,Female,15 to 49 years old,3.54
2012,Female,15 to 49 years old,3.25
2013,Female,15 to 49 years old,3.06
2014,Female,15 to 49 years old,2.84
2015,Female,15 to 49 years old,2.58
2016,Female,15 to 49 years old,2.25
2017,Female,15 to 49 years old,2.0
2018,Female,15 to 49 years old,1.76
2019,Female,15 to 49 years old,1.69
2020,Female,15 to 49 years old,1.58
2000,Male,,3.84
2001,Male,,3.5
2002,Male,,3.2
2003,Male,,2.98
2004,Male,,2.74
2005,Male,,2.52
2006,Male,,2.34
2007,Male,,2.14
2008,Male,,1.85
2009,Male,,1.75
2010,Male,,1.6
2011,Male,,1.36
2012,Male,,1.27
2013,Male,,1.17
2014,Male,,1.04
2015,Male,,0.87
2016,Male,,0.75
2017,Male,,0.67
2018,Male,,0.57
2019,Male,,0.54
2020,Male,,0.5
2000,Male,50 years old and over,1.57
2001,Male,50 years old and over,1.4
2002,Male,50 years old and over,1.26
2003,Male,50 years old and over,1.17
2004,Male,50 years old and over,1.08
2005,Male,50 years old and over,1.02
2006,Male,50 years old and over,0.96
2007,Male,50 years old and over,0.9
2008,Male,50 years old and over,0.86
2009,Male,50 years old and over,0.81
2010,Male,50 years old and over,0.76
2011,Male,50 years old and over,0.68
2012,Male,50 years old and over,0.6
2013,Male,50 years old and over,0.54
2014,Male,50 years old and over,0.49
2015,Male,50 years old and over,0.43
2016,Male,50 years old and over,0.37
2017,Male,50 years old and over,0.31
2018,Male,50 years old and over,0.27
2019,Male,50 years old and over,0.25
2020,Male,50 years old and over,0.23
2000,Male,15 to 24 years old,3.93
2001,Male,15 to 24 years old,3.49
2002,Male,15 to 24 years old,3.12
2003,Male,15 to 24 years old,2.88
2004,Male,15 to 24 years old,2.66
2005,Male,15 to 24 years old,2.49
2006,Male,15 to 24 years old,2.36
2007,Male,15 to 24 years old,2.2
2008,Male,15 to 24 years old,2.12
2009,Male,15 to 24 years old,2.01
2010,Male,15 to 24 years old,1.9
2011,Male,15 to 24 years old,1.7
2012,Male,15 to 24 years old,1.52
2013,Male,15 to 24 years old,1.39
2014,Male,15 to 24 years old,1.26
2015,Male,15 to 24 years old,1.12
2016,Male,15 to 24 years old,0.94
2017,Male,15 to 24 years old,0.8
2018,Male,15 to 24 years old,0.67
2019,Male,15 to 24 years old,0.63
2020,Male,15 to 24 years old,0.58
2000,Male,15 to 49 years old,4.62
2001,Male,15 to 49 years old,4.11
2002,Male,15 to 49 years old,3.69
2003,Male,15 to 49 years old,3.43
2004,Male,15 to 49 years old,3.17
2005,Male,15 to 49 years old,3.01
2006,Male,15 to 49 years old,2.88
2007,Male,15 to 49 years old,2.7
2008,Male,15 to 49 years old,2.6
2009,Male,15 to 49 years old,2.46
2010,Male,15 to 49 years old,2.31
2011,Male,15 to 49 years old,2.06
2012,Male,15 to 49 years old,1.84
2013,Male,15 to 49 years old,1.68
2014,Male,15 to 49 years old,1.51
2015,Male,15 to 49 years old,1.34
2016,Male,15 to 49 years old,1.14
2017,Male,15 to 49 years old,0.98
2018,Male,15 to 49 years old,0.83
2019,Male,15 to 49 years old,0.78
2020,Male,15 to 49 years old,0.72
