Year,COMMENT_OBS,SOURCE_DETAIL,Composite breakdown,Observation-level footnotes,Source details,Value
2011,Obs_Value = 0;  WHO standard questionaire for IHR Annual reporting from years 2010 to 2017	  data collected available at WHO e-SPAR database (https://extranet.who.int/e-spar/ )	 WHO Global Health Observatory (https://www.who.int/data/gho/data/themes/international-health-,IHR National Self-Assessment and reports received and available at WHO e-SPAR database (https://extranet.who.int/e-spar/ )	 WHO Global Health Observatory (https://www.who.int/data/gho/data/themes/international-health-regulations-(2005)-monitoring-framework,"IHR Capacity: National legislation, policy and financing",WHO standard questionaire for IHR Annual reporting from years 2010 to 2017	  data collected available at WHO e-SPAR database (https://extranet.who.int/e-spar/ )	 WHO Global Health Observatory (https://www.who.int/data/gho/data/themes/international-health-,IHR National Self-Assessment and reports received and available at WHO e-SPAR database (https://extranet.who.int/e-spar/ )	 WHO Global Health Observatory (https://www.who.int/data/gho/data/themes/international-health-regulations-(2005)-monitoring-framework,0
2012,Obs_Value = 0;  WHO standard questionaire for IHR Annual reporting from years 2010 to 2017	  data collected available at WHO e-SPAR database (https://extranet.who.int/e-spar/ )	 WHO Global Health Observatory (https://www.who.int/data/gho/data/themes/international-health-,IHR National Self-Assessment and reports received and available at WHO e-SPAR database (https://extranet.who.int/e-spar/ )	 WHO Global Health Observatory (https://www.who.int/data/gho/data/themes/international-health-regulations-(2005)-monitoring-framework,"IHR Capacity: National legislation, policy and financing",WHO standard questionaire for IHR Annual reporting from years 2010 to 2017	  data collected available at WHO e-SPAR database (https://extranet.who.int/e-spar/ )	 WHO Global Health Observatory (https://www.who.int/data/gho/data/themes/international-health-,IHR National Self-Assessment and reports received and available at WHO e-SPAR database (https://extranet.who.int/e-spar/ )	 WHO Global Health Observatory (https://www.who.int/data/gho/data/themes/international-health-regulations-(2005)-monitoring-framework,0
2017,WHO standard questionaire for IHR Annual reporting from years 2010 to 2017	  data collected available at WHO e-SPAR database (https://extranet.who.int/e-spar/ )	 WHO Global Health Observatory (https://www.who.int/data/gho/data/themes/international-health-,IHR National Self-Assessment and reports received and available at WHO e-SPAR database (https://extranet.who.int/e-spar/ )	 WHO Global Health Observatory (https://www.who.int/data/gho/data/themes/international-health-regulations-(2005)-monitoring-framework,"IHR Capacity: National legislation, policy and financing",WHO standard questionaire for IHR Annual reporting from years 2010 to 2017	  data collected available at WHO e-SPAR database (https://extranet.who.int/e-spar/ )	 WHO Global Health Observatory (https://www.who.int/data/gho/data/themes/international-health-,IHR National Self-Assessment and reports received and available at WHO e-SPAR database (https://extranet.who.int/e-spar/ )	 WHO Global Health Observatory (https://www.who.int/data/gho/data/themes/international-health-regulations-(2005)-monitoring-framework,50
2011,WHO standard questionaire for IHR Annual reporting from years 2010 to 2017	  data collected available at WHO e-SPAR database (https://extranet.who.int/e-spar/ )	 WHO Global Health Observatory (https://www.who.int/data/gho/data/themes/international-health-,IHR National Self-Assessment and reports received and available at WHO e-SPAR database (https://extranet.who.int/e-spar/ )	 WHO Global Health Observatory (https://www.who.int/data/gho/data/themes/international-health-regulations-(2005)-monitoring-framework,IHR Capacity: Coordination and National Focal Point communications,WHO standard questionaire for IHR Annual reporting from years 2010 to 2017	  data collected available at WHO e-SPAR database (https://extranet.who.int/e-spar/ )	 WHO Global Health Observatory (https://www.who.int/data/gho/data/themes/international-health-,IHR National Self-Assessment and reports received and available at WHO e-SPAR database (https://extranet.who.int/e-spar/ )	 WHO Global Health Observatory (https://www.who.int/data/gho/data/themes/international-health-regulations-(2005)-monitoring-framework,53
2012,WHO standard questionaire for IHR Annual reporting from years 2010 to 2017	  data collected available at WHO e-SPAR database (https://extranet.who.int/e-spar/ )	 WHO Global Health Observatory (https://www.who.int/data/gho/data/themes/international-health-,IHR National Self-Assessment and reports received and available at WHO e-SPAR database (https://extranet.who.int/e-spar/ )	 WHO Global Health Observatory (https://www.who.int/data/gho/data/themes/international-health-regulations-(2005)-monitoring-framework,IHR Capacity: Coordination and National Focal Point communications,WHO standard questionaire for IHR Annual reporting from years 2010 to 2017	  data collected available at WHO e-SPAR database (https://extranet.who.int/e-spar/ )	 WHO Global Health Observatory (https://www.who.int/data/gho/data/themes/international-health-,IHR National Self-Assessment and reports received and available at WHO e-SPAR database (https://extranet.who.int/e-spar/ )	 WHO Global Health Observatory (https://www.who.int/data/gho/data/themes/international-health-regulations-(2005)-monitoring-framework,53
2017,WHO standard questionaire for IHR Annual reporting from years 2010 to 2017	  data collected available at WHO e-SPAR database (https://extranet.who.int/e-spar/ )	 WHO Global Health Observatory (https://www.who.int/data/gho/data/themes/international-health-,IHR National Self-Assessment and reports received and available at WHO e-SPAR database (https://extranet.who.int/e-spar/ )	 WHO Global Health Observatory (https://www.who.int/data/gho/data/themes/international-health-regulations-(2005)-monitoring-framework,IHR Capacity: Coordination and National Focal Point communications,WHO standard questionaire for IHR Annual reporting from years 2010 to 2017	  data collected available at WHO e-SPAR database (https://extranet.who.int/e-spar/ )	 WHO Global Health Observatory (https://www.who.int/data/gho/data/themes/international-health-,IHR National Self-Assessment and reports received and available at WHO e-SPAR database (https://extranet.who.int/e-spar/ )	 WHO Global Health Observatory (https://www.who.int/data/gho/data/themes/international-health-regulations-(2005)-monitoring-framework,10
2011,WHO standard questionaire for IHR Annual reporting from years 2010 to 2017	  data collected available at WHO e-SPAR database (https://extranet.who.int/e-spar/ )	 WHO Global Health Observatory (https://www.who.int/data/gho/data/themes/international-health-,IHR National Self-Assessment and reports received and available at WHO e-SPAR database (https://extranet.who.int/e-spar/ )	 WHO Global Health Observatory (https://www.who.int/data/gho/data/themes/international-health-regulations-(2005)-monitoring-framework,IHR Capacity: Surveillance,WHO standard questionaire for IHR Annual reporting from years 2010 to 2017	  data collected available at WHO e-SPAR database (https://extranet.who.int/e-spar/ )	 WHO Global Health Observatory (https://www.who.int/data/gho/data/themes/international-health-,IHR National Self-Assessment and reports received and available at WHO e-SPAR database (https://extranet.who.int/e-spar/ )	 WHO Global Health Observatory (https://www.who.int/data/gho/data/themes/international-health-regulations-(2005)-monitoring-framework,65
2012,WHO standard questionaire for IHR Annual reporting from years 2010 to 2017	  data collected available at WHO e-SPAR database (https://extranet.who.int/e-spar/ )	 WHO Global Health Observatory (https://www.who.int/data/gho/data/themes/international-health-,IHR National Self-Assessment and reports received and available at WHO e-SPAR database (https://extranet.who.int/e-spar/ )	 WHO Global Health Observatory (https://www.who.int/data/gho/data/themes/international-health-regulations-(2005)-monitoring-framework,IHR Capacity: Surveillance,WHO standard questionaire for IHR Annual reporting from years 2010 to 2017	  data collected available at WHO e-SPAR database (https://extranet.who.int/e-spar/ )	 WHO Global Health Observatory (https://www.who.int/data/gho/data/themes/international-health-,IHR National Self-Assessment and reports received and available at WHO e-SPAR database (https://extranet.who.int/e-spar/ )	 WHO Global Health Observatory (https://www.who.int/data/gho/data/themes/international-health-regulations-(2005)-monitoring-framework,70
2017,WHO standard questionaire for IHR Annual reporting from years 2010 to 2017	  data collected available at WHO e-SPAR database (https://extranet.who.int/e-spar/ )	 WHO Global Health Observatory (https://www.who.int/data/gho/data/themes/international-health-,IHR National Self-Assessment and reports received and available at WHO e-SPAR database (https://extranet.who.int/e-spar/ )	 WHO Global Health Observatory (https://www.who.int/data/gho/data/themes/international-health-regulations-(2005)-monitoring-framework,IHR Capacity: Surveillance,WHO standard questionaire for IHR Annual reporting from years 2010 to 2017	  data collected available at WHO e-SPAR database (https://extranet.who.int/e-spar/ )	 WHO Global Health Observatory (https://www.who.int/data/gho/data/themes/international-health-,IHR National Self-Assessment and reports received and available at WHO e-SPAR database (https://extranet.who.int/e-spar/ )	 WHO Global Health Observatory (https://www.who.int/data/gho/data/themes/international-health-regulations-(2005)-monitoring-framework,50
2011,WHO standard questionaire for IHR Annual reporting from years 2010 to 2017	  data collected available at WHO e-SPAR database (https://extranet.who.int/e-spar/ )	 WHO Global Health Observatory (https://www.who.int/data/gho/data/themes/international-health-,IHR National Self-Assessment and reports received and available at WHO e-SPAR database (https://extranet.who.int/e-spar/ )	 WHO Global Health Observatory (https://www.who.int/data/gho/data/themes/international-health-regulations-(2005)-monitoring-framework,IHR Capacity: Response,WHO standard questionaire for IHR Annual reporting from years 2010 to 2017	  data collected available at WHO e-SPAR database (https://extranet.who.int/e-spar/ )	 WHO Global Health Observatory (https://www.who.int/data/gho/data/themes/international-health-,IHR National Self-Assessment and reports received and available at WHO e-SPAR database (https://extranet.who.int/e-spar/ )	 WHO Global Health Observatory (https://www.who.int/data/gho/data/themes/international-health-regulations-(2005)-monitoring-framework,21
2012,WHO standard questionaire for IHR Annual reporting from years 2010 to 2017	  data collected available at WHO e-SPAR database (https://extranet.who.int/e-spar/ )	 WHO Global Health Observatory (https://www.who.int/data/gho/data/themes/international-health-,IHR National Self-Assessment and reports received and available at WHO e-SPAR database (https://extranet.who.int/e-spar/ )	 WHO Global Health Observatory (https://www.who.int/data/gho/data/themes/international-health-regulations-(2005)-monitoring-framework,IHR Capacity: Response,WHO standard questionaire for IHR Annual reporting from years 2010 to 2017	  data collected available at WHO e-SPAR database (https://extranet.who.int/e-spar/ )	 WHO Global Health Observatory (https://www.who.int/data/gho/data/themes/international-health-,IHR National Self-Assessment and reports received and available at WHO e-SPAR database (https://extranet.who.int/e-spar/ )	 WHO Global Health Observatory (https://www.who.int/data/gho/data/themes/international-health-regulations-(2005)-monitoring-framework,35
2017,WHO standard questionaire for IHR Annual reporting from years 2010 to 2017	  data collected available at WHO e-SPAR database (https://extranet.who.int/e-spar/ )	 WHO Global Health Observatory (https://www.who.int/data/gho/data/themes/international-health-,IHR National Self-Assessment and reports received and available at WHO e-SPAR database (https://extranet.who.int/e-spar/ )	 WHO Global Health Observatory (https://www.who.int/data/gho/data/themes/international-health-regulations-(2005)-monitoring-framework,IHR Capacity: Response,WHO standard questionaire for IHR Annual reporting from years 2010 to 2017	  data collected available at WHO e-SPAR database (https://extranet.who.int/e-spar/ )	 WHO Global Health Observatory (https://www.who.int/data/gho/data/themes/international-health-,IHR National Self-Assessment and reports received and available at WHO e-SPAR database (https://extranet.who.int/e-spar/ )	 WHO Global Health Observatory (https://www.who.int/data/gho/data/themes/international-health-regulations-(2005)-monitoring-framework,52
2011,WHO standard questionaire for IHR Annual reporting from years 2010 to 2017	  data collected available at WHO e-SPAR database (https://extranet.who.int/e-spar/ )	 WHO Global Health Observatory (https://www.who.int/data/gho/data/themes/international-health-,IHR National Self-Assessment and reports received and available at WHO e-SPAR database (https://extranet.who.int/e-spar/ )	 WHO Global Health Observatory (https://www.who.int/data/gho/data/themes/international-health-regulations-(2005)-monitoring-framework,IHR Capacity: Preparedness,WHO standard questionaire for IHR Annual reporting from years 2010 to 2017	  data collected available at WHO e-SPAR database (https://extranet.who.int/e-spar/ )	 WHO Global Health Observatory (https://www.who.int/data/gho/data/themes/international-health-,IHR National Self-Assessment and reports received and available at WHO e-SPAR database (https://extranet.who.int/e-spar/ )	 WHO Global Health Observatory (https://www.who.int/data/gho/data/themes/international-health-regulations-(2005)-monitoring-framework,32
2012,WHO standard questionaire for IHR Annual reporting from years 2010 to 2017	  data collected available at WHO e-SPAR database (https://extranet.who.int/e-spar/ )	 WHO Global Health Observatory (https://www.who.int/data/gho/data/themes/international-health-,IHR National Self-Assessment and reports received and available at WHO e-SPAR database (https://extranet.who.int/e-spar/ )	 WHO Global Health Observatory (https://www.who.int/data/gho/data/themes/international-health-regulations-(2005)-monitoring-framework,IHR Capacity: Preparedness,WHO standard questionaire for IHR Annual reporting from years 2010 to 2017	  data collected available at WHO e-SPAR database (https://extranet.who.int/e-spar/ )	 WHO Global Health Observatory (https://www.who.int/data/gho/data/themes/international-health-,IHR National Self-Assessment and reports received and available at WHO e-SPAR database (https://extranet.who.int/e-spar/ )	 WHO Global Health Observatory (https://www.who.int/data/gho/data/themes/international-health-regulations-(2005)-monitoring-framework,30
2017,WHO standard questionaire for IHR Annual reporting from years 2010 to 2017	  data collected available at WHO e-SPAR database (https://extranet.who.int/e-spar/ )	 WHO Global Health Observatory (https://www.who.int/data/gho/data/themes/international-health-,IHR National Self-Assessment and reports received and available at WHO e-SPAR database (https://extranet.who.int/e-spar/ )	 WHO Global Health Observatory (https://www.who.int/data/gho/data/themes/international-health-regulations-(2005)-monitoring-framework,IHR Capacity: Preparedness,WHO standard questionaire for IHR Annual reporting from years 2010 to 2017	  data collected available at WHO e-SPAR database (https://extranet.who.int/e-spar/ )	 WHO Global Health Observatory (https://www.who.int/data/gho/data/themes/international-health-,IHR National Self-Assessment and reports received and available at WHO e-SPAR database (https://extranet.who.int/e-spar/ )	 WHO Global Health Observatory (https://www.who.int/data/gho/data/themes/international-health-regulations-(2005)-monitoring-framework,35
2011,WHO standard questionaire for IHR Annual reporting from years 2010 to 2017	  data collected available at WHO e-SPAR database (https://extranet.who.int/e-spar/ )	 WHO Global Health Observatory (https://www.who.int/data/gho/data/themes/international-health-,IHR National Self-Assessment and reports received and available at WHO e-SPAR database (https://extranet.who.int/e-spar/ )	 WHO Global Health Observatory (https://www.who.int/data/gho/data/themes/international-health-regulations-(2005)-monitoring-framework,IHR Capacity: Risk communication,WHO standard questionaire for IHR Annual reporting from years 2010 to 2017	  data collected available at WHO e-SPAR database (https://extranet.who.int/e-spar/ )	 WHO Global Health Observatory (https://www.who.int/data/gho/data/themes/international-health-,IHR National Self-Assessment and reports received and available at WHO e-SPAR database (https://extranet.who.int/e-spar/ )	 WHO Global Health Observatory (https://www.who.int/data/gho/data/themes/international-health-regulations-(2005)-monitoring-framework,29
2012,Obs_Value = 0;  WHO standard questionaire for IHR Annual reporting from years 2010 to 2017	  data collected available at WHO e-SPAR database (https://extranet.who.int/e-spar/ )	 WHO Global Health Observatory (https://www.who.int/data/gho/data/themes/international-health-,IHR National Self-Assessment and reports received and available at WHO e-SPAR database (https://extranet.who.int/e-spar/ )	 WHO Global Health Observatory (https://www.who.int/data/gho/data/themes/international-health-regulations-(2005)-monitoring-framework,IHR Capacity: Risk communication,WHO standard questionaire for IHR Annual reporting from years 2010 to 2017	  data collected available at WHO e-SPAR database (https://extranet.who.int/e-spar/ )	 WHO Global Health Observatory (https://www.who.int/data/gho/data/themes/international-health-,IHR National Self-Assessment and reports received and available at WHO e-SPAR database (https://extranet.who.int/e-spar/ )	 WHO Global Health Observatory (https://www.who.int/data/gho/data/themes/international-health-regulations-(2005)-monitoring-framework,0
2017,WHO standard questionaire for IHR Annual reporting from years 2010 to 2017	  data collected available at WHO e-SPAR database (https://extranet.who.int/e-spar/ )	 WHO Global Health Observatory (https://www.who.int/data/gho/data/themes/international-health-,IHR National Self-Assessment and reports received and available at WHO e-SPAR database (https://extranet.who.int/e-spar/ )	 WHO Global Health Observatory (https://www.who.int/data/gho/data/themes/international-health-regulations-(2005)-monitoring-framework,IHR Capacity: Risk communication,WHO standard questionaire for IHR Annual reporting from years 2010 to 2017	  data collected available at WHO e-SPAR database (https://extranet.who.int/e-spar/ )	 WHO Global Health Observatory (https://www.who.int/data/gho/data/themes/international-health-,IHR National Self-Assessment and reports received and available at WHO e-SPAR database (https://extranet.who.int/e-spar/ )	 WHO Global Health Observatory (https://www.who.int/data/gho/data/themes/international-health-regulations-(2005)-monitoring-framework,43
2011,WHO standard questionaire for IHR Annual reporting from years 2010 to 2017	  data collected available at WHO e-SPAR database (https://extranet.who.int/e-spar/ )	 WHO Global Health Observatory (https://www.who.int/data/gho/data/themes/international-health-,IHR National Self-Assessment and reports received and available at WHO e-SPAR database (https://extranet.who.int/e-spar/ )	 WHO Global Health Observatory (https://www.who.int/data/gho/data/themes/international-health-regulations-(2005)-monitoring-framework,IHR Capacity: Human resources,WHO standard questionaire for IHR Annual reporting from years 2010 to 2017	  data collected available at WHO e-SPAR database (https://extranet.who.int/e-spar/ )	 WHO Global Health Observatory (https://www.who.int/data/gho/data/themes/international-health-,IHR National Self-Assessment and reports received and available at WHO e-SPAR database (https://extranet.who.int/e-spar/ )	 WHO Global Health Observatory (https://www.who.int/data/gho/data/themes/international-health-regulations-(2005)-monitoring-framework,25
2012,Obs_Value = 0;  WHO standard questionaire for IHR Annual reporting from years 2010 to 2017	  data collected available at WHO e-SPAR database (https://extranet.who.int/e-spar/ )	 WHO Global Health Observatory (https://www.who.int/data/gho/data/themes/international-health-,IHR National Self-Assessment and reports received and available at WHO e-SPAR database (https://extranet.who.int/e-spar/ )	 WHO Global Health Observatory (https://www.who.int/data/gho/data/themes/international-health-regulations-(2005)-monitoring-framework,IHR Capacity: Human resources,WHO standard questionaire for IHR Annual reporting from years 2010 to 2017	  data collected available at WHO e-SPAR database (https://extranet.who.int/e-spar/ )	 WHO Global Health Observatory (https://www.who.int/data/gho/data/themes/international-health-,IHR National Self-Assessment and reports received and available at WHO e-SPAR database (https://extranet.who.int/e-spar/ )	 WHO Global Health Observatory (https://www.who.int/data/gho/data/themes/international-health-regulations-(2005)-monitoring-framework,0
2017,WHO standard questionaire for IHR Annual reporting from years 2010 to 2017	  data collected available at WHO e-SPAR database (https://extranet.who.int/e-spar/ )	 WHO Global Health Observatory (https://www.who.int/data/gho/data/themes/international-health-,IHR National Self-Assessment and reports received and available at WHO e-SPAR database (https://extranet.who.int/e-spar/ )	 WHO Global Health Observatory (https://www.who.int/data/gho/data/themes/international-health-regulations-(2005)-monitoring-framework,IHR Capacity: Human resources,WHO standard questionaire for IHR Annual reporting from years 2010 to 2017	  data collected available at WHO e-SPAR database (https://extranet.who.int/e-spar/ )	 WHO Global Health Observatory (https://www.who.int/data/gho/data/themes/international-health-,IHR National Self-Assessment and reports received and available at WHO e-SPAR database (https://extranet.who.int/e-spar/ )	 WHO Global Health Observatory (https://www.who.int/data/gho/data/themes/international-health-regulations-(2005)-monitoring-framework,60
2011,WHO standard questionaire for IHR Annual reporting from years 2010 to 2017	  data collected available at WHO e-SPAR database (https://extranet.who.int/e-spar/ )	 WHO Global Health Observatory (https://www.who.int/data/gho/data/themes/international-health-,IHR National Self-Assessment and reports received and available at WHO e-SPAR database (https://extranet.who.int/e-spar/ )	 WHO Global Health Observatory (https://www.who.int/data/gho/data/themes/international-health-regulations-(2005)-monitoring-framework,IHR Capacity: Laboratory,WHO standard questionaire for IHR Annual reporting from years 2010 to 2017	  data collected available at WHO e-SPAR database (https://extranet.who.int/e-spar/ )	 WHO Global Health Observatory (https://www.who.int/data/gho/data/themes/international-health-,IHR National Self-Assessment and reports received and available at WHO e-SPAR database (https://extranet.who.int/e-spar/ )	 WHO Global Health Observatory (https://www.who.int/data/gho/data/themes/international-health-regulations-(2005)-monitoring-framework,50
2012,WHO standard questionaire for IHR Annual reporting from years 2010 to 2017	  data collected available at WHO e-SPAR database (https://extranet.who.int/e-spar/ )	 WHO Global Health Observatory (https://www.who.int/data/gho/data/themes/international-health-,IHR National Self-Assessment and reports received and available at WHO e-SPAR database (https://extranet.who.int/e-spar/ )	 WHO Global Health Observatory (https://www.who.int/data/gho/data/themes/international-health-regulations-(2005)-monitoring-framework,IHR Capacity: Laboratory,WHO standard questionaire for IHR Annual reporting from years 2010 to 2017	  data collected available at WHO e-SPAR database (https://extranet.who.int/e-spar/ )	 WHO Global Health Observatory (https://www.who.int/data/gho/data/themes/international-health-,IHR National Self-Assessment and reports received and available at WHO e-SPAR database (https://extranet.who.int/e-spar/ )	 WHO Global Health Observatory (https://www.who.int/data/gho/data/themes/international-health-regulations-(2005)-monitoring-framework,66
2017,WHO standard questionaire for IHR Annual reporting from years 2010 to 2017	  data collected available at WHO e-SPAR database (https://extranet.who.int/e-spar/ )	 WHO Global Health Observatory (https://www.who.int/data/gho/data/themes/international-health-,IHR National Self-Assessment and reports received and available at WHO e-SPAR database (https://extranet.who.int/e-spar/ )	 WHO Global Health Observatory (https://www.who.int/data/gho/data/themes/international-health-regulations-(2005)-monitoring-framework,IHR Capacity: Laboratory,WHO standard questionaire for IHR Annual reporting from years 2010 to 2017	  data collected available at WHO e-SPAR database (https://extranet.who.int/e-spar/ )	 WHO Global Health Observatory (https://www.who.int/data/gho/data/themes/international-health-,IHR National Self-Assessment and reports received and available at WHO e-SPAR database (https://extranet.who.int/e-spar/ )	 WHO Global Health Observatory (https://www.who.int/data/gho/data/themes/international-health-regulations-(2005)-monitoring-framework,43
2011,WHO standard questionaire for IHR Annual reporting from years 2010 to 2017	  data collected available at WHO e-SPAR database (https://extranet.who.int/e-spar/ )	 WHO Global Health Observatory (https://www.who.int/data/gho/data/themes/international-health-,IHR National Self-Assessment and reports received and available at WHO e-SPAR database (https://extranet.who.int/e-spar/ )	 WHO Global Health Observatory (https://www.who.int/data/gho/data/themes/international-health-regulations-(2005)-monitoring-framework,IHR Capacity: Points of entry,WHO standard questionaire for IHR Annual reporting from years 2010 to 2017	  data collected available at WHO e-SPAR database (https://extranet.who.int/e-spar/ )	 WHO Global Health Observatory (https://www.who.int/data/gho/data/themes/international-health-,IHR National Self-Assessment and reports received and available at WHO e-SPAR database (https://extranet.who.int/e-spar/ )	 WHO Global Health Observatory (https://www.who.int/data/gho/data/themes/international-health-regulations-(2005)-monitoring-framework,5
2012,WHO standard questionaire for IHR Annual reporting from years 2010 to 2017	  data collected available at WHO e-SPAR database (https://extranet.who.int/e-spar/ )	 WHO Global Health Observatory (https://www.who.int/data/gho/data/themes/international-health-,IHR National Self-Assessment and reports received and available at WHO e-SPAR database (https://extranet.who.int/e-spar/ )	 WHO Global Health Observatory (https://www.who.int/data/gho/data/themes/international-health-regulations-(2005)-monitoring-framework,IHR Capacity: Points of entry,WHO standard questionaire for IHR Annual reporting from years 2010 to 2017	  data collected available at WHO e-SPAR database (https://extranet.who.int/e-spar/ )	 WHO Global Health Observatory (https://www.who.int/data/gho/data/themes/international-health-,IHR National Self-Assessment and reports received and available at WHO e-SPAR database (https://extranet.who.int/e-spar/ )	 WHO Global Health Observatory (https://www.who.int/data/gho/data/themes/international-health-regulations-(2005)-monitoring-framework,39
2017,WHO standard questionaire for IHR Annual reporting from years 2010 to 2017	  data collected available at WHO e-SPAR database (https://extranet.who.int/e-spar/ )	 WHO Global Health Observatory (https://www.who.int/data/gho/data/themes/international-health-,IHR National Self-Assessment and reports received and available at WHO e-SPAR database (https://extranet.who.int/e-spar/ )	 WHO Global Health Observatory (https://www.who.int/data/gho/data/themes/international-health-regulations-(2005)-monitoring-framework,IHR Capacity: Points of entry,WHO standard questionaire for IHR Annual reporting from years 2010 to 2017	  data collected available at WHO e-SPAR database (https://extranet.who.int/e-spar/ )	 WHO Global Health Observatory (https://www.who.int/data/gho/data/themes/international-health-,IHR National Self-Assessment and reports received and available at WHO e-SPAR database (https://extranet.who.int/e-spar/ )	 WHO Global Health Observatory (https://www.who.int/data/gho/data/themes/international-health-regulations-(2005)-monitoring-framework,6
2011,WHO standard questionaire for IHR Annual reporting from years 2010 to 2017	  data collected available at WHO e-SPAR database (https://extranet.who.int/e-spar/ )	 WHO Global Health Observatory (https://www.who.int/data/gho/data/themes/international-health-,IHR National Self-Assessment and reports received and available at WHO e-SPAR database (https://extranet.who.int/e-spar/ )	 WHO Global Health Observatory (https://www.who.int/data/gho/data/themes/international-health-regulations-(2005)-monitoring-framework,IHR Capacity: Zoonotic events,WHO standard questionaire for IHR Annual reporting from years 2010 to 2017	  data collected available at WHO e-SPAR database (https://extranet.who.int/e-spar/ )	 WHO Global Health Observatory (https://www.who.int/data/gho/data/themes/international-health-,IHR National Self-Assessment and reports received and available at WHO e-SPAR database (https://extranet.who.int/e-spar/ )	 WHO Global Health Observatory (https://www.who.int/data/gho/data/themes/international-health-regulations-(2005)-monitoring-framework,22
2012,WHO standard questionaire for IHR Annual reporting from years 2010 to 2017	  data collected available at WHO e-SPAR database (https://extranet.who.int/e-spar/ )	 WHO Global Health Observatory (https://www.who.int/data/gho/data/themes/international-health-,IHR National Self-Assessment and reports received and available at WHO e-SPAR database (https://extranet.who.int/e-spar/ )	 WHO Global Health Observatory (https://www.who.int/data/gho/data/themes/international-health-regulations-(2005)-monitoring-framework,IHR Capacity: Zoonotic events,WHO standard questionaire for IHR Annual reporting from years 2010 to 2017	  data collected available at WHO e-SPAR database (https://extranet.who.int/e-spar/ )	 WHO Global Health Observatory (https://www.who.int/data/gho/data/themes/international-health-,IHR National Self-Assessment and reports received and available at WHO e-SPAR database (https://extranet.who.int/e-spar/ )	 WHO Global Health Observatory (https://www.who.int/data/gho/data/themes/international-health-regulations-(2005)-monitoring-framework,22
2017,WHO standard questionaire for IHR Annual reporting from years 2010 to 2017	  data collected available at WHO e-SPAR database (https://extranet.who.int/e-spar/ )	 WHO Global Health Observatory (https://www.who.int/data/gho/data/themes/international-health-,IHR National Self-Assessment and reports received and available at WHO e-SPAR database (https://extranet.who.int/e-spar/ )	 WHO Global Health Observatory (https://www.who.int/data/gho/data/themes/international-health-regulations-(2005)-monitoring-framework,IHR Capacity: Zoonotic events,WHO standard questionaire for IHR Annual reporting from years 2010 to 2017	  data collected available at WHO e-SPAR database (https://extranet.who.int/e-spar/ )	 WHO Global Health Observatory (https://www.who.int/data/gho/data/themes/international-health-,IHR National Self-Assessment and reports received and available at WHO e-SPAR database (https://extranet.who.int/e-spar/ )	 WHO Global Health Observatory (https://www.who.int/data/gho/data/themes/international-health-regulations-(2005)-monitoring-framework,56
2011,WHO standard questionaire for IHR Annual reporting from years 2010 to 2017	  data collected available at WHO e-SPAR database (https://extranet.who.int/e-spar/ )	 WHO Global Health Observatory (https://www.who.int/data/gho/data/themes/international-health-,IHR National Self-Assessment and reports received and available at WHO e-SPAR database (https://extranet.who.int/e-spar/ )	 WHO Global Health Observatory (https://www.who.int/data/gho/data/themes/international-health-regulations-(2005)-monitoring-framework,IHR Capacity: Food safety,WHO standard questionaire for IHR Annual reporting from years 2010 to 2017	  data collected available at WHO e-SPAR database (https://extranet.who.int/e-spar/ )	 WHO Global Health Observatory (https://www.who.int/data/gho/data/themes/international-health-,IHR National Self-Assessment and reports received and available at WHO e-SPAR database (https://extranet.who.int/e-spar/ )	 WHO Global Health Observatory (https://www.who.int/data/gho/data/themes/international-health-regulations-(2005)-monitoring-framework,42
2012,WHO standard questionaire for IHR Annual reporting from years 2010 to 2017	  data collected available at WHO e-SPAR database (https://extranet.who.int/e-spar/ )	 WHO Global Health Observatory (https://www.who.int/data/gho/data/themes/international-health-,IHR National Self-Assessment and reports received and available at WHO e-SPAR database (https://extranet.who.int/e-spar/ )	 WHO Global Health Observatory (https://www.who.int/data/gho/data/themes/international-health-regulations-(2005)-monitoring-framework,IHR Capacity: Food safety,WHO standard questionaire for IHR Annual reporting from years 2010 to 2017	  data collected available at WHO e-SPAR database (https://extranet.who.int/e-spar/ )	 WHO Global Health Observatory (https://www.who.int/data/gho/data/themes/international-health-,IHR National Self-Assessment and reports received and available at WHO e-SPAR database (https://extranet.who.int/e-spar/ )	 WHO Global Health Observatory (https://www.who.int/data/gho/data/themes/international-health-regulations-(2005)-monitoring-framework,40
2017,WHO standard questionaire for IHR Annual reporting from years 2010 to 2017	  data collected available at WHO e-SPAR database (https://extranet.who.int/e-spar/ )	 WHO Global Health Observatory (https://www.who.int/data/gho/data/themes/international-health-,IHR National Self-Assessment and reports received and available at WHO e-SPAR database (https://extranet.who.int/e-spar/ )	 WHO Global Health Observatory (https://www.who.int/data/gho/data/themes/international-health-regulations-(2005)-monitoring-framework,IHR Capacity: Food safety,WHO standard questionaire for IHR Annual reporting from years 2010 to 2017	  data collected available at WHO e-SPAR database (https://extranet.who.int/e-spar/ )	 WHO Global Health Observatory (https://www.who.int/data/gho/data/themes/international-health-,IHR National Self-Assessment and reports received and available at WHO e-SPAR database (https://extranet.who.int/e-spar/ )	 WHO Global Health Observatory (https://www.who.int/data/gho/data/themes/international-health-regulations-(2005)-monitoring-framework,33
2011,WHO standard questionaire for IHR Annual reporting from years 2010 to 2017	  data collected available at WHO e-SPAR database (https://extranet.who.int/e-spar/ )	 WHO Global Health Observatory (https://www.who.int/data/gho/data/themes/international-health-,IHR National Self-Assessment and reports received and available at WHO e-SPAR database (https://extranet.who.int/e-spar/ )	 WHO Global Health Observatory (https://www.who.int/data/gho/data/themes/international-health-regulations-(2005)-monitoring-framework,IHR Capacity: Chemical events,WHO standard questionaire for IHR Annual reporting from years 2010 to 2017	  data collected available at WHO e-SPAR database (https://extranet.who.int/e-spar/ )	 WHO Global Health Observatory (https://www.who.int/data/gho/data/themes/international-health-,IHR National Self-Assessment and reports received and available at WHO e-SPAR database (https://extranet.who.int/e-spar/ )	 WHO Global Health Observatory (https://www.who.int/data/gho/data/themes/international-health-regulations-(2005)-monitoring-framework,33
2012,WHO standard questionaire for IHR Annual reporting from years 2010 to 2017	  data collected available at WHO e-SPAR database (https://extranet.who.int/e-spar/ )	 WHO Global Health Observatory (https://www.who.int/data/gho/data/themes/international-health-,IHR National Self-Assessment and reports received and available at WHO e-SPAR database (https://extranet.who.int/e-spar/ )	 WHO Global Health Observatory (https://www.who.int/data/gho/data/themes/international-health-regulations-(2005)-monitoring-framework,IHR Capacity: Chemical events,WHO standard questionaire for IHR Annual reporting from years 2010 to 2017	  data collected available at WHO e-SPAR database (https://extranet.who.int/e-spar/ )	 WHO Global Health Observatory (https://www.who.int/data/gho/data/themes/international-health-,IHR National Self-Assessment and reports received and available at WHO e-SPAR database (https://extranet.who.int/e-spar/ )	 WHO Global Health Observatory (https://www.who.int/data/gho/data/themes/international-health-regulations-(2005)-monitoring-framework,31
2017,WHO standard questionaire for IHR Annual reporting from years 2010 to 2017	  data collected available at WHO e-SPAR database (https://extranet.who.int/e-spar/ )	 WHO Global Health Observatory (https://www.who.int/data/gho/data/themes/international-health-,IHR National Self-Assessment and reports received and available at WHO e-SPAR database (https://extranet.who.int/e-spar/ )	 WHO Global Health Observatory (https://www.who.int/data/gho/data/themes/international-health-regulations-(2005)-monitoring-framework,IHR Capacity: Chemical events,WHO standard questionaire for IHR Annual reporting from years 2010 to 2017	  data collected available at WHO e-SPAR database (https://extranet.who.int/e-spar/ )	 WHO Global Health Observatory (https://www.who.int/data/gho/data/themes/international-health-,IHR National Self-Assessment and reports received and available at WHO e-SPAR database (https://extranet.who.int/e-spar/ )	 WHO Global Health Observatory (https://www.who.int/data/gho/data/themes/international-health-regulations-(2005)-monitoring-framework,69
2011,WHO standard questionaire for IHR Annual reporting from years 2010 to 2017	  data collected available at WHO e-SPAR database (https://extranet.who.int/e-spar/ )	 WHO Global Health Observatory (https://www.who.int/data/gho/data/themes/international-health-,IHR National Self-Assessment and reports received and available at WHO e-SPAR database (https://extranet.who.int/e-spar/ )	 WHO Global Health Observatory (https://www.who.int/data/gho/data/themes/international-health-regulations-(2005)-monitoring-framework,IHR Capacity: Radionuclear emergencies,WHO standard questionaire for IHR Annual reporting from years 2010 to 2017	  data collected available at WHO e-SPAR database (https://extranet.who.int/e-spar/ )	 WHO Global Health Observatory (https://www.who.int/data/gho/data/themes/international-health-,IHR National Self-Assessment and reports received and available at WHO e-SPAR database (https://extranet.who.int/e-spar/ )	 WHO Global Health Observatory (https://www.who.int/data/gho/data/themes/international-health-regulations-(2005)-monitoring-framework,8
2012,WHO standard questionaire for IHR Annual reporting from years 2010 to 2017	  data collected available at WHO e-SPAR database (https://extranet.who.int/e-spar/ )	 WHO Global Health Observatory (https://www.who.int/data/gho/data/themes/international-health-,IHR National Self-Assessment and reports received and available at WHO e-SPAR database (https://extranet.who.int/e-spar/ )	 WHO Global Health Observatory (https://www.who.int/data/gho/data/themes/international-health-regulations-(2005)-monitoring-framework,IHR Capacity: Radionuclear emergencies,WHO standard questionaire for IHR Annual reporting from years 2010 to 2017	  data collected available at WHO e-SPAR database (https://extranet.who.int/e-spar/ )	 WHO Global Health Observatory (https://www.who.int/data/gho/data/themes/international-health-,IHR National Self-Assessment and reports received and available at WHO e-SPAR database (https://extranet.who.int/e-spar/ )	 WHO Global Health Observatory (https://www.who.int/data/gho/data/themes/international-health-regulations-(2005)-monitoring-framework,7
2017,WHO standard questionaire for IHR Annual reporting from years 2010 to 2017	  data collected available at WHO e-SPAR database (https://extranet.who.int/e-spar/ )	 WHO Global Health Observatory (https://www.who.int/data/gho/data/themes/international-health-,IHR National Self-Assessment and reports received and available at WHO e-SPAR database (https://extranet.who.int/e-spar/ )	 WHO Global Health Observatory (https://www.who.int/data/gho/data/themes/international-health-regulations-(2005)-monitoring-framework,IHR Capacity: Radionuclear emergencies,WHO standard questionaire for IHR Annual reporting from years 2010 to 2017	  data collected available at WHO e-SPAR database (https://extranet.who.int/e-spar/ )	 WHO Global Health Observatory (https://www.who.int/data/gho/data/themes/international-health-,IHR National Self-Assessment and reports received and available at WHO e-SPAR database (https://extranet.who.int/e-spar/ )	 WHO Global Health Observatory (https://www.who.int/data/gho/data/themes/international-health-regulations-(2005)-monitoring-framework,69
2018,"SPAR new questionaire for IHR Annual reporting from year 2018, the capacities had changed and available at WHO e-SPAR database (https://extranet.who.int/e-spar/ ) and disseminated to WHO Global Health Observatory (https://www.who.int/data/gho/data/themes/",IHR National Self-Assessment and reports received and registered at WHO e-SPAR database (https://extranet.who.int/e-spar/ ).,State Party Annual Report: Legislation and Financing,SPAR questionaire for IHR Annual reporting same as 2018 and available at WHO e-SPAR database (https://extranet.who.int/e-spar/ ) and disseminated to WHO Global Health Observatory (https://www.who.int/data/gho/data/themes/international-health-regulations-(2005)-monitoring-framework),IHR National Self-Assessment and reports received and registered at WHO e-SPAR database (https://extranet.who.int/e-spar/ ).,60
2019,"SPAR new questionaire for IHR Annual reporting from year 2018, the capacities had changed and available at WHO e-SPAR database (https://extranet.who.int/e-spar/ ) and disseminated to WHO Global Health Observatory (https://www.who.int/data/gho/data/themes/",IHR National Self-Assessment and reports received and registered at WHO e-SPAR database (https://extranet.who.int/e-spar/ ).,State Party Annual Report: Legislation and Financing,SPAR questionaire for IHR Annual reporting same as 2018 and available at WHO e-SPAR database (https://extranet.who.int/e-spar/ ) and disseminated to WHO Global Health Observatory (https://www.who.int/data/gho/data/themes/international-health-regulations-(2005)-monitoring-framework),IHR National Self-Assessment and reports received and registered at WHO e-SPAR database (https://extranet.who.int/e-spar/ ).,53
2020,SPAR questionaire for IHR Annual reporting same as 2018 and available at WHO e-SPAR database (https://extranet.who.int/e-spar/ ) and disseminated to WHO Global Health Observatory (https://www.who.int/data/gho/data/themes/international-health-regulations-(2005)-monitoring-framework),IHR National Self-Assessment and reports received and registered at WHO e-SPAR database (https://extranet.who.int/e-spar/ ).,State Party Annual Report: Legislation and Financing,SPAR questionaire for IHR Annual reporting same as 2018 and available at WHO e-SPAR database (https://extranet.who.int/e-spar/ ) and disseminated to WHO Global Health Observatory (https://www.who.int/data/gho/data/themes/international-health-regulations-(2005)-monitoring-framework),IHR National Self-Assessment and reports received and registered at WHO e-SPAR database (https://extranet.who.int/e-spar/ ).,73
2018,"SPAR new questionaire for IHR Annual reporting from year 2018, the capacities had changed and available at WHO e-SPAR database (https://extranet.who.int/e-spar/ ) and disseminated to WHO Global Health Observatory (https://www.who.int/data/gho/data/themes/",IHR National Self-Assessment and reports received and registered at WHO e-SPAR database (https://extranet.who.int/e-spar/ ).,State Party Annual Report: IHR Coordination and National IHR Focal Point Functions ,SPAR questionaire for IHR Annual reporting same as 2018 and available at WHO e-SPAR database (https://extranet.who.int/e-spar/ ) and disseminated to WHO Global Health Observatory (https://www.who.int/data/gho/data/themes/international-health-regulations-(2005)-monitoring-framework),IHR National Self-Assessment and reports received and registered at WHO e-SPAR database (https://extranet.who.int/e-spar/ ).,70
2019,"SPAR new questionaire for IHR Annual reporting from year 2018, the capacities had changed and available at WHO e-SPAR database (https://extranet.who.int/e-spar/ ) and disseminated to WHO Global Health Observatory (https://www.who.int/data/gho/data/themes/",IHR National Self-Assessment and reports received and registered at WHO e-SPAR database (https://extranet.who.int/e-spar/ ).,State Party Annual Report: IHR Coordination and National IHR Focal Point Functions ,SPAR questionaire for IHR Annual reporting same as 2018 and available at WHO e-SPAR database (https://extranet.who.int/e-spar/ ) and disseminated to WHO Global Health Observatory (https://www.who.int/data/gho/data/themes/international-health-regulations-(2005)-monitoring-framework),IHR National Self-Assessment and reports received and registered at WHO e-SPAR database (https://extranet.who.int/e-spar/ ).,80
2020,SPAR questionaire for IHR Annual reporting same as 2018 and available at WHO e-SPAR database (https://extranet.who.int/e-spar/ ) and disseminated to WHO Global Health Observatory (https://www.who.int/data/gho/data/themes/international-health-regulations-(2005)-monitoring-framework),IHR National Self-Assessment and reports received and registered at WHO e-SPAR database (https://extranet.who.int/e-spar/ ).,State Party Annual Report: IHR Coordination and National IHR Focal Point Functions ,SPAR questionaire for IHR Annual reporting same as 2018 and available at WHO e-SPAR database (https://extranet.who.int/e-spar/ ) and disseminated to WHO Global Health Observatory (https://www.who.int/data/gho/data/themes/international-health-regulations-(2005)-monitoring-framework),IHR National Self-Assessment and reports received and registered at WHO e-SPAR database (https://extranet.who.int/e-spar/ ).,80
2018,"SPAR new questionaire for IHR Annual reporting from year 2018, the capacities had changed and available at WHO e-SPAR database (https://extranet.who.int/e-spar/ ) and disseminated to WHO Global Health Observatory (https://www.who.int/data/gho/data/themes/",IHR National Self-Assessment and reports received and registered at WHO e-SPAR database (https://extranet.who.int/e-spar/ ).,State Party Annual Report: Zoonotic events and the human–animal interface ,SPAR questionaire for IHR Annual reporting same as 2018 and available at WHO e-SPAR database (https://extranet.who.int/e-spar/ ) and disseminated to WHO Global Health Observatory (https://www.who.int/data/gho/data/themes/international-health-regulations-(2005)-monitoring-framework),IHR National Self-Assessment and reports received and registered at WHO e-SPAR database (https://extranet.who.int/e-spar/ ).,60
2019,"SPAR new questionaire for IHR Annual reporting from year 2018, the capacities had changed and available at WHO e-SPAR database (https://extranet.who.int/e-spar/ ) and disseminated to WHO Global Health Observatory (https://www.who.int/data/gho/data/themes/",IHR National Self-Assessment and reports received and registered at WHO e-SPAR database (https://extranet.who.int/e-spar/ ).,State Party Annual Report: Zoonotic events and the human–animal interface ,SPAR questionaire for IHR Annual reporting same as 2018 and available at WHO e-SPAR database (https://extranet.who.int/e-spar/ ) and disseminated to WHO Global Health Observatory (https://www.who.int/data/gho/data/themes/international-health-regulations-(2005)-monitoring-framework),IHR National Self-Assessment and reports received and registered at WHO e-SPAR database (https://extranet.who.int/e-spar/ ).,60
2020,SPAR questionaire for IHR Annual reporting same as 2018 and available at WHO e-SPAR database (https://extranet.who.int/e-spar/ ) and disseminated to WHO Global Health Observatory (https://www.who.int/data/gho/data/themes/international-health-regulations-(2005)-monitoring-framework),IHR National Self-Assessment and reports received and registered at WHO e-SPAR database (https://extranet.who.int/e-spar/ ).,State Party Annual Report: Zoonotic events and the human–animal interface ,SPAR questionaire for IHR Annual reporting same as 2018 and available at WHO e-SPAR database (https://extranet.who.int/e-spar/ ) and disseminated to WHO Global Health Observatory (https://www.who.int/data/gho/data/themes/international-health-regulations-(2005)-monitoring-framework),IHR National Self-Assessment and reports received and registered at WHO e-SPAR database (https://extranet.who.int/e-spar/ ).,60
2018,"SPAR new questionaire for IHR Annual reporting from year 2018, the capacities had changed and available at WHO e-SPAR database (https://extranet.who.int/e-spar/ ) and disseminated to WHO Global Health Observatory (https://www.who.int/data/gho/data/themes/",IHR National Self-Assessment and reports received and registered at WHO e-SPAR database (https://extranet.who.int/e-spar/ ).,State Party Annual Report: Food safety ,SPAR questionaire for IHR Annual reporting same as 2018 and available at WHO e-SPAR database (https://extranet.who.int/e-spar/ ) and disseminated to WHO Global Health Observatory (https://www.who.int/data/gho/data/themes/international-health-regulations-(2005)-monitoring-framework),IHR National Self-Assessment and reports received and registered at WHO e-SPAR database (https://extranet.who.int/e-spar/ ).,40
2019,"SPAR new questionaire for IHR Annual reporting from year 2018, the capacities had changed and available at WHO e-SPAR database (https://extranet.who.int/e-spar/ ) and disseminated to WHO Global Health Observatory (https://www.who.int/data/gho/data/themes/",IHR National Self-Assessment and reports received and registered at WHO e-SPAR database (https://extranet.who.int/e-spar/ ).,State Party Annual Report: Food safety ,SPAR questionaire for IHR Annual reporting same as 2018 and available at WHO e-SPAR database (https://extranet.who.int/e-spar/ ) and disseminated to WHO Global Health Observatory (https://www.who.int/data/gho/data/themes/international-health-regulations-(2005)-monitoring-framework),IHR National Self-Assessment and reports received and registered at WHO e-SPAR database (https://extranet.who.int/e-spar/ ).,80
2020,SPAR questionaire for IHR Annual reporting same as 2018 and available at WHO e-SPAR database (https://extranet.who.int/e-spar/ ) and disseminated to WHO Global Health Observatory (https://www.who.int/data/gho/data/themes/international-health-regulations-(2005)-monitoring-framework),IHR National Self-Assessment and reports received and registered at WHO e-SPAR database (https://extranet.who.int/e-spar/ ).,State Party Annual Report: Food safety ,SPAR questionaire for IHR Annual reporting same as 2018 and available at WHO e-SPAR database (https://extranet.who.int/e-spar/ ) and disseminated to WHO Global Health Observatory (https://www.who.int/data/gho/data/themes/international-health-regulations-(2005)-monitoring-framework),IHR National Self-Assessment and reports received and registered at WHO e-SPAR database (https://extranet.who.int/e-spar/ ).,80
2018,"SPAR new questionaire for IHR Annual reporting from year 2018, the capacities had changed and available at WHO e-SPAR database (https://extranet.who.int/e-spar/ ) and disseminated to WHO Global Health Observatory (https://www.who.int/data/gho/data/themes/",IHR National Self-Assessment and reports received and registered at WHO e-SPAR database (https://extranet.who.int/e-spar/ ).,State Party Annual Report: Laboratory ,SPAR questionaire for IHR Annual reporting same as 2018 and available at WHO e-SPAR database (https://extranet.who.int/e-spar/ ) and disseminated to WHO Global Health Observatory (https://www.who.int/data/gho/data/themes/international-health-regulations-(2005)-monitoring-framework),IHR National Self-Assessment and reports received and registered at WHO e-SPAR database (https://extranet.who.int/e-spar/ ).,60
2019,"SPAR new questionaire for IHR Annual reporting from year 2018, the capacities had changed and available at WHO e-SPAR database (https://extranet.who.int/e-spar/ ) and disseminated to WHO Global Health Observatory (https://www.who.int/data/gho/data/themes/",IHR National Self-Assessment and reports received and registered at WHO e-SPAR database (https://extranet.who.int/e-spar/ ).,State Party Annual Report: Laboratory ,SPAR questionaire for IHR Annual reporting same as 2018 and available at WHO e-SPAR database (https://extranet.who.int/e-spar/ ) and disseminated to WHO Global Health Observatory (https://www.who.int/data/gho/data/themes/international-health-regulations-(2005)-monitoring-framework),IHR National Self-Assessment and reports received and registered at WHO e-SPAR database (https://extranet.who.int/e-spar/ ).,60
2020,SPAR questionaire for IHR Annual reporting same as 2018 and available at WHO e-SPAR database (https://extranet.who.int/e-spar/ ) and disseminated to WHO Global Health Observatory (https://www.who.int/data/gho/data/themes/international-health-regulations-(2005)-monitoring-framework),IHR National Self-Assessment and reports received and registered at WHO e-SPAR database (https://extranet.who.int/e-spar/ ).,State Party Annual Report: Laboratory ,SPAR questionaire for IHR Annual reporting same as 2018 and available at WHO e-SPAR database (https://extranet.who.int/e-spar/ ) and disseminated to WHO Global Health Observatory (https://www.who.int/data/gho/data/themes/international-health-regulations-(2005)-monitoring-framework),IHR National Self-Assessment and reports received and registered at WHO e-SPAR database (https://extranet.who.int/e-spar/ ).,67
2018,"SPAR new questionaire for IHR Annual reporting from year 2018, the capacities had changed and available at WHO e-SPAR database (https://extranet.who.int/e-spar/ ) and disseminated to WHO Global Health Observatory (https://www.who.int/data/gho/data/themes/",IHR National Self-Assessment and reports received and registered at WHO e-SPAR database (https://extranet.who.int/e-spar/ ).,State Party Annual Report: Surveillance ,SPAR questionaire for IHR Annual reporting same as 2018 and available at WHO e-SPAR database (https://extranet.who.int/e-spar/ ) and disseminated to WHO Global Health Observatory (https://www.who.int/data/gho/data/themes/international-health-regulations-(2005)-monitoring-framework),IHR National Self-Assessment and reports received and registered at WHO e-SPAR database (https://extranet.who.int/e-spar/ ).,40
2019,"SPAR new questionaire for IHR Annual reporting from year 2018, the capacities had changed and available at WHO e-SPAR database (https://extranet.who.int/e-spar/ ) and disseminated to WHO Global Health Observatory (https://www.who.int/data/gho/data/themes/",IHR National Self-Assessment and reports received and registered at WHO e-SPAR database (https://extranet.who.int/e-spar/ ).,State Party Annual Report: Surveillance ,SPAR questionaire for IHR Annual reporting same as 2018 and available at WHO e-SPAR database (https://extranet.who.int/e-spar/ ) and disseminated to WHO Global Health Observatory (https://www.who.int/data/gho/data/themes/international-health-regulations-(2005)-monitoring-framework),IHR National Self-Assessment and reports received and registered at WHO e-SPAR database (https://extranet.who.int/e-spar/ ).,50
2020,SPAR questionaire for IHR Annual reporting same as 2018 and available at WHO e-SPAR database (https://extranet.who.int/e-spar/ ) and disseminated to WHO Global Health Observatory (https://www.who.int/data/gho/data/themes/international-health-regulations-(2005)-monitoring-framework),IHR National Self-Assessment and reports received and registered at WHO e-SPAR database (https://extranet.who.int/e-spar/ ).,State Party Annual Report: Surveillance ,SPAR questionaire for IHR Annual reporting same as 2018 and available at WHO e-SPAR database (https://extranet.who.int/e-spar/ ) and disseminated to WHO Global Health Observatory (https://www.who.int/data/gho/data/themes/international-health-regulations-(2005)-monitoring-framework),IHR National Self-Assessment and reports received and registered at WHO e-SPAR database (https://extranet.who.int/e-spar/ ).,70
2018,"SPAR new questionaire for IHR Annual reporting from year 2018, the capacities had changed and available at WHO e-SPAR database (https://extranet.who.int/e-spar/ ) and disseminated to WHO Global Health Observatory (https://www.who.int/data/gho/data/themes/",IHR National Self-Assessment and reports received and registered at WHO e-SPAR database (https://extranet.who.int/e-spar/ ).,State Party Annual Report: Human resources ,SPAR questionaire for IHR Annual reporting same as 2018 and available at WHO e-SPAR database (https://extranet.who.int/e-spar/ ) and disseminated to WHO Global Health Observatory (https://www.who.int/data/gho/data/themes/international-health-regulations-(2005)-monitoring-framework),IHR National Self-Assessment and reports received and registered at WHO e-SPAR database (https://extranet.who.int/e-spar/ ).,40
2019,"SPAR new questionaire for IHR Annual reporting from year 2018, the capacities had changed and available at WHO e-SPAR database (https://extranet.who.int/e-spar/ ) and disseminated to WHO Global Health Observatory (https://www.who.int/data/gho/data/themes/",IHR National Self-Assessment and reports received and registered at WHO e-SPAR database (https://extranet.who.int/e-spar/ ).,State Party Annual Report: Human resources ,SPAR questionaire for IHR Annual reporting same as 2018 and available at WHO e-SPAR database (https://extranet.who.int/e-spar/ ) and disseminated to WHO Global Health Observatory (https://www.who.int/data/gho/data/themes/international-health-regulations-(2005)-monitoring-framework),IHR National Self-Assessment and reports received and registered at WHO e-SPAR database (https://extranet.who.int/e-spar/ ).,60
2020,SPAR questionaire for IHR Annual reporting same as 2018 and available at WHO e-SPAR database (https://extranet.who.int/e-spar/ ) and disseminated to WHO Global Health Observatory (https://www.who.int/data/gho/data/themes/international-health-regulations-(2005)-monitoring-framework),IHR National Self-Assessment and reports received and registered at WHO e-SPAR database (https://extranet.who.int/e-spar/ ).,State Party Annual Report: Human resources ,SPAR questionaire for IHR Annual reporting same as 2018 and available at WHO e-SPAR database (https://extranet.who.int/e-spar/ ) and disseminated to WHO Global Health Observatory (https://www.who.int/data/gho/data/themes/international-health-regulations-(2005)-monitoring-framework),IHR National Self-Assessment and reports received and registered at WHO e-SPAR database (https://extranet.who.int/e-spar/ ).,80
2018,"SPAR new questionaire for IHR Annual reporting from year 2018, the capacities had changed and available at WHO e-SPAR database (https://extranet.who.int/e-spar/ ) and disseminated to WHO Global Health Observatory (https://www.who.int/data/gho/data/themes/",IHR National Self-Assessment and reports received and registered at WHO e-SPAR database (https://extranet.who.int/e-spar/ ).,State Party Annual Report: National Health Emergency Framework ,SPAR questionaire for IHR Annual reporting same as 2018 and available at WHO e-SPAR database (https://extranet.who.int/e-spar/ ) and disseminated to WHO Global Health Observatory (https://www.who.int/data/gho/data/themes/international-health-regulations-(2005)-monitoring-framework),IHR National Self-Assessment and reports received and registered at WHO e-SPAR database (https://extranet.who.int/e-spar/ ).,53
2019,"SPAR new questionaire for IHR Annual reporting from year 2018, the capacities had changed and available at WHO e-SPAR database (https://extranet.who.int/e-spar/ ) and disseminated to WHO Global Health Observatory (https://www.who.int/data/gho/data/themes/",IHR National Self-Assessment and reports received and registered at WHO e-SPAR database (https://extranet.who.int/e-spar/ ).,State Party Annual Report: National Health Emergency Framework ,SPAR questionaire for IHR Annual reporting same as 2018 and available at WHO e-SPAR database (https://extranet.who.int/e-spar/ ) and disseminated to WHO Global Health Observatory (https://www.who.int/data/gho/data/themes/international-health-regulations-(2005)-monitoring-framework),IHR National Self-Assessment and reports received and registered at WHO e-SPAR database (https://extranet.who.int/e-spar/ ).,53
2020,SPAR questionaire for IHR Annual reporting same as 2018 and available at WHO e-SPAR database (https://extranet.who.int/e-spar/ ) and disseminated to WHO Global Health Observatory (https://www.who.int/data/gho/data/themes/international-health-regulations-(2005)-monitoring-framework),IHR National Self-Assessment and reports received and registered at WHO e-SPAR database (https://extranet.who.int/e-spar/ ).,State Party Annual Report: National Health Emergency Framework ,SPAR questionaire for IHR Annual reporting same as 2018 and available at WHO e-SPAR database (https://extranet.who.int/e-spar/ ) and disseminated to WHO Global Health Observatory (https://www.who.int/data/gho/data/themes/international-health-regulations-(2005)-monitoring-framework),IHR National Self-Assessment and reports received and registered at WHO e-SPAR database (https://extranet.who.int/e-spar/ ).,53
2018,"SPAR new questionaire for IHR Annual reporting from year 2018, the capacities had changed and available at WHO e-SPAR database (https://extranet.who.int/e-spar/ ) and disseminated to WHO Global Health Observatory (https://www.who.int/data/gho/data/themes/",IHR National Self-Assessment and reports received and registered at WHO e-SPAR database (https://extranet.who.int/e-spar/ ).,State Party Annual Report: Health Service Provision ,SPAR questionaire for IHR Annual reporting same as 2018 and available at WHO e-SPAR database (https://extranet.who.int/e-spar/ ) and disseminated to WHO Global Health Observatory (https://www.who.int/data/gho/data/themes/international-health-regulations-(2005)-monitoring-framework),IHR National Self-Assessment and reports received and registered at WHO e-SPAR database (https://extranet.who.int/e-spar/ ).,40
2019,"SPAR new questionaire for IHR Annual reporting from year 2018, the capacities had changed and available at WHO e-SPAR database (https://extranet.who.int/e-spar/ ) and disseminated to WHO Global Health Observatory (https://www.who.int/data/gho/data/themes/",IHR National Self-Assessment and reports received and registered at WHO e-SPAR database (https://extranet.who.int/e-spar/ ).,State Party Annual Report: Health Service Provision ,SPAR questionaire for IHR Annual reporting same as 2018 and available at WHO e-SPAR database (https://extranet.who.int/e-spar/ ) and disseminated to WHO Global Health Observatory (https://www.who.int/data/gho/data/themes/international-health-regulations-(2005)-monitoring-framework),IHR National Self-Assessment and reports received and registered at WHO e-SPAR database (https://extranet.who.int/e-spar/ ).,40
2020,SPAR questionaire for IHR Annual reporting same as 2018 and available at WHO e-SPAR database (https://extranet.who.int/e-spar/ ) and disseminated to WHO Global Health Observatory (https://www.who.int/data/gho/data/themes/international-health-regulations-(2005)-monitoring-framework),IHR National Self-Assessment and reports received and registered at WHO e-SPAR database (https://extranet.who.int/e-spar/ ).,State Party Annual Report: Health Service Provision ,SPAR questionaire for IHR Annual reporting same as 2018 and available at WHO e-SPAR database (https://extranet.who.int/e-spar/ ) and disseminated to WHO Global Health Observatory (https://www.who.int/data/gho/data/themes/international-health-regulations-(2005)-monitoring-framework),IHR National Self-Assessment and reports received and registered at WHO e-SPAR database (https://extranet.who.int/e-spar/ ).,40
2018,"SPAR new questionaire for IHR Annual reporting from year 2018, the capacities had changed and available at WHO e-SPAR database (https://extranet.who.int/e-spar/ ) and disseminated to WHO Global Health Observatory (https://www.who.int/data/gho/data/themes/",IHR National Self-Assessment and reports received and registered at WHO e-SPAR database (https://extranet.who.int/e-spar/ ).,State Party Annual Report: Risk Communication ,SPAR questionaire for IHR Annual reporting same as 2018 and available at WHO e-SPAR database (https://extranet.who.int/e-spar/ ) and disseminated to WHO Global Health Observatory (https://www.who.int/data/gho/data/themes/international-health-regulations-(2005)-monitoring-framework),IHR National Self-Assessment and reports received and registered at WHO e-SPAR database (https://extranet.who.int/e-spar/ ).,20
2019,"SPAR new questionaire for IHR Annual reporting from year 2018, the capacities had changed and available at WHO e-SPAR database (https://extranet.who.int/e-spar/ ) and disseminated to WHO Global Health Observatory (https://www.who.int/data/gho/data/themes/",IHR National Self-Assessment and reports received and registered at WHO e-SPAR database (https://extranet.who.int/e-spar/ ).,State Party Annual Report: Risk Communication ,SPAR questionaire for IHR Annual reporting same as 2018 and available at WHO e-SPAR database (https://extranet.who.int/e-spar/ ) and disseminated to WHO Global Health Observatory (https://www.who.int/data/gho/data/themes/international-health-regulations-(2005)-monitoring-framework),IHR National Self-Assessment and reports received and registered at WHO e-SPAR database (https://extranet.who.int/e-spar/ ).,40
2020,SPAR questionaire for IHR Annual reporting same as 2018 and available at WHO e-SPAR database (https://extranet.who.int/e-spar/ ) and disseminated to WHO Global Health Observatory (https://www.who.int/data/gho/data/themes/international-health-regulations-(2005)-monitoring-framework),IHR National Self-Assessment and reports received and registered at WHO e-SPAR database (https://extranet.who.int/e-spar/ ).,State Party Annual Report: Risk Communication ,SPAR questionaire for IHR Annual reporting same as 2018 and available at WHO e-SPAR database (https://extranet.who.int/e-spar/ ) and disseminated to WHO Global Health Observatory (https://www.who.int/data/gho/data/themes/international-health-regulations-(2005)-monitoring-framework),IHR National Self-Assessment and reports received and registered at WHO e-SPAR database (https://extranet.who.int/e-spar/ ).,80
2018,"SPAR new questionaire for IHR Annual reporting from year 2018, the capacities had changed and available at WHO e-SPAR database (https://extranet.who.int/e-spar/ ) and disseminated to WHO Global Health Observatory (https://www.who.int/data/gho/data/themes/",IHR National Self-Assessment and reports received and registered at WHO e-SPAR database (https://extranet.who.int/e-spar/ ).,State Party Annual Report: Points of entry ,SPAR questionaire for IHR Annual reporting same as 2018 and available at WHO e-SPAR database (https://extranet.who.int/e-spar/ ) and disseminated to WHO Global Health Observatory (https://www.who.int/data/gho/data/themes/international-health-regulations-(2005)-monitoring-framework),IHR National Self-Assessment and reports received and registered at WHO e-SPAR database (https://extranet.who.int/e-spar/ ).,20
2019,"SPAR new questionaire for IHR Annual reporting from year 2018, the capacities had changed and available at WHO e-SPAR database (https://extranet.who.int/e-spar/ ) and disseminated to WHO Global Health Observatory (https://www.who.int/data/gho/data/themes/",IHR National Self-Assessment and reports received and registered at WHO e-SPAR database (https://extranet.who.int/e-spar/ ).,State Party Annual Report: Points of entry ,SPAR questionaire for IHR Annual reporting same as 2018 and available at WHO e-SPAR database (https://extranet.who.int/e-spar/ ) and disseminated to WHO Global Health Observatory (https://www.who.int/data/gho/data/themes/international-health-regulations-(2005)-monitoring-framework),IHR National Self-Assessment and reports received and registered at WHO e-SPAR database (https://extranet.who.int/e-spar/ ).,40
2020,SPAR questionaire for IHR Annual reporting same as 2018 and available at WHO e-SPAR database (https://extranet.who.int/e-spar/ ) and disseminated to WHO Global Health Observatory (https://www.who.int/data/gho/data/themes/international-health-regulations-(2005)-monitoring-framework),IHR National Self-Assessment and reports received and registered at WHO e-SPAR database (https://extranet.who.int/e-spar/ ).,State Party Annual Report: Points of entry ,SPAR questionaire for IHR Annual reporting same as 2018 and available at WHO e-SPAR database (https://extranet.who.int/e-spar/ ) and disseminated to WHO Global Health Observatory (https://www.who.int/data/gho/data/themes/international-health-regulations-(2005)-monitoring-framework),IHR National Self-Assessment and reports received and registered at WHO e-SPAR database (https://extranet.who.int/e-spar/ ).,40
2018,"SPAR new questionaire for IHR Annual reporting from year 2018, the capacities had changed and available at WHO e-SPAR database (https://extranet.who.int/e-spar/ ) and disseminated to WHO Global Health Observatory (https://www.who.int/data/gho/data/themes/",IHR National Self-Assessment and reports received and registered at WHO e-SPAR database (https://extranet.who.int/e-spar/ ).,State Party Annual Report: Chemical events ,SPAR questionaire for IHR Annual reporting same as 2018 and available at WHO e-SPAR database (https://extranet.who.int/e-spar/ ) and disseminated to WHO Global Health Observatory (https://www.who.int/data/gho/data/themes/international-health-regulations-(2005)-monitoring-framework),IHR National Self-Assessment and reports received and registered at WHO e-SPAR database (https://extranet.who.int/e-spar/ ).,40
2019,"SPAR new questionaire for IHR Annual reporting from year 2018, the capacities had changed and available at WHO e-SPAR database (https://extranet.who.int/e-spar/ ) and disseminated to WHO Global Health Observatory (https://www.who.int/data/gho/data/themes/",IHR National Self-Assessment and reports received and registered at WHO e-SPAR database (https://extranet.who.int/e-spar/ ).,State Party Annual Report: Chemical events ,SPAR questionaire for IHR Annual reporting same as 2018 and available at WHO e-SPAR database (https://extranet.who.int/e-spar/ ) and disseminated to WHO Global Health Observatory (https://www.who.int/data/gho/data/themes/international-health-regulations-(2005)-monitoring-framework),IHR National Self-Assessment and reports received and registered at WHO e-SPAR database (https://extranet.who.int/e-spar/ ).,60
2020,SPAR questionaire for IHR Annual reporting same as 2018 and available at WHO e-SPAR database (https://extranet.who.int/e-spar/ ) and disseminated to WHO Global Health Observatory (https://www.who.int/data/gho/data/themes/international-health-regulations-(2005)-monitoring-framework),IHR National Self-Assessment and reports received and registered at WHO e-SPAR database (https://extranet.who.int/e-spar/ ).,State Party Annual Report: Chemical events ,SPAR questionaire for IHR Annual reporting same as 2018 and available at WHO e-SPAR database (https://extranet.who.int/e-spar/ ) and disseminated to WHO Global Health Observatory (https://www.who.int/data/gho/data/themes/international-health-regulations-(2005)-monitoring-framework),IHR National Self-Assessment and reports received and registered at WHO e-SPAR database (https://extranet.who.int/e-spar/ ).,60
2018,"SPAR new questionaire for IHR Annual reporting from year 2018, the capacities had changed and available at WHO e-SPAR database (https://extranet.who.int/e-spar/ ) and disseminated to WHO Global Health Observatory (https://www.who.int/data/gho/data/themes/",IHR National Self-Assessment and reports received and registered at WHO e-SPAR database (https://extranet.who.int/e-spar/ ).,State Party Annual Report: Radiation emergencies ,SPAR questionaire for IHR Annual reporting same as 2018 and available at WHO e-SPAR database (https://extranet.who.int/e-spar/ ) and disseminated to WHO Global Health Observatory (https://www.who.int/data/gho/data/themes/international-health-regulations-(2005)-monitoring-framework),IHR National Self-Assessment and reports received and registered at WHO e-SPAR database (https://extranet.who.int/e-spar/ ).,40
2019,"SPAR new questionaire for IHR Annual reporting from year 2018, the capacities had changed and available at WHO e-SPAR database (https://extranet.who.int/e-spar/ ) and disseminated to WHO Global Health Observatory (https://www.who.int/data/gho/data/themes/",IHR National Self-Assessment and reports received and registered at WHO e-SPAR database (https://extranet.who.int/e-spar/ ).,State Party Annual Report: Radiation emergencies ,SPAR questionaire for IHR Annual reporting same as 2018 and available at WHO e-SPAR database (https://extranet.who.int/e-spar/ ) and disseminated to WHO Global Health Observatory (https://www.who.int/data/gho/data/themes/international-health-regulations-(2005)-monitoring-framework),IHR National Self-Assessment and reports received and registered at WHO e-SPAR database (https://extranet.who.int/e-spar/ ).,20
2020,SPAR questionaire for IHR Annual reporting same as 2018 and available at WHO e-SPAR database (https://extranet.who.int/e-spar/ ) and disseminated to WHO Global Health Observatory (https://www.who.int/data/gho/data/themes/international-health-regulations-(2005)-monitoring-framework),IHR National Self-Assessment and reports received and registered at WHO e-SPAR database (https://extranet.who.int/e-spar/ ).,State Party Annual Report: Radiation emergencies ,SPAR questionaire for IHR Annual reporting same as 2018 and available at WHO e-SPAR database (https://extranet.who.int/e-spar/ ) and disseminated to WHO Global Health Observatory (https://www.who.int/data/gho/data/themes/international-health-regulations-(2005)-monitoring-framework),IHR National Self-Assessment and reports received and registered at WHO e-SPAR database (https://extranet.who.int/e-spar/ ).,20
2021,"Due to the exceptional circumstances of the COVID-19 pandemic, WHO has published an updated the second edition of the IHR State Parties Self-Assessment Tool in December 2021 based on the first edition published in July 2018. SPAR questionaires for IHR Annual reporting are also updated and available at WHO e-SPAR database (https://extranet.who.int/e-spar/ )",IHR National Self-Assessment and reports received and registered at WHO e-SPAR database (https://extranet.who.int/e-spar/ ).,"State Party Annual Report 2: Policy, Legal and normative Instruments to implement IHR","Due to the exceptional circumstances of the COVID-19 pandemic, WHO has published an updated the second edition of the IHR State Parties Self-Assessment Tool in December 2021 based on the first edition published in July 2018. SPAR questionaires for IHR Annual reporting are also updated and available at WHO e-SPAR database (https://extranet.who.int/e-spar/ )",IHR National Self-Assessment and reports received and registered at WHO e-SPAR database (https://extranet.who.int/e-spar/ ).,40
2021,"Due to the exceptional circumstances of the COVID-19 pandemic, WHO has published an updated the second edition of the IHR State Parties Self-Assessment Tool in December 2021 based on the first edition published in July 2018. SPAR questionaires for IHR Annual reporting are also updated and available at WHO e-SPAR database (https://extranet.who.int/e-spar/ )",IHR National Self-Assessment and reports received and registered at WHO e-SPAR database (https://extranet.who.int/e-spar/ ).,"State Party Annual Report 2: IHR Coordination, National IHR Focal Point functions and advocacy","Due to the exceptional circumstances of the COVID-19 pandemic, WHO has published an updated the second edition of the IHR State Parties Self-Assessment Tool in December 2021 based on the first edition published in July 2018. SPAR questionaires for IHR Annual reporting are also updated and available at WHO e-SPAR database (https://extranet.who.int/e-spar/ )",IHR National Self-Assessment and reports received and registered at WHO e-SPAR database (https://extranet.who.int/e-spar/ ).,73
2021,"Due to the exceptional circumstances of the COVID-19 pandemic, WHO has published an updated the second edition of the IHR State Parties Self-Assessment Tool in December 2021 based on the first edition published in July 2018. SPAR questionaires for IHR Annual reporting are also updated and available at WHO e-SPAR database (https://extranet.who.int/e-spar/ )",IHR National Self-Assessment and reports received and registered at WHO e-SPAR database (https://extranet.who.int/e-spar/ ).,State Party Annual Report 2: Financing,"Due to the exceptional circumstances of the COVID-19 pandemic, WHO has published an updated the second edition of the IHR State Parties Self-Assessment Tool in December 2021 based on the first edition published in July 2018. SPAR questionaires for IHR Annual reporting are also updated and available at WHO e-SPAR database (https://extranet.who.int/e-spar/ )",IHR National Self-Assessment and reports received and registered at WHO e-SPAR database (https://extranet.who.int/e-spar/ ).,60
2021,"Due to the exceptional circumstances of the COVID-19 pandemic, WHO has published an updated the second edition of the IHR State Parties Self-Assessment Tool in December 2021 based on the first edition published in July 2018. SPAR questionaires for IHR Annual reporting are also updated and available at WHO e-SPAR database (https://extranet.who.int/e-spar/ )",IHR National Self-Assessment and reports received and registered at WHO e-SPAR database (https://extranet.who.int/e-spar/ ).,State Party Annual Report 2: Laboratory,"Due to the exceptional circumstances of the COVID-19 pandemic, WHO has published an updated the second edition of the IHR State Parties Self-Assessment Tool in December 2021 based on the first edition published in July 2018. SPAR questionaires for IHR Annual reporting are also updated and available at WHO e-SPAR database (https://extranet.who.int/e-spar/ )",IHR National Self-Assessment and reports received and registered at WHO e-SPAR database (https://extranet.who.int/e-spar/ ).,60
2021,"Due to the exceptional circumstances of the COVID-19 pandemic, WHO has published an updated the second edition of the IHR State Parties Self-Assessment Tool in December 2021 based on the first edition published in July 2018. SPAR questionaires for IHR Annual reporting are also updated and available at WHO e-SPAR database (https://extranet.who.int/e-spar/ )",IHR National Self-Assessment and reports received and registered at WHO e-SPAR database (https://extranet.who.int/e-spar/ ).,State Party Annual Report 2: Surveillance,"Due to the exceptional circumstances of the COVID-19 pandemic, WHO has published an updated the second edition of the IHR State Parties Self-Assessment Tool in December 2021 based on the first edition published in July 2018. SPAR questionaires for IHR Annual reporting are also updated and available at WHO e-SPAR database (https://extranet.who.int/e-spar/ )",IHR National Self-Assessment and reports received and registered at WHO e-SPAR database (https://extranet.who.int/e-spar/ ).,70
2021,"Due to the exceptional circumstances of the COVID-19 pandemic, WHO has published an updated the second edition of the IHR State Parties Self-Assessment Tool in December 2021 based on the first edition published in July 2018. SPAR questionaires for IHR Annual reporting are also updated and available at WHO e-SPAR database (https://extranet.who.int/e-spar/ )",IHR National Self-Assessment and reports received and registered at WHO e-SPAR database (https://extranet.who.int/e-spar/ ).,State Party Annual Report 2: Human resources,"Due to the exceptional circumstances of the COVID-19 pandemic, WHO has published an updated the second edition of the IHR State Parties Self-Assessment Tool in December 2021 based on the first edition published in July 2018. SPAR questionaires for IHR Annual reporting are also updated and available at WHO e-SPAR database (https://extranet.who.int/e-spar/ )",IHR National Self-Assessment and reports received and registered at WHO e-SPAR database (https://extranet.who.int/e-spar/ ).,80
2021,"Due to the exceptional circumstances of the COVID-19 pandemic, WHO has published an updated the second edition of the IHR State Parties Self-Assessment Tool in December 2021 based on the first edition published in July 2018. SPAR questionaires for IHR Annual reporting are also updated and available at WHO e-SPAR database (https://extranet.who.int/e-spar/ )",IHR National Self-Assessment and reports received and registered at WHO e-SPAR database (https://extranet.who.int/e-spar/ ).,State Party Annual Report 2: Health emergency management,"Due to the exceptional circumstances of the COVID-19 pandemic, WHO has published an updated the second edition of the IHR State Parties Self-Assessment Tool in December 2021 based on the first edition published in July 2018. SPAR questionaires for IHR Annual reporting are also updated and available at WHO e-SPAR database (https://extranet.who.int/e-spar/ )",IHR National Self-Assessment and reports received and registered at WHO e-SPAR database (https://extranet.who.int/e-spar/ ).,60
2021,"Due to the exceptional circumstances of the COVID-19 pandemic, WHO has published an updated the second edition of the IHR State Parties Self-Assessment Tool in December 2021 based on the first edition published in July 2018. SPAR questionaires for IHR Annual reporting are also updated and available at WHO e-SPAR database (https://extranet.who.int/e-spar/ )",IHR National Self-Assessment and reports received and registered at WHO e-SPAR database (https://extranet.who.int/e-spar/ ).,State Party Annual Report 2: Health services provision,"Due to the exceptional circumstances of the COVID-19 pandemic, WHO has published an updated the second edition of the IHR State Parties Self-Assessment Tool in December 2021 based on the first edition published in July 2018. SPAR questionaires for IHR Annual reporting are also updated and available at WHO e-SPAR database (https://extranet.who.int/e-spar/ )",IHR National Self-Assessment and reports received and registered at WHO e-SPAR database (https://extranet.who.int/e-spar/ ).,47
2021,"Due to the exceptional circumstances of the COVID-19 pandemic, WHO has published an updated the second edition of the IHR State Parties Self-Assessment Tool in December 2021 based on the first edition published in July 2018. SPAR questionaires for IHR Annual reporting are also updated and available at WHO e-SPAR database (https://extranet.who.int/e-spar/ )",IHR National Self-Assessment and reports received and registered at WHO e-SPAR database (https://extranet.who.int/e-spar/ ).,State Party Annual Report 2: Infection prevention and control (IPC),"Due to the exceptional circumstances of the COVID-19 pandemic, WHO has published an updated the second edition of the IHR State Parties Self-Assessment Tool in December 2021 based on the first edition published in July 2018. SPAR questionaires for IHR Annual reporting are also updated and available at WHO e-SPAR database (https://extranet.who.int/e-spar/ )",IHR National Self-Assessment and reports received and registered at WHO e-SPAR database (https://extranet.who.int/e-spar/ ).,40
2021,"Due to the exceptional circumstances of the COVID-19 pandemic, WHO has published an updated the second edition of the IHR State Parties Self-Assessment Tool in December 2021 based on the first edition published in July 2018. SPAR questionaires for IHR Annual reporting are also updated and available at WHO e-SPAR database (https://extranet.who.int/e-spar/ )",IHR National Self-Assessment and reports received and registered at WHO e-SPAR database (https://extranet.who.int/e-spar/ ).,State Party Annual Report 2: Risk communication and community engagement (RCCE),"Due to the exceptional circumstances of the COVID-19 pandemic, WHO has published an updated the second edition of the IHR State Parties Self-Assessment Tool in December 2021 based on the first edition published in July 2018. SPAR questionaires for IHR Annual reporting are also updated and available at WHO e-SPAR database (https://extranet.who.int/e-spar/ )",IHR National Self-Assessment and reports received and registered at WHO e-SPAR database (https://extranet.who.int/e-spar/ ).,73
2021,"Due to the exceptional circumstances of the COVID-19 pandemic, WHO has published an updated the second edition of the IHR State Parties Self-Assessment Tool in December 2021 based on the first edition published in July 2018. SPAR questionaires for IHR Annual reporting are also updated and available at WHO e-SPAR database (https://extranet.who.int/e-spar/ )",IHR National Self-Assessment and reports received and registered at WHO e-SPAR database (https://extranet.who.int/e-spar/ ).,State Party Annual Report 2: Points of entry (PoEs) and border health,"Due to the exceptional circumstances of the COVID-19 pandemic, WHO has published an updated the second edition of the IHR State Parties Self-Assessment Tool in December 2021 based on the first edition published in July 2018. SPAR questionaires for IHR Annual reporting are also updated and available at WHO e-SPAR database (https://extranet.who.int/e-spar/ )",IHR National Self-Assessment and reports received and registered at WHO e-SPAR database (https://extranet.who.int/e-spar/ ).,53
2021,"Due to the exceptional circumstances of the COVID-19 pandemic, WHO has published an updated the second edition of the IHR State Parties Self-Assessment Tool in December 2021 based on the first edition published in July 2018. SPAR questionaires for IHR Annual reporting are also updated and available at WHO e-SPAR database (https://extranet.who.int/e-spar/ )",IHR National Self-Assessment and reports received and registered at WHO e-SPAR database (https://extranet.who.int/e-spar/ ).,State Party Annual Report 2: Zoonotic diseases,"Due to the exceptional circumstances of the COVID-19 pandemic, WHO has published an updated the second edition of the IHR State Parties Self-Assessment Tool in December 2021 based on the first edition published in July 2018. SPAR questionaires for IHR Annual reporting are also updated and available at WHO e-SPAR database (https://extranet.who.int/e-spar/ )",IHR National Self-Assessment and reports received and registered at WHO e-SPAR database (https://extranet.who.int/e-spar/ ).,60
2021,"Due to the exceptional circumstances of the COVID-19 pandemic, WHO has published an updated the second edition of the IHR State Parties Self-Assessment Tool in December 2021 based on the first edition published in July 2018. SPAR questionaires for IHR Annual reporting are also updated and available at WHO e-SPAR database (https://extranet.who.int/e-spar/ )",IHR National Self-Assessment and reports received and registered at WHO e-SPAR database (https://extranet.who.int/e-spar/ ).,State Party Annual Report 2: Food safety,"Due to the exceptional circumstances of the COVID-19 pandemic, WHO has published an updated the second edition of the IHR State Parties Self-Assessment Tool in December 2021 based on the first edition published in July 2018. SPAR questionaires for IHR Annual reporting are also updated and available at WHO e-SPAR database (https://extranet.who.int/e-spar/ )",IHR National Self-Assessment and reports received and registered at WHO e-SPAR database (https://extranet.who.int/e-spar/ ).,80
2021,"Due to the exceptional circumstances of the COVID-19 pandemic, WHO has published an updated the second edition of the IHR State Parties Self-Assessment Tool in December 2021 based on the first edition published in July 2018. SPAR questionaires for IHR Annual reporting are also updated and available at WHO e-SPAR database (https://extranet.who.int/e-spar/ )",IHR National Self-Assessment and reports received and registered at WHO e-SPAR database (https://extranet.who.int/e-spar/ ).,State Party Annual Report 2: Chemical events,"Due to the exceptional circumstances of the COVID-19 pandemic, WHO has published an updated the second edition of the IHR State Parties Self-Assessment Tool in December 2021 based on the first edition published in July 2018. SPAR questionaires for IHR Annual reporting are also updated and available at WHO e-SPAR database (https://extranet.who.int/e-spar/ )",IHR National Self-Assessment and reports received and registered at WHO e-SPAR database (https://extranet.who.int/e-spar/ ).,60
2021,"Due to the exceptional circumstances of the COVID-19 pandemic, WHO has published an updated the second edition of the IHR State Parties Self-Assessment Tool in December 2021 based on the first edition published in July 2018. SPAR questionaires for IHR Annual reporting are also updated and available at WHO e-SPAR database (https://extranet.who.int/e-spar/ )",IHR National Self-Assessment and reports received and registered at WHO e-SPAR database (https://extranet.who.int/e-spar/ ).,State Party Annual Report 2: Radiation emergencies,"Due to the exceptional circumstances of the COVID-19 pandemic, WHO has published an updated the second edition of the IHR State Parties Self-Assessment Tool in December 2021 based on the first edition published in July 2018. SPAR questionaires for IHR Annual reporting are also updated and available at WHO e-SPAR database (https://extranet.who.int/e-spar/ )",IHR National Self-Assessment and reports received and registered at WHO e-SPAR database (https://extranet.who.int/e-spar/ ).,40
