Year,COMMENT_OBS,SDG Series,Sex,Observation-level footnotes,Value
2019,The individual is listed as an owner of the parcel if she/he has a legal document under her/his name in the households where at least one member has cultivated land.,"Share of women among owners or rights-bearers of agricultural land, by type of tenure [5.a.1]",,The individual is listed as an owner of the parcel if she/he has a legal document under her/his name in the households where at least one member has cultivated land.,19.3
2019,Self-reported ownership is used for the estimates,Proportion of total agricultural population with ownership or secure rights over agricultural land [5.a.1],,Self-reported ownership is used for the estimates,19.1
2019,Self-reported ownership is used for the estimates,Proportion of total agricultural population with ownership or secure rights over agricultural land [5.a.1],Female,Self-reported ownership is used for the estimates,6.5
2019,Self-reported ownership is used for the estimates,Proportion of total agricultural population with ownership or secure rights over agricultural land [5.a.1],Male,Self-reported ownership is used for the estimates,35.7
