Year,NATURE,SOURCE_DETAIL,SDG Series,Composite breakdown,Unit of measure,Nature of data points,Source details,COMMENT_OBS,Observation-level footnotes,Value
2006,E,Global Surface Water Explorer extraction for UN Environment Programme,Lakes and rivers permanent water area change (%) [6.6.1],,Percent,Estimated,Global Surface Water Explorer extraction for UN Environment Programme,,,2.59512
2007,E,Global Surface Water Explorer extraction for UN Environment Programme,Lakes and rivers permanent water area change (%) [6.6.1],,Percent,Estimated,Global Surface Water Explorer extraction for UN Environment Programme,,,3.12776
2008,E,Global Surface Water Explorer extraction for UN Environment Programme,Lakes and rivers permanent water area change (%) [6.6.1],,Percent,Estimated,Global Surface Water Explorer extraction for UN Environment Programme,,,3.01945
2009,E,Global Surface Water Explorer extraction for UN Environment Programme,Lakes and rivers permanent water area change (%) [6.6.1],,Percent,Estimated,Global Surface Water Explorer extraction for UN Environment Programme,,,4.22563
2010,E,Global Surface Water Explorer extraction for UN Environment Programme,Lakes and rivers permanent water area change (%) [6.6.1],,Percent,Estimated,Global Surface Water Explorer extraction for UN Environment Programme,,,4.70844
2011,E,Global Surface Water Explorer extraction for UN Environment Programme,Lakes and rivers permanent water area change (%) [6.6.1],,Percent,Estimated,Global Surface Water Explorer extraction for UN Environment Programme,,,2.83552
2012,E,Global Surface Water Explorer extraction for UN Environment Programme,Lakes and rivers permanent water area change (%) [6.6.1],,Percent,Estimated,Global Surface Water Explorer extraction for UN Environment Programme,,,2.62712
2013,E,Global Surface Water Explorer extraction for UN Environment Programme,Lakes and rivers permanent water area change (%) [6.6.1],,Percent,Estimated,Global Surface Water Explorer extraction for UN Environment Programme,,,4.50361
2014,E,Global Surface Water Explorer extraction for UN Environment Programme,Lakes and rivers permanent water area change (%) [6.6.1],,Percent,Estimated,Global Surface Water Explorer extraction for UN Environment Programme,,,5.62098
2015,E,Global Surface Water Explorer extraction for UN Environment Programme,Lakes and rivers permanent water area change (%) [6.6.1],,Percent,Estimated,Global Surface Water Explorer extraction for UN Environment Programme,,,5.50203
2016,E,Global Surface Water Explorer extraction for UN Environment Programme,Lakes and rivers permanent water area change (%) [6.6.1],,Percent,Estimated,Global Surface Water Explorer extraction for UN Environment Programme,,,5.07738
2017,E,Global Surface Water Explorer extraction for UN Environment Programme,Lakes and rivers permanent water area change (%) [6.6.1],,Percent,Estimated,Global Surface Water Explorer extraction for UN Environment Programme,,,8.1991
2018,E,Global Surface Water Explorer extraction for UN Environment Programme,Lakes and rivers permanent water area change (%) [6.6.1],,Percent,Estimated,Global Surface Water Explorer extraction for UN Environment Programme,,,9.74069
2019,E,Global Surface Water Explorer extraction for UN Environment Programme,Lakes and rivers permanent water area change (%) [6.6.1],,Percent,Estimated,Global Surface Water Explorer extraction for UN Environment Programme,,,10.44529
2020,E,Global Surface Water Explorer extraction for UN Environment Programme,Lakes and rivers permanent water area change (%) [6.6.1],,Percent,Estimated,Global Surface Water Explorer extraction for UN Environment Programme,,,13.31718
2021,E,Global Surface Water Explorer extraction for UN Environment Programme,Lakes and rivers permanent water area change (%) [6.6.1],,Percent,Estimated,Global Surface Water Explorer extraction for UN Environment Programme,,,16.48182
2000,E,Global Surface Water Explorer extraction for UN Environment Programme,Lakes and rivers permanent water area (square kilometres) [6.6.1],,Square kilometers,Estimated,Global Surface Water Explorer extraction for UN Environment Programme,,,269.45245
2001,E,Global Surface Water Explorer extraction for UN Environment Programme,Lakes and rivers permanent water area (square kilometres) [6.6.1],,Square kilometers,Estimated,Global Surface Water Explorer extraction for UN Environment Programme,,,265.22164
2002,E,Global Surface Water Explorer extraction for UN Environment Programme,Lakes and rivers permanent water area (square kilometres) [6.6.1],,Square kilometers,Estimated,Global Surface Water Explorer extraction for UN Environment Programme,,,314.09103
2003,E,Global Surface Water Explorer extraction for UN Environment Programme,Lakes and rivers permanent water area (square kilometres) [6.6.1],,Square kilometers,Estimated,Global Surface Water Explorer extraction for UN Environment Programme,,,389.07592
2004,E,Global Surface Water Explorer extraction for UN Environment Programme,Lakes and rivers permanent water area (square kilometres) [6.6.1],,Square kilometers,Estimated,Global Surface Water Explorer extraction for UN Environment Programme,,,386.36192
2005,E,Global Surface Water Explorer extraction for UN Environment Programme,Lakes and rivers permanent water area (square kilometres) [6.6.1],,Square kilometers,Estimated,Global Surface Water Explorer extraction for UN Environment Programme,,,379.10271
2006,E,Global Surface Water Explorer extraction for UN Environment Programme,Lakes and rivers permanent water area (square kilometres) [6.6.1],,Square kilometers,Estimated,Global Surface Water Explorer extraction for UN Environment Programme,,,388.94088
2007,E,Global Surface Water Explorer extraction for UN Environment Programme,Lakes and rivers permanent water area (square kilometres) [6.6.1],,Square kilometers,Estimated,Global Surface Water Explorer extraction for UN Environment Programme,,,390.96014
2008,E,Global Surface Water Explorer extraction for UN Environment Programme,Lakes and rivers permanent water area (square kilometres) [6.6.1],,Square kilometers,Estimated,Global Surface Water Explorer extraction for UN Environment Programme,,,390.54954
2009,E,Global Surface Water Explorer extraction for UN Environment Programme,Lakes and rivers permanent water area (square kilometres) [6.6.1],,Square kilometers,Estimated,Global Surface Water Explorer extraction for UN Environment Programme,,,395.1222
2010,E,Global Surface Water Explorer extraction for UN Environment Programme,Lakes and rivers permanent water area (square kilometres) [6.6.1],,Square kilometers,Estimated,Global Surface Water Explorer extraction for UN Environment Programme,,,396.95256
2011,E,Global Surface Water Explorer extraction for UN Environment Programme,Lakes and rivers permanent water area (square kilometres) [6.6.1],,Square kilometers,Estimated,Global Surface Water Explorer extraction for UN Environment Programme,,,389.85224
2012,E,Global Surface Water Explorer extraction for UN Environment Programme,Lakes and rivers permanent water area (square kilometres) [6.6.1],,Square kilometers,Estimated,Global Surface Water Explorer extraction for UN Environment Programme,,,389.06219
2013,E,Global Surface Water Explorer extraction for UN Environment Programme,Lakes and rivers permanent water area (square kilometres) [6.6.1],,Square kilometers,Estimated,Global Surface Water Explorer extraction for UN Environment Programme,,,396.17603
2014,E,Global Surface Water Explorer extraction for UN Environment Programme,Lakes and rivers permanent water area (square kilometres) [6.6.1],,Square kilometers,Estimated,Global Surface Water Explorer extraction for UN Environment Programme,,,400.412
2015,E,Global Surface Water Explorer extraction for UN Environment Programme,Lakes and rivers permanent water area (square kilometres) [6.6.1],,Square kilometers,Estimated,Global Surface Water Explorer extraction for UN Environment Programme,,,399.96105
2016,E,Global Surface Water Explorer extraction for UN Environment Programme,Lakes and rivers permanent water area (square kilometres) [6.6.1],,Square kilometers,Estimated,Global Surface Water Explorer extraction for UN Environment Programme,,,398.35118
2017,E,Global Surface Water Explorer extraction for UN Environment Programme,Lakes and rivers permanent water area (square kilometres) [6.6.1],,Square kilometers,Estimated,Global Surface Water Explorer extraction for UN Environment Programme,,,410.18571
2018,E,Global Surface Water Explorer extraction for UN Environment Programme,Lakes and rivers permanent water area (square kilometres) [6.6.1],,Square kilometers,Estimated,Global Surface Water Explorer extraction for UN Environment Programme,,,416.02994
2019,E,Global Surface Water Explorer extraction for UN Environment Programme,Lakes and rivers permanent water area (square kilometres) [6.6.1],,Square kilometers,Estimated,Global Surface Water Explorer extraction for UN Environment Programme,,,418.70108
2020,E,Global Surface Water Explorer extraction for UN Environment Programme,Lakes and rivers permanent water area (square kilometres) [6.6.1],,Square kilometers,Estimated,Global Surface Water Explorer extraction for UN Environment Programme,,,429.58852
2021,E,Global Surface Water Explorer extraction for UN Environment Programme,Lakes and rivers permanent water area (square kilometres) [6.6.1],,Square kilometers,Estimated,Global Surface Water Explorer extraction for UN Environment Programme,,,441.58573
2000,E,Global Surface Water Explorer extraction for UN Environment Programme,Lakes and rivers permanent water area (% of total land area) [6.6.1],,Percent,Estimated,Global Surface Water Explorer extraction for UN Environment Programme,,,0.0014
2001,E,Global Surface Water Explorer extraction for UN Environment Programme,Lakes and rivers permanent water area (% of total land area) [6.6.1],,Percent,Estimated,Global Surface Water Explorer extraction for UN Environment Programme,,,0.00138
2002,E,Global Surface Water Explorer extraction for UN Environment Programme,Lakes and rivers permanent water area (% of total land area) [6.6.1],,Percent,Estimated,Global Surface Water Explorer extraction for UN Environment Programme,,,0.00163
2003,E,Global Surface Water Explorer extraction for UN Environment Programme,Lakes and rivers permanent water area (% of total land area) [6.6.1],,Percent,Estimated,Global Surface Water Explorer extraction for UN Environment Programme,,,0.00202
2004,E,Global Surface Water Explorer extraction for UN Environment Programme,Lakes and rivers permanent water area (% of total land area) [6.6.1],,Percent,Estimated,Global Surface Water Explorer extraction for UN Environment Programme,,,0.00201
2005,E,Global Surface Water Explorer extraction for UN Environment Programme,Lakes and rivers permanent water area (% of total land area) [6.6.1],,Percent,Estimated,Global Surface Water Explorer extraction for UN Environment Programme,,,0.00197
2006,E,Global Surface Water Explorer extraction for UN Environment Programme,Lakes and rivers permanent water area (% of total land area) [6.6.1],,Percent,Estimated,Global Surface Water Explorer extraction for UN Environment Programme,,,0.00202
2007,E,Global Surface Water Explorer extraction for UN Environment Programme,Lakes and rivers permanent water area (% of total land area) [6.6.1],,Percent,Estimated,Global Surface Water Explorer extraction for UN Environment Programme,,,0.00203
2008,E,Global Surface Water Explorer extraction for UN Environment Programme,Lakes and rivers permanent water area (% of total land area) [6.6.1],,Percent,Estimated,Global Surface Water Explorer extraction for UN Environment Programme,,,0.00203
2009,E,Global Surface Water Explorer extraction for UN Environment Programme,Lakes and rivers permanent water area (% of total land area) [6.6.1],,Percent,Estimated,Global Surface Water Explorer extraction for UN Environment Programme,,,0.00205
2010,E,Global Surface Water Explorer extraction for UN Environment Programme,Lakes and rivers permanent water area (% of total land area) [6.6.1],,Percent,Estimated,Global Surface Water Explorer extraction for UN Environment Programme,,,0.00206
2011,E,Global Surface Water Explorer extraction for UN Environment Programme,Lakes and rivers permanent water area (% of total land area) [6.6.1],,Percent,Estimated,Global Surface Water Explorer extraction for UN Environment Programme,,,0.00202
2012,E,Global Surface Water Explorer extraction for UN Environment Programme,Lakes and rivers permanent water area (% of total land area) [6.6.1],,Percent,Estimated,Global Surface Water Explorer extraction for UN Environment Programme,,,0.00202
2013,E,Global Surface Water Explorer extraction for UN Environment Programme,Lakes and rivers permanent water area (% of total land area) [6.6.1],,Percent,Estimated,Global Surface Water Explorer extraction for UN Environment Programme,,,0.00206
2014,E,Global Surface Water Explorer extraction for UN Environment Programme,Lakes and rivers permanent water area (% of total land area) [6.6.1],,Percent,Estimated,Global Surface Water Explorer extraction for UN Environment Programme,,,0.00208
2015,E,Global Surface Water Explorer extraction for UN Environment Programme,Lakes and rivers permanent water area (% of total land area) [6.6.1],,Percent,Estimated,Global Surface Water Explorer extraction for UN Environment Programme,,,0.00208
2016,E,Global Surface Water Explorer extraction for UN Environment Programme,Lakes and rivers permanent water area (% of total land area) [6.6.1],,Percent,Estimated,Global Surface Water Explorer extraction for UN Environment Programme,,,0.00207
2017,E,Global Surface Water Explorer extraction for UN Environment Programme,Lakes and rivers permanent water area (% of total land area) [6.6.1],,Percent,Estimated,Global Surface Water Explorer extraction for UN Environment Programme,,,0.00213
2018,E,Global Surface Water Explorer extraction for UN Environment Programme,Lakes and rivers permanent water area (% of total land area) [6.6.1],,Percent,Estimated,Global Surface Water Explorer extraction for UN Environment Programme,,,0.00216
2019,E,Global Surface Water Explorer extraction for UN Environment Programme,Lakes and rivers permanent water area (% of total land area) [6.6.1],,Percent,Estimated,Global Surface Water Explorer extraction for UN Environment Programme,,,0.00217
2020,E,Global Surface Water Explorer extraction for UN Environment Programme,Lakes and rivers permanent water area (% of total land area) [6.6.1],,Percent,Estimated,Global Surface Water Explorer extraction for UN Environment Programme,,,0.00223
2021,E,Global Surface Water Explorer extraction for UN Environment Programme,Lakes and rivers permanent water area (% of total land area) [6.6.1],,Percent,Estimated,Global Surface Water Explorer extraction for UN Environment Programme,,,0.00229
2006,E,Global Surface Water Explorer extraction for UN Environment Programme,Lakes and rivers seasonal water area change (%) [6.6.1],,Percent,Estimated,Global Surface Water Explorer extraction for UN Environment Programme,,,-1.87362
2007,E,Global Surface Water Explorer extraction for UN Environment Programme,Lakes and rivers seasonal water area change (%) [6.6.1],,Percent,Estimated,Global Surface Water Explorer extraction for UN Environment Programme,,,-9.21006
2008,E,Global Surface Water Explorer extraction for UN Environment Programme,Lakes and rivers seasonal water area change (%) [6.6.1],,Percent,Estimated,Global Surface Water Explorer extraction for UN Environment Programme,,,3.72315
2009,E,Global Surface Water Explorer extraction for UN Environment Programme,Lakes and rivers seasonal water area change (%) [6.6.1],,Percent,Estimated,Global Surface Water Explorer extraction for UN Environment Programme,,,-6.48267
2010,E,Global Surface Water Explorer extraction for UN Environment Programme,Lakes and rivers seasonal water area change (%) [6.6.1],,Percent,Estimated,Global Surface Water Explorer extraction for UN Environment Programme,,,12.08049
2011,E,Global Surface Water Explorer extraction for UN Environment Programme,Lakes and rivers seasonal water area change (%) [6.6.1],,Percent,Estimated,Global Surface Water Explorer extraction for UN Environment Programme,,,22.47436
2012,E,Global Surface Water Explorer extraction for UN Environment Programme,Lakes and rivers seasonal water area change (%) [6.6.1],,Percent,Estimated,Global Surface Water Explorer extraction for UN Environment Programme,,,28.30854
2013,E,Global Surface Water Explorer extraction for UN Environment Programme,Lakes and rivers seasonal water area change (%) [6.6.1],,Percent,Estimated,Global Surface Water Explorer extraction for UN Environment Programme,,,25.65057
2014,E,Global Surface Water Explorer extraction for UN Environment Programme,Lakes and rivers seasonal water area change (%) [6.6.1],,Percent,Estimated,Global Surface Water Explorer extraction for UN Environment Programme,,,40.49307
2015,E,Global Surface Water Explorer extraction for UN Environment Programme,Lakes and rivers seasonal water area change (%) [6.6.1],,Percent,Estimated,Global Surface Water Explorer extraction for UN Environment Programme,,,30.22968
2016,E,Global Surface Water Explorer extraction for UN Environment Programme,Lakes and rivers seasonal water area change (%) [6.6.1],,Percent,Estimated,Global Surface Water Explorer extraction for UN Environment Programme,,,38.12129
2017,E,Global Surface Water Explorer extraction for UN Environment Programme,Lakes and rivers seasonal water area change (%) [6.6.1],,Percent,Estimated,Global Surface Water Explorer extraction for UN Environment Programme,,,53.06072
2018,E,Global Surface Water Explorer extraction for UN Environment Programme,Lakes and rivers seasonal water area change (%) [6.6.1],,Percent,Estimated,Global Surface Water Explorer extraction for UN Environment Programme,,,44.38948
2019,E,Global Surface Water Explorer extraction for UN Environment Programme,Lakes and rivers seasonal water area change (%) [6.6.1],,Percent,Estimated,Global Surface Water Explorer extraction for UN Environment Programme,,,44.39584
2020,E,Global Surface Water Explorer extraction for UN Environment Programme,Lakes and rivers seasonal water area change (%) [6.6.1],,Percent,Estimated,Global Surface Water Explorer extraction for UN Environment Programme,,,58.40101
2021,E,Global Surface Water Explorer extraction for UN Environment Programme,Lakes and rivers seasonal water area change (%) [6.6.1],,Percent,Estimated,Global Surface Water Explorer extraction for UN Environment Programme,,,62.12899
2000,E,Global Surface Water Explorer extraction for UN Environment Programme,Lakes and rivers seasonal water area (square kilometres) [6.6.1],,Square kilometers,Estimated,Global Surface Water Explorer extraction for UN Environment Programme,,,494.48647
2001,E,Global Surface Water Explorer extraction for UN Environment Programme,Lakes and rivers seasonal water area (square kilometres) [6.6.1],,Square kilometers,Estimated,Global Surface Water Explorer extraction for UN Environment Programme,,,675.78472
2002,E,Global Surface Water Explorer extraction for UN Environment Programme,Lakes and rivers seasonal water area (square kilometres) [6.6.1],,Square kilometers,Estimated,Global Surface Water Explorer extraction for UN Environment Programme,,,931.1335
2003,E,Global Surface Water Explorer extraction for UN Environment Programme,Lakes and rivers seasonal water area (square kilometres) [6.6.1],,Square kilometers,Estimated,Global Surface Water Explorer extraction for UN Environment Programme,,,1158.92532
2004,E,Global Surface Water Explorer extraction for UN Environment Programme,Lakes and rivers seasonal water area (square kilometres) [6.6.1],,Square kilometers,Estimated,Global Surface Water Explorer extraction for UN Environment Programme,,,1503.64925
2005,E,Global Surface Water Explorer extraction for UN Environment Programme,Lakes and rivers seasonal water area (square kilometres) [6.6.1],,Square kilometers,Estimated,Global Surface Water Explorer extraction for UN Environment Programme,,,1275.98662
2006,E,Global Surface Water Explorer extraction for UN Environment Programme,Lakes and rivers seasonal water area (square kilometres) [6.6.1],,Square kilometers,Estimated,Global Surface Water Explorer extraction for UN Environment Programme,,,1252.07953
2007,E,Global Surface Water Explorer extraction for UN Environment Programme,Lakes and rivers seasonal water area (square kilometres) [6.6.1],,Square kilometers,Estimated,Global Surface Water Explorer extraction for UN Environment Programme,,,1158.46743
2008,E,Global Surface Water Explorer extraction for UN Environment Programme,Lakes and rivers seasonal water area (square kilometres) [6.6.1],,Square kilometers,Estimated,Global Surface Water Explorer extraction for UN Environment Programme,,,1323.49346
2009,E,Global Surface Water Explorer extraction for UN Environment Programme,Lakes and rivers seasonal water area (square kilometres) [6.6.1],,Square kilometers,Estimated,Global Surface Water Explorer extraction for UN Environment Programme,,,1193.26867
2010,E,Global Surface Water Explorer extraction for UN Environment Programme,Lakes and rivers seasonal water area (square kilometres) [6.6.1],,Square kilometers,Estimated,Global Surface Water Explorer extraction for UN Environment Programme,,,1430.13206
2011,E,Global Surface Water Explorer extraction for UN Environment Programme,Lakes and rivers seasonal water area (square kilometres) [6.6.1],,Square kilometers,Estimated,Global Surface Water Explorer extraction for UN Environment Programme,,,1562.75643
2012,E,Global Surface Water Explorer extraction for UN Environment Programme,Lakes and rivers seasonal water area (square kilometres) [6.6.1],,Square kilometers,Estimated,Global Surface Water Explorer extraction for UN Environment Programme,,,1637.19977
2013,E,Global Surface Water Explorer extraction for UN Environment Programme,Lakes and rivers seasonal water area (square kilometres) [6.6.1],,Square kilometers,Estimated,Global Surface Water Explorer extraction for UN Environment Programme,,,1603.28445
2014,E,Global Surface Water Explorer extraction for UN Environment Programme,Lakes and rivers seasonal water area (square kilometres) [6.6.1],,Square kilometers,Estimated,Global Surface Water Explorer extraction for UN Environment Programme,,,1792.67284
2015,E,Global Surface Water Explorer extraction for UN Environment Programme,Lakes and rivers seasonal water area (square kilometres) [6.6.1],,Square kilometers,Estimated,Global Surface Water Explorer extraction for UN Environment Programme,,,1661.7133
2016,E,Global Surface Water Explorer extraction for UN Environment Programme,Lakes and rivers seasonal water area (square kilometres) [6.6.1],,Square kilometers,Estimated,Global Surface Water Explorer extraction for UN Environment Programme,,,1762.40918
2017,E,Global Surface Water Explorer extraction for UN Environment Programme,Lakes and rivers seasonal water area (square kilometres) [6.6.1],,Square kilometers,Estimated,Global Surface Water Explorer extraction for UN Environment Programme,,,1953.03432
2018,E,Global Surface Water Explorer extraction for UN Environment Programme,Lakes and rivers seasonal water area (square kilometres) [6.6.1],,Square kilometers,Estimated,Global Surface Water Explorer extraction for UN Environment Programme,,,1842.39047
2019,E,Global Surface Water Explorer extraction for UN Environment Programme,Lakes and rivers seasonal water area (square kilometres) [6.6.1],,Square kilometers,Estimated,Global Surface Water Explorer extraction for UN Environment Programme,,,1842.47156
2020,E,Global Surface Water Explorer extraction for UN Environment Programme,Lakes and rivers seasonal water area (square kilometres) [6.6.1],,Square kilometers,Estimated,Global Surface Water Explorer extraction for UN Environment Programme,,,2021.1757
2021,E,Global Surface Water Explorer extraction for UN Environment Programme,Lakes and rivers seasonal water area (square kilometres) [6.6.1],,Square kilometers,Estimated,Global Surface Water Explorer extraction for UN Environment Programme,,,2068.74422
2000,E,Global Surface Water Explorer extraction for UN Environment Programme,Lakes and rivers seasonal water area (% of total land area) [6.6.1],,Percent,Estimated,Global Surface Water Explorer extraction for UN Environment Programme,,,0.00257
2001,E,Global Surface Water Explorer extraction for UN Environment Programme,Lakes and rivers seasonal water area (% of total land area) [6.6.1],,Percent,Estimated,Global Surface Water Explorer extraction for UN Environment Programme,,,0.00351
2002,E,Global Surface Water Explorer extraction for UN Environment Programme,Lakes and rivers seasonal water area (% of total land area) [6.6.1],,Percent,Estimated,Global Surface Water Explorer extraction for UN Environment Programme,,,0.00484
2003,E,Global Surface Water Explorer extraction for UN Environment Programme,Lakes and rivers seasonal water area (% of total land area) [6.6.1],,Percent,Estimated,Global Surface Water Explorer extraction for UN Environment Programme,,,0.00602
2004,E,Global Surface Water Explorer extraction for UN Environment Programme,Lakes and rivers seasonal water area (% of total land area) [6.6.1],,Percent,Estimated,Global Surface Water Explorer extraction for UN Environment Programme,,,0.00781
2005,E,Global Surface Water Explorer extraction for UN Environment Programme,Lakes and rivers seasonal water area (% of total land area) [6.6.1],,Percent,Estimated,Global Surface Water Explorer extraction for UN Environment Programme,,,0.00663
2006,E,Global Surface Water Explorer extraction for UN Environment Programme,Lakes and rivers seasonal water area (% of total land area) [6.6.1],,Percent,Estimated,Global Surface Water Explorer extraction for UN Environment Programme,,,0.0065
2007,E,Global Surface Water Explorer extraction for UN Environment Programme,Lakes and rivers seasonal water area (% of total land area) [6.6.1],,Percent,Estimated,Global Surface Water Explorer extraction for UN Environment Programme,,,0.00602
2008,E,Global Surface Water Explorer extraction for UN Environment Programme,Lakes and rivers seasonal water area (% of total land area) [6.6.1],,Percent,Estimated,Global Surface Water Explorer extraction for UN Environment Programme,,,0.00687
2009,E,Global Surface Water Explorer extraction for UN Environment Programme,Lakes and rivers seasonal water area (% of total land area) [6.6.1],,Percent,Estimated,Global Surface Water Explorer extraction for UN Environment Programme,,,0.0062
2010,E,Global Surface Water Explorer extraction for UN Environment Programme,Lakes and rivers seasonal water area (% of total land area) [6.6.1],,Percent,Estimated,Global Surface Water Explorer extraction for UN Environment Programme,,,0.00743
2011,E,Global Surface Water Explorer extraction for UN Environment Programme,Lakes and rivers seasonal water area (% of total land area) [6.6.1],,Percent,Estimated,Global Surface Water Explorer extraction for UN Environment Programme,,,0.00812
2012,E,Global Surface Water Explorer extraction for UN Environment Programme,Lakes and rivers seasonal water area (% of total land area) [6.6.1],,Percent,Estimated,Global Surface Water Explorer extraction for UN Environment Programme,,,0.0085
2013,E,Global Surface Water Explorer extraction for UN Environment Programme,Lakes and rivers seasonal water area (% of total land area) [6.6.1],,Percent,Estimated,Global Surface Water Explorer extraction for UN Environment Programme,,,0.00833
2014,E,Global Surface Water Explorer extraction for UN Environment Programme,Lakes and rivers seasonal water area (% of total land area) [6.6.1],,Percent,Estimated,Global Surface Water Explorer extraction for UN Environment Programme,,,0.00931
2015,E,Global Surface Water Explorer extraction for UN Environment Programme,Lakes and rivers seasonal water area (% of total land area) [6.6.1],,Percent,Estimated,Global Surface Water Explorer extraction for UN Environment Programme,,,0.00863
2016,E,Global Surface Water Explorer extraction for UN Environment Programme,Lakes and rivers seasonal water area (% of total land area) [6.6.1],,Percent,Estimated,Global Surface Water Explorer extraction for UN Environment Programme,,,0.00915
2017,E,Global Surface Water Explorer extraction for UN Environment Programme,Lakes and rivers seasonal water area (% of total land area) [6.6.1],,Percent,Estimated,Global Surface Water Explorer extraction for UN Environment Programme,,,0.01014
2018,E,Global Surface Water Explorer extraction for UN Environment Programme,Lakes and rivers seasonal water area (% of total land area) [6.6.1],,Percent,Estimated,Global Surface Water Explorer extraction for UN Environment Programme,,,0.00957
2019,E,Global Surface Water Explorer extraction for UN Environment Programme,Lakes and rivers seasonal water area (% of total land area) [6.6.1],,Percent,Estimated,Global Surface Water Explorer extraction for UN Environment Programme,,,0.00957
2020,E,Global Surface Water Explorer extraction for UN Environment Programme,Lakes and rivers seasonal water area (% of total land area) [6.6.1],,Percent,Estimated,Global Surface Water Explorer extraction for UN Environment Programme,,,0.0105
2021,E,Global Surface Water Explorer extraction for UN Environment Programme,Lakes and rivers seasonal water area (% of total land area) [6.6.1],,Percent,Estimated,Global Surface Water Explorer extraction for UN Environment Programme,,,0.01075
2017,E,Global Surface Water Explorer extraction for UN Environment Programme,Lake water quality turbidity (%) [6.6.1],Deviation Level: Extreme (75-100%),Percent,Estimated,Global Surface Water Explorer extraction for UN Environment Programme,,,12.7519
2018,E,Global Surface Water Explorer extraction for UN Environment Programme,Lake water quality turbidity (%) [6.6.1],Deviation Level: Extreme (75-100%),Percent,Estimated,Global Surface Water Explorer extraction for UN Environment Programme,,,21.15939
2019,E,Global Surface Water Explorer extraction for UN Environment Programme,Lake water quality turbidity (%) [6.6.1],Deviation Level: Extreme (75-100%),Percent,Estimated,Global Surface Water Explorer extraction for UN Environment Programme,,,5.01189
2020,E,Global Surface Water Explorer extraction for UN Environment Programme,Lake water quality turbidity (%) [6.6.1],Deviation Level: Extreme (75-100%),Percent,Estimated,Global Surface Water Explorer extraction for UN Environment Programme,,,14.85787
2017,E,Global Surface Water Explorer extraction for UN Environment Programme,Lake water quality turbidity (%) [6.6.1],Deviation Level: High (50-75%),Percent,Estimated,Global Surface Water Explorer extraction for UN Environment Programme,,,12.90957
2018,E,Global Surface Water Explorer extraction for UN Environment Programme,Lake water quality turbidity (%) [6.6.1],Deviation Level: High (50-75%),Percent,Estimated,Global Surface Water Explorer extraction for UN Environment Programme,,,23.83983
2019,E,Global Surface Water Explorer extraction for UN Environment Programme,Lake water quality turbidity (%) [6.6.1],Deviation Level: High (50-75%),Percent,Estimated,Global Surface Water Explorer extraction for UN Environment Programme,,,6.29907
2020,E,Global Surface Water Explorer extraction for UN Environment Programme,Lake water quality turbidity (%) [6.6.1],Deviation Level: High (50-75%),Percent,Estimated,Global Surface Water Explorer extraction for UN Environment Programme,,,6.45893
2017,E,Global Surface Water Explorer extraction for UN Environment Programme,Lake water quality turbidity (%) [6.6.1],Deviation Level: Low (0-25%),Percent,Estimated,Global Surface Water Explorer extraction for UN Environment Programme,,,65.06468
2018,E,Global Surface Water Explorer extraction for UN Environment Programme,Lake water quality turbidity (%) [6.6.1],Deviation Level: Low (0-25%),Percent,Estimated,Global Surface Water Explorer extraction for UN Environment Programme,,,44.8516
2019,E,Global Surface Water Explorer extraction for UN Environment Programme,Lake water quality turbidity (%) [6.6.1],Deviation Level: Low (0-25%),Percent,Estimated,Global Surface Water Explorer extraction for UN Environment Programme,,,64.8117
2020,E,Global Surface Water Explorer extraction for UN Environment Programme,Lake water quality turbidity (%) [6.6.1],Deviation Level: Low (0-25%),Percent,Estimated,Global Surface Water Explorer extraction for UN Environment Programme,,,72.98085
2017,E,Global Surface Water Explorer extraction for UN Environment Programme,Lake water quality turbidity (%) [6.6.1],Deviation Level: Medium (25-50%),Percent,Estimated,Global Surface Water Explorer extraction for UN Environment Programme,,,9.27384
2018,E,Global Surface Water Explorer extraction for UN Environment Programme,Lake water quality turbidity (%) [6.6.1],Deviation Level: Medium (25-50%),Percent,Estimated,Global Surface Water Explorer extraction for UN Environment Programme,,,10.14917
2019,E,Global Surface Water Explorer extraction for UN Environment Programme,Lake water quality turbidity (%) [6.6.1],Deviation Level: Medium (25-50%),Percent,Estimated,Global Surface Water Explorer extraction for UN Environment Programme,,,7.21067
2020,E,Global Surface Water Explorer extraction for UN Environment Programme,Lake water quality turbidity (%) [6.6.1],Deviation Level: Medium (25-50%),Percent,Estimated,Global Surface Water Explorer extraction for UN Environment Programme,,,5.70236
2017,E,Global Surface Water Explorer extraction for UN Environment Programme,Lake water quality trophic state (%) [6.6.1],Deviation Level: Extreme (75-100%),Percent,Estimated,Global Surface Water Explorer extraction for UN Environment Programme,,,0.06135
2018,E,Global Surface Water Explorer extraction for UN Environment Programme,Lake water quality trophic state (%) [6.6.1],Deviation Level: Extreme (75-100%),Percent,Estimated,Global Surface Water Explorer extraction for UN Environment Programme,,,0.08619
2019,E,Global Surface Water Explorer extraction for UN Environment Programme,Lake water quality trophic state (%) [6.6.1],Deviation Level: Extreme (75-100%),Percent,Estimated,Global Surface Water Explorer extraction for UN Environment Programme,,,0.0145
2020,E,Global Surface Water Explorer extraction for UN Environment Programme,Lake water quality trophic state (%) [6.6.1],Deviation Level: Extreme (75-100%),Percent,Estimated,Global Surface Water Explorer extraction for UN Environment Programme,,,0.06351
2017,E,Global Surface Water Explorer extraction for UN Environment Programme,Lake water quality trophic state (%) [6.6.1],Deviation Level: High (50-75%),Percent,Estimated,Global Surface Water Explorer extraction for UN Environment Programme,,,1.19479
2018,E,Global Surface Water Explorer extraction for UN Environment Programme,Lake water quality trophic state (%) [6.6.1],Deviation Level: High (50-75%),Percent,Estimated,Global Surface Water Explorer extraction for UN Environment Programme,,,0.69808
2019,E,Global Surface Water Explorer extraction for UN Environment Programme,Lake water quality trophic state (%) [6.6.1],Deviation Level: High (50-75%),Percent,Estimated,Global Surface Water Explorer extraction for UN Environment Programme,,,0.54104
2020,E,Global Surface Water Explorer extraction for UN Environment Programme,Lake water quality trophic state (%) [6.6.1],Deviation Level: High (50-75%),Percent,Estimated,Global Surface Water Explorer extraction for UN Environment Programme,,,0.70695
2017,E,Global Surface Water Explorer extraction for UN Environment Programme,Lake water quality trophic state (%) [6.6.1],Deviation Level: Low (0-25%),Percent,Estimated,Global Surface Water Explorer extraction for UN Environment Programme,,,82.305
2018,E,Global Surface Water Explorer extraction for UN Environment Programme,Lake water quality trophic state (%) [6.6.1],Deviation Level: Low (0-25%),Percent,Estimated,Global Surface Water Explorer extraction for UN Environment Programme,,,96.03903
2019,E,Global Surface Water Explorer extraction for UN Environment Programme,Lake water quality trophic state (%) [6.6.1],Deviation Level: Low (0-25%),Percent,Estimated,Global Surface Water Explorer extraction for UN Environment Programme,,,75.54835
2020,E,Global Surface Water Explorer extraction for UN Environment Programme,Lake water quality trophic state (%) [6.6.1],Deviation Level: Low (0-25%),Percent,Estimated,Global Surface Water Explorer extraction for UN Environment Programme,,,88.17981
2017,E,Global Surface Water Explorer extraction for UN Environment Programme,Lake water quality trophic state (%) [6.6.1],Deviation Level: Medium (25-50%),Percent,Estimated,Global Surface Water Explorer extraction for UN Environment Programme,,,16.43886
2018,E,Global Surface Water Explorer extraction for UN Environment Programme,Lake water quality trophic state (%) [6.6.1],Deviation Level: Medium (25-50%),Percent,Estimated,Global Surface Water Explorer extraction for UN Environment Programme,,,3.1767
2019,E,Global Surface Water Explorer extraction for UN Environment Programme,Lake water quality trophic state (%) [6.6.1],Deviation Level: Medium (25-50%),Percent,Estimated,Global Surface Water Explorer extraction for UN Environment Programme,,,7.22944
2020,E,Global Surface Water Explorer extraction for UN Environment Programme,Lake water quality trophic state (%) [6.6.1],Deviation Level: Medium (25-50%),Percent,Estimated,Global Surface Water Explorer extraction for UN Environment Programme,,,11.04974
2000,E,Global Surface Water Explorer extraction for UN Environment Programme,Reservoir minimum water area (square kilometres) [6.6.1],,Square kilometers,Estimated,Global Surface Water Explorer extraction for UN Environment Programme,,,19.39271
2001,E,Global Surface Water Explorer extraction for UN Environment Programme,Reservoir minimum water area (square kilometres) [6.6.1],,Square kilometers,Estimated,Global Surface Water Explorer extraction for UN Environment Programme,,,18.99234
2002,E,Global Surface Water Explorer extraction for UN Environment Programme,Reservoir minimum water area (square kilometres) [6.6.1],,Square kilometers,Estimated,Global Surface Water Explorer extraction for UN Environment Programme,,,25.09739
2003,E,Global Surface Water Explorer extraction for UN Environment Programme,Reservoir minimum water area (square kilometres) [6.6.1],,Square kilometers,Estimated,Global Surface Water Explorer extraction for UN Environment Programme,,,31.36393
2004,E,Global Surface Water Explorer extraction for UN Environment Programme,Reservoir minimum water area (square kilometres) [6.6.1],,Square kilometers,Estimated,Global Surface Water Explorer extraction for UN Environment Programme,,,31.00887
2005,E,Global Surface Water Explorer extraction for UN Environment Programme,Reservoir minimum water area (square kilometres) [6.6.1],,Square kilometers,Estimated,Global Surface Water Explorer extraction for UN Environment Programme,,,30.83111
2006,E,Global Surface Water Explorer extraction for UN Environment Programme,Reservoir minimum water area (square kilometres) [6.6.1],,Square kilometers,Estimated,Global Surface Water Explorer extraction for UN Environment Programme,,,30.59724
2007,E,Global Surface Water Explorer extraction for UN Environment Programme,Reservoir minimum water area (square kilometres) [6.6.1],,Square kilometers,Estimated,Global Surface Water Explorer extraction for UN Environment Programme,,,29.97999
2008,E,Global Surface Water Explorer extraction for UN Environment Programme,Reservoir minimum water area (square kilometres) [6.6.1],,Square kilometers,Estimated,Global Surface Water Explorer extraction for UN Environment Programme,,,29.57008
2009,E,Global Surface Water Explorer extraction for UN Environment Programme,Reservoir minimum water area (square kilometres) [6.6.1],,Square kilometers,Estimated,Global Surface Water Explorer extraction for UN Environment Programme,,,29.22785
2010,E,Global Surface Water Explorer extraction for UN Environment Programme,Reservoir minimum water area (square kilometres) [6.6.1],,Square kilometers,Estimated,Global Surface Water Explorer extraction for UN Environment Programme,,,28.99581
2011,E,Global Surface Water Explorer extraction for UN Environment Programme,Reservoir minimum water area (square kilometres) [6.6.1],,Square kilometers,Estimated,Global Surface Water Explorer extraction for UN Environment Programme,,,28.79604
2012,E,Global Surface Water Explorer extraction for UN Environment Programme,Reservoir minimum water area (square kilometres) [6.6.1],,Square kilometers,Estimated,Global Surface Water Explorer extraction for UN Environment Programme,,,29.14023
2013,E,Global Surface Water Explorer extraction for UN Environment Programme,Reservoir minimum water area (square kilometres) [6.6.1],,Square kilometers,Estimated,Global Surface Water Explorer extraction for UN Environment Programme,,,29.07789
2014,E,Global Surface Water Explorer extraction for UN Environment Programme,Reservoir minimum water area (square kilometres) [6.6.1],,Square kilometers,Estimated,Global Surface Water Explorer extraction for UN Environment Programme,,,29.12356
2015,E,Global Surface Water Explorer extraction for UN Environment Programme,Reservoir minimum water area (square kilometres) [6.6.1],,Square kilometers,Estimated,Global Surface Water Explorer extraction for UN Environment Programme,,,28.97433
2016,E,Global Surface Water Explorer extraction for UN Environment Programme,Reservoir minimum water area (square kilometres) [6.6.1],,Square kilometers,Estimated,Global Surface Water Explorer extraction for UN Environment Programme,,,24.59496
2017,E,Global Surface Water Explorer extraction for UN Environment Programme,Reservoir minimum water area (square kilometres) [6.6.1],,Square kilometers,Estimated,Global Surface Water Explorer extraction for UN Environment Programme,,,24.56566
2018,E,Global Surface Water Explorer extraction for UN Environment Programme,Reservoir minimum water area (square kilometres) [6.6.1],,Square kilometers,Estimated,Global Surface Water Explorer extraction for UN Environment Programme,,,24.65739
2019,E,Global Surface Water Explorer extraction for UN Environment Programme,Reservoir minimum water area (square kilometres) [6.6.1],,Square kilometers,Estimated,Global Surface Water Explorer extraction for UN Environment Programme,,,24.57006
2020,E,Global Surface Water Explorer extraction for UN Environment Programme,Reservoir minimum water area (square kilometres) [6.6.1],,Square kilometers,Estimated,Global Surface Water Explorer extraction for UN Environment Programme,,,24.71664
2021,E,Global Surface Water Explorer extraction for UN Environment Programme,Reservoir minimum water area (square kilometres) [6.6.1],,Square kilometers,Estimated,Global Surface Water Explorer extraction for UN Environment Programme,,,28.00628
2000,E,Global Surface Water Explorer extraction for UN Environment Programme,Reservoir minimum water area (% of total land area) [6.6.1],,Percent,Estimated,Global Surface Water Explorer extraction for UN Environment Programme,,,0.0001
2001,E,Global Surface Water Explorer extraction for UN Environment Programme,Reservoir minimum water area (% of total land area) [6.6.1],,Percent,Estimated,Global Surface Water Explorer extraction for UN Environment Programme,,,0.0001
2002,E,Global Surface Water Explorer extraction for UN Environment Programme,Reservoir minimum water area (% of total land area) [6.6.1],,Percent,Estimated,Global Surface Water Explorer extraction for UN Environment Programme,,,0.00013
2003,E,Global Surface Water Explorer extraction for UN Environment Programme,Reservoir minimum water area (% of total land area) [6.6.1],,Percent,Estimated,Global Surface Water Explorer extraction for UN Environment Programme,,,0.00016
2004,E,Global Surface Water Explorer extraction for UN Environment Programme,Reservoir minimum water area (% of total land area) [6.6.1],,Percent,Estimated,Global Surface Water Explorer extraction for UN Environment Programme,,,0.00016
2005,E,Global Surface Water Explorer extraction for UN Environment Programme,Reservoir minimum water area (% of total land area) [6.6.1],,Percent,Estimated,Global Surface Water Explorer extraction for UN Environment Programme,,,0.00016
2006,E,Global Surface Water Explorer extraction for UN Environment Programme,Reservoir minimum water area (% of total land area) [6.6.1],,Percent,Estimated,Global Surface Water Explorer extraction for UN Environment Programme,,,0.00016
2007,E,Global Surface Water Explorer extraction for UN Environment Programme,Reservoir minimum water area (% of total land area) [6.6.1],,Percent,Estimated,Global Surface Water Explorer extraction for UN Environment Programme,,,0.00016
2008,E,Global Surface Water Explorer extraction for UN Environment Programme,Reservoir minimum water area (% of total land area) [6.6.1],,Percent,Estimated,Global Surface Water Explorer extraction for UN Environment Programme,,,0.00015
2009,E,Global Surface Water Explorer extraction for UN Environment Programme,Reservoir minimum water area (% of total land area) [6.6.1],,Percent,Estimated,Global Surface Water Explorer extraction for UN Environment Programme,,,0.00015
2010,E,Global Surface Water Explorer extraction for UN Environment Programme,Reservoir minimum water area (% of total land area) [6.6.1],,Percent,Estimated,Global Surface Water Explorer extraction for UN Environment Programme,,,0.00015
2011,E,Global Surface Water Explorer extraction for UN Environment Programme,Reservoir minimum water area (% of total land area) [6.6.1],,Percent,Estimated,Global Surface Water Explorer extraction for UN Environment Programme,,,0.00015
2012,E,Global Surface Water Explorer extraction for UN Environment Programme,Reservoir minimum water area (% of total land area) [6.6.1],,Percent,Estimated,Global Surface Water Explorer extraction for UN Environment Programme,,,0.00015
2013,E,Global Surface Water Explorer extraction for UN Environment Programme,Reservoir minimum water area (% of total land area) [6.6.1],,Percent,Estimated,Global Surface Water Explorer extraction for UN Environment Programme,,,0.00015
2014,E,Global Surface Water Explorer extraction for UN Environment Programme,Reservoir minimum water area (% of total land area) [6.6.1],,Percent,Estimated,Global Surface Water Explorer extraction for UN Environment Programme,,,0.00015
2015,E,Global Surface Water Explorer extraction for UN Environment Programme,Reservoir minimum water area (% of total land area) [6.6.1],,Percent,Estimated,Global Surface Water Explorer extraction for UN Environment Programme,,,0.00015
2016,E,Global Surface Water Explorer extraction for UN Environment Programme,Reservoir minimum water area (% of total land area) [6.6.1],,Percent,Estimated,Global Surface Water Explorer extraction for UN Environment Programme,,,0.00013
2017,E,Global Surface Water Explorer extraction for UN Environment Programme,Reservoir minimum water area (% of total land area) [6.6.1],,Percent,Estimated,Global Surface Water Explorer extraction for UN Environment Programme,,,0.00013
2018,E,Global Surface Water Explorer extraction for UN Environment Programme,Reservoir minimum water area (% of total land area) [6.6.1],,Percent,Estimated,Global Surface Water Explorer extraction for UN Environment Programme,,,0.00013
2019,E,Global Surface Water Explorer extraction for UN Environment Programme,Reservoir minimum water area (% of total land area) [6.6.1],,Percent,Estimated,Global Surface Water Explorer extraction for UN Environment Programme,,,0.00013
2020,E,Global Surface Water Explorer extraction for UN Environment Programme,Reservoir minimum water area (% of total land area) [6.6.1],,Percent,Estimated,Global Surface Water Explorer extraction for UN Environment Programme,,,0.00013
2021,E,Global Surface Water Explorer extraction for UN Environment Programme,Reservoir minimum water area (% of total land area) [6.6.1],,Percent,Estimated,Global Surface Water Explorer extraction for UN Environment Programme,,,0.00015
2000,E,Global Surface Water Explorer extraction for UN Environment Programme,Reservoir maximum water area (square kilometres) [6.6.1],,Square kilometers,Estimated,Global Surface Water Explorer extraction for UN Environment Programme,,,32.85223
2001,E,Global Surface Water Explorer extraction for UN Environment Programme,Reservoir maximum water area (square kilometres) [6.6.1],,Square kilometers,Estimated,Global Surface Water Explorer extraction for UN Environment Programme,,,31.77011
2002,E,Global Surface Water Explorer extraction for UN Environment Programme,Reservoir maximum water area (square kilometres) [6.6.1],,Square kilometers,Estimated,Global Surface Water Explorer extraction for UN Environment Programme,,,42.27278
2003,E,Global Surface Water Explorer extraction for UN Environment Programme,Reservoir maximum water area (square kilometres) [6.6.1],,Square kilometers,Estimated,Global Surface Water Explorer extraction for UN Environment Programme,,,52.85649
2004,E,Global Surface Water Explorer extraction for UN Environment Programme,Reservoir maximum water area (square kilometres) [6.6.1],,Square kilometers,Estimated,Global Surface Water Explorer extraction for UN Environment Programme,,,52.4899
2005,E,Global Surface Water Explorer extraction for UN Environment Programme,Reservoir maximum water area (square kilometres) [6.6.1],,Square kilometers,Estimated,Global Surface Water Explorer extraction for UN Environment Programme,,,52.78644
2006,E,Global Surface Water Explorer extraction for UN Environment Programme,Reservoir maximum water area (square kilometres) [6.6.1],,Square kilometers,Estimated,Global Surface Water Explorer extraction for UN Environment Programme,,,52.16447
2007,E,Global Surface Water Explorer extraction for UN Environment Programme,Reservoir maximum water area (square kilometres) [6.6.1],,Square kilometers,Estimated,Global Surface Water Explorer extraction for UN Environment Programme,,,51.66993
2008,E,Global Surface Water Explorer extraction for UN Environment Programme,Reservoir maximum water area (square kilometres) [6.6.1],,Square kilometers,Estimated,Global Surface Water Explorer extraction for UN Environment Programme,,,51.46667
2009,E,Global Surface Water Explorer extraction for UN Environment Programme,Reservoir maximum water area (square kilometres) [6.6.1],,Square kilometers,Estimated,Global Surface Water Explorer extraction for UN Environment Programme,,,51.00027
2010,E,Global Surface Water Explorer extraction for UN Environment Programme,Reservoir maximum water area (square kilometres) [6.6.1],,Square kilometers,Estimated,Global Surface Water Explorer extraction for UN Environment Programme,,,51.8831
2011,E,Global Surface Water Explorer extraction for UN Environment Programme,Reservoir maximum water area (square kilometres) [6.6.1],,Square kilometers,Estimated,Global Surface Water Explorer extraction for UN Environment Programme,,,51.80245
2012,E,Global Surface Water Explorer extraction for UN Environment Programme,Reservoir maximum water area (square kilometres) [6.6.1],,Square kilometers,Estimated,Global Surface Water Explorer extraction for UN Environment Programme,,,51.45915
2013,E,Global Surface Water Explorer extraction for UN Environment Programme,Reservoir maximum water area (square kilometres) [6.6.1],,Square kilometers,Estimated,Global Surface Water Explorer extraction for UN Environment Programme,,,51.66509
2014,E,Global Surface Water Explorer extraction for UN Environment Programme,Reservoir maximum water area (square kilometres) [6.6.1],,Square kilometers,Estimated,Global Surface Water Explorer extraction for UN Environment Programme,,,51.54012
2015,E,Global Surface Water Explorer extraction for UN Environment Programme,Reservoir maximum water area (square kilometres) [6.6.1],,Square kilometers,Estimated,Global Surface Water Explorer extraction for UN Environment Programme,,,49.47481
2016,E,Global Surface Water Explorer extraction for UN Environment Programme,Reservoir maximum water area (square kilometres) [6.6.1],,Square kilometers,Estimated,Global Surface Water Explorer extraction for UN Environment Programme,,,50.69716
2017,E,Global Surface Water Explorer extraction for UN Environment Programme,Reservoir maximum water area (square kilometres) [6.6.1],,Square kilometers,Estimated,Global Surface Water Explorer extraction for UN Environment Programme,,,50.8831
2018,E,Global Surface Water Explorer extraction for UN Environment Programme,Reservoir maximum water area (square kilometres) [6.6.1],,Square kilometers,Estimated,Global Surface Water Explorer extraction for UN Environment Programme,,,50.01249
2019,E,Global Surface Water Explorer extraction for UN Environment Programme,Reservoir maximum water area (square kilometres) [6.6.1],,Square kilometers,Estimated,Global Surface Water Explorer extraction for UN Environment Programme,,,50.2134
2020,E,Global Surface Water Explorer extraction for UN Environment Programme,Reservoir maximum water area (square kilometres) [6.6.1],,Square kilometers,Estimated,Global Surface Water Explorer extraction for UN Environment Programme,,,50.54822
2021,E,Global Surface Water Explorer extraction for UN Environment Programme,Reservoir maximum water area (square kilometres) [6.6.1],,Square kilometers,Estimated,Global Surface Water Explorer extraction for UN Environment Programme,,,50.08123
2000,E,Global Surface Water Explorer extraction for UN Environment Programme,Reservoir maximum water area (% of total land area) [6.6.1],,Percent,Estimated,Global Surface Water Explorer extraction for UN Environment Programme,,,0.00017
2001,E,Global Surface Water Explorer extraction for UN Environment Programme,Reservoir maximum water area (% of total land area) [6.6.1],,Percent,Estimated,Global Surface Water Explorer extraction for UN Environment Programme,,,0.00017
2002,E,Global Surface Water Explorer extraction for UN Environment Programme,Reservoir maximum water area (% of total land area) [6.6.1],,Percent,Estimated,Global Surface Water Explorer extraction for UN Environment Programme,,,0.00022
2003,E,Global Surface Water Explorer extraction for UN Environment Programme,Reservoir maximum water area (% of total land area) [6.6.1],,Percent,Estimated,Global Surface Water Explorer extraction for UN Environment Programme,,,0.00027
2004,E,Global Surface Water Explorer extraction for UN Environment Programme,Reservoir maximum water area (% of total land area) [6.6.1],,Percent,Estimated,Global Surface Water Explorer extraction for UN Environment Programme,,,0.00027
2005,E,Global Surface Water Explorer extraction for UN Environment Programme,Reservoir maximum water area (% of total land area) [6.6.1],,Percent,Estimated,Global Surface Water Explorer extraction for UN Environment Programme,,,0.00027
2006,E,Global Surface Water Explorer extraction for UN Environment Programme,Reservoir maximum water area (% of total land area) [6.6.1],,Percent,Estimated,Global Surface Water Explorer extraction for UN Environment Programme,,,0.00027
2007,E,Global Surface Water Explorer extraction for UN Environment Programme,Reservoir maximum water area (% of total land area) [6.6.1],,Percent,Estimated,Global Surface Water Explorer extraction for UN Environment Programme,,,0.00027
2008,E,Global Surface Water Explorer extraction for UN Environment Programme,Reservoir maximum water area (% of total land area) [6.6.1],,Percent,Estimated,Global Surface Water Explorer extraction for UN Environment Programme,,,0.00027
2009,E,Global Surface Water Explorer extraction for UN Environment Programme,Reservoir maximum water area (% of total land area) [6.6.1],,Percent,Estimated,Global Surface Water Explorer extraction for UN Environment Programme,,,0.00026
2010,E,Global Surface Water Explorer extraction for UN Environment Programme,Reservoir maximum water area (% of total land area) [6.6.1],,Percent,Estimated,Global Surface Water Explorer extraction for UN Environment Programme,,,0.00027
2011,E,Global Surface Water Explorer extraction for UN Environment Programme,Reservoir maximum water area (% of total land area) [6.6.1],,Percent,Estimated,Global Surface Water Explorer extraction for UN Environment Programme,,,0.00027
2012,E,Global Surface Water Explorer extraction for UN Environment Programme,Reservoir maximum water area (% of total land area) [6.6.1],,Percent,Estimated,Global Surface Water Explorer extraction for UN Environment Programme,,,0.00027
2013,E,Global Surface Water Explorer extraction for UN Environment Programme,Reservoir maximum water area (% of total land area) [6.6.1],,Percent,Estimated,Global Surface Water Explorer extraction for UN Environment Programme,,,0.00027
2014,E,Global Surface Water Explorer extraction for UN Environment Programme,Reservoir maximum water area (% of total land area) [6.6.1],,Percent,Estimated,Global Surface Water Explorer extraction for UN Environment Programme,,,0.00027
2015,E,Global Surface Water Explorer extraction for UN Environment Programme,Reservoir maximum water area (% of total land area) [6.6.1],,Percent,Estimated,Global Surface Water Explorer extraction for UN Environment Programme,,,0.00026
2016,E,Global Surface Water Explorer extraction for UN Environment Programme,Reservoir maximum water area (% of total land area) [6.6.1],,Percent,Estimated,Global Surface Water Explorer extraction for UN Environment Programme,,,0.00026
2017,E,Global Surface Water Explorer extraction for UN Environment Programme,Reservoir maximum water area (% of total land area) [6.6.1],,Percent,Estimated,Global Surface Water Explorer extraction for UN Environment Programme,,,0.00026
2018,E,Global Surface Water Explorer extraction for UN Environment Programme,Reservoir maximum water area (% of total land area) [6.6.1],,Percent,Estimated,Global Surface Water Explorer extraction for UN Environment Programme,,,0.00026
2019,E,Global Surface Water Explorer extraction for UN Environment Programme,Reservoir maximum water area (% of total land area) [6.6.1],,Percent,Estimated,Global Surface Water Explorer extraction for UN Environment Programme,,,0.00026
2020,E,Global Surface Water Explorer extraction for UN Environment Programme,Reservoir maximum water area (% of total land area) [6.6.1],,Percent,Estimated,Global Surface Water Explorer extraction for UN Environment Programme,,,0.00026
2021,E,Global Surface Water Explorer extraction for UN Environment Programme,Reservoir maximum water area (% of total land area) [6.6.1],,Percent,Estimated,Global Surface Water Explorer extraction for UN Environment Programme,,,0.00026
2021,C,Ramsar National Report COP14,Extent of human made wetlands (square kilometres) [6.6.1],,Square kilometers,Country Data,Ramsar National Report COP14,,,1400.0
2021,C,Ramsar National Report COP14,Extent of inland wetlands (square kilometres) [6.6.1],,Square kilometers,Country Data,Ramsar National Report COP14,,,32000.0
2000,E,Global Surface Water Explorer extraction for UN Environment Programme,Mangrove area baseline (square kilometres) [6.6.1],,Square kilometers,Estimated,Global Surface Water Explorer extraction for UN Environment Programme,Represent 1996 proxy,Represent 1996 proxy,1300.17
2007,E,Global Surface Water Explorer extraction for UN Environment Programme,Mangrove area baseline (square kilometres) [6.6.1],,Square kilometers,Estimated,Global Surface Water Explorer extraction for UN Environment Programme,,Represent 1996 proxy,1300.17
2008,E,Global Surface Water Explorer extraction for UN Environment Programme,Mangrove area baseline (square kilometres) [6.6.1],,Square kilometers,Estimated,Global Surface Water Explorer extraction for UN Environment Programme,,Represent 1996 proxy,1300.17
2009,E,Global Surface Water Explorer extraction for UN Environment Programme,Mangrove area baseline (square kilometres) [6.6.1],,Square kilometers,Estimated,Global Surface Water Explorer extraction for UN Environment Programme,,Represent 1996 proxy,1300.17
2010,E,Global Surface Water Explorer extraction for UN Environment Programme,Mangrove area baseline (square kilometres) [6.6.1],,Square kilometers,Estimated,Global Surface Water Explorer extraction for UN Environment Programme,,Represent 1996 proxy,1300.17
2015,E,Global Surface Water Explorer extraction for UN Environment Programme,Mangrove area baseline (square kilometres) [6.6.1],,Square kilometers,Estimated,Global Surface Water Explorer extraction for UN Environment Programme,,Represent 1996 proxy,1300.17
2016,E,Global Surface Water Explorer extraction for UN Environment Programme,Mangrove area baseline (square kilometres) [6.6.1],,Square kilometers,Estimated,Global Surface Water Explorer extraction for UN Environment Programme,,Represent 1996 proxy,1300.17
2000,E,Global Surface Water Explorer extraction for UN Environment Programme,Mangrove total area change (%) [6.6.1],,Percent,Estimated,Global Surface Water Explorer extraction for UN Environment Programme,Obs_Value = 0;  Represent 1996 proxy,Obs_Value = 0;  Represent 1996 proxy,0.0
2007,E,Global Surface Water Explorer extraction for UN Environment Programme,Mangrove total area change (%) [6.6.1],,Percent,Estimated,Global Surface Water Explorer extraction for UN Environment Programme,,Obs_Value = 0;  Represent 1996 proxy,-1.21
2008,E,Global Surface Water Explorer extraction for UN Environment Programme,Mangrove total area change (%) [6.6.1],,Percent,Estimated,Global Surface Water Explorer extraction for UN Environment Programme,,Obs_Value = 0;  Represent 1996 proxy,-1.15
2009,E,Global Surface Water Explorer extraction for UN Environment Programme,Mangrove total area change (%) [6.6.1],,Percent,Estimated,Global Surface Water Explorer extraction for UN Environment Programme,,Obs_Value = 0;  Represent 1996 proxy,-1.15
2010,E,Global Surface Water Explorer extraction for UN Environment Programme,Mangrove total area change (%) [6.6.1],,Percent,Estimated,Global Surface Water Explorer extraction for UN Environment Programme,,Obs_Value = 0;  Represent 1996 proxy,-1.24
2015,E,Global Surface Water Explorer extraction for UN Environment Programme,Mangrove total area change (%) [6.6.1],,Percent,Estimated,Global Surface Water Explorer extraction for UN Environment Programme,,Obs_Value = 0;  Represent 1996 proxy,-2.7
2016,E,Global Surface Water Explorer extraction for UN Environment Programme,Mangrove total area change (%) [6.6.1],,Percent,Estimated,Global Surface Water Explorer extraction for UN Environment Programme,,Obs_Value = 0;  Represent 1996 proxy,-4.02
2000,E,Global Surface Water Explorer extraction for UN Environment Programme,Mangrove area gain (square kilometres) [6.6.1],,Square kilometers,Estimated,Global Surface Water Explorer extraction for UN Environment Programme,Obs_Value = 0;  Represent 1996 proxy,Obs_Value = 0;  Represent 1996 proxy,0.0
2007,E,Global Surface Water Explorer extraction for UN Environment Programme,Mangrove area gain (square kilometres) [6.6.1],,Square kilometers,Estimated,Global Surface Water Explorer extraction for UN Environment Programme,,Obs_Value = 0;  Represent 1996 proxy,25.66
2008,E,Global Surface Water Explorer extraction for UN Environment Programme,Mangrove area gain (square kilometres) [6.6.1],,Square kilometers,Estimated,Global Surface Water Explorer extraction for UN Environment Programme,,Obs_Value = 0;  Represent 1996 proxy,27.0
2009,E,Global Surface Water Explorer extraction for UN Environment Programme,Mangrove area gain (square kilometres) [6.6.1],,Square kilometers,Estimated,Global Surface Water Explorer extraction for UN Environment Programme,,Obs_Value = 0;  Represent 1996 proxy,27.7
2010,E,Global Surface Water Explorer extraction for UN Environment Programme,Mangrove area gain (square kilometres) [6.6.1],,Square kilometers,Estimated,Global Surface Water Explorer extraction for UN Environment Programme,,Obs_Value = 0;  Represent 1996 proxy,30.49
2015,E,Global Surface Water Explorer extraction for UN Environment Programme,Mangrove area gain (square kilometres) [6.6.1],,Square kilometers,Estimated,Global Surface Water Explorer extraction for UN Environment Programme,,Obs_Value = 0;  Represent 1996 proxy,25.2
2016,E,Global Surface Water Explorer extraction for UN Environment Programme,Mangrove area gain (square kilometres) [6.6.1],,Square kilometers,Estimated,Global Surface Water Explorer extraction for UN Environment Programme,,Obs_Value = 0;  Represent 1996 proxy,22.19
2000,E,Global Surface Water Explorer extraction for UN Environment Programme,Mangrove area gain (%) [6.6.1],,Percent,Estimated,Global Surface Water Explorer extraction for UN Environment Programme,Obs_Value = 0;  Represent 1996 proxy,Obs_Value = 0;  Represent 1996 proxy,0.0
2007,E,Global Surface Water Explorer extraction for UN Environment Programme,Mangrove area gain (%) [6.6.1],,Percent,Estimated,Global Surface Water Explorer extraction for UN Environment Programme,,Obs_Value = 0;  Represent 1996 proxy,1.97
2008,E,Global Surface Water Explorer extraction for UN Environment Programme,Mangrove area gain (%) [6.6.1],,Percent,Estimated,Global Surface Water Explorer extraction for UN Environment Programme,,Obs_Value = 0;  Represent 1996 proxy,2.08
2009,E,Global Surface Water Explorer extraction for UN Environment Programme,Mangrove area gain (%) [6.6.1],,Percent,Estimated,Global Surface Water Explorer extraction for UN Environment Programme,,Obs_Value = 0;  Represent 1996 proxy,2.13
2010,E,Global Surface Water Explorer extraction for UN Environment Programme,Mangrove area gain (%) [6.6.1],,Percent,Estimated,Global Surface Water Explorer extraction for UN Environment Programme,,Obs_Value = 0;  Represent 1996 proxy,2.35
2015,E,Global Surface Water Explorer extraction for UN Environment Programme,Mangrove area gain (%) [6.6.1],,Percent,Estimated,Global Surface Water Explorer extraction for UN Environment Programme,,Obs_Value = 0;  Represent 1996 proxy,1.94
2016,E,Global Surface Water Explorer extraction for UN Environment Programme,Mangrove area gain (%) [6.6.1],,Percent,Estimated,Global Surface Water Explorer extraction for UN Environment Programme,,Obs_Value = 0;  Represent 1996 proxy,1.71
2000,E,Global Surface Water Explorer extraction for UN Environment Programme,Mangrove area loss (square kilometres) [6.6.1],,Square kilometers,Estimated,Global Surface Water Explorer extraction for UN Environment Programme,Obs_Value = 0;  Represent 1996 proxy,Obs_Value = 0;  Represent 1996 proxy,0.0
2007,E,Global Surface Water Explorer extraction for UN Environment Programme,Mangrove area loss (square kilometres) [6.6.1],,Square kilometers,Estimated,Global Surface Water Explorer extraction for UN Environment Programme,,Obs_Value = 0;  Represent 1996 proxy,41.36
2008,E,Global Surface Water Explorer extraction for UN Environment Programme,Mangrove area loss (square kilometres) [6.6.1],,Square kilometers,Estimated,Global Surface Water Explorer extraction for UN Environment Programme,,Obs_Value = 0;  Represent 1996 proxy,41.99
2009,E,Global Surface Water Explorer extraction for UN Environment Programme,Mangrove area loss (square kilometres) [6.6.1],,Square kilometers,Estimated,Global Surface Water Explorer extraction for UN Environment Programme,,Obs_Value = 0;  Represent 1996 proxy,42.67
2010,E,Global Surface Water Explorer extraction for UN Environment Programme,Mangrove area loss (square kilometres) [6.6.1],,Square kilometers,Estimated,Global Surface Water Explorer extraction for UN Environment Programme,,Obs_Value = 0;  Represent 1996 proxy,46.63
2015,E,Global Surface Water Explorer extraction for UN Environment Programme,Mangrove area loss (square kilometres) [6.6.1],,Square kilometers,Estimated,Global Surface Water Explorer extraction for UN Environment Programme,,Obs_Value = 0;  Represent 1996 proxy,60.36
2016,E,Global Surface Water Explorer extraction for UN Environment Programme,Mangrove area loss (square kilometres) [6.6.1],,Square kilometers,Estimated,Global Surface Water Explorer extraction for UN Environment Programme,,Obs_Value = 0;  Represent 1996 proxy,74.52
2000,E,Global Surface Water Explorer extraction for UN Environment Programme,Mangrove area loss (%) [6.6.1],,Percent,Estimated,Global Surface Water Explorer extraction for UN Environment Programme,Obs_Value = 0;  Represent 1996 proxy,Obs_Value = 0;  Represent 1996 proxy,0.0
2007,E,Global Surface Water Explorer extraction for UN Environment Programme,Mangrove area loss (%) [6.6.1],,Percent,Estimated,Global Surface Water Explorer extraction for UN Environment Programme,,Obs_Value = 0;  Represent 1996 proxy,3.18
2008,E,Global Surface Water Explorer extraction for UN Environment Programme,Mangrove area loss (%) [6.6.1],,Percent,Estimated,Global Surface Water Explorer extraction for UN Environment Programme,,Obs_Value = 0;  Represent 1996 proxy,3.23
2009,E,Global Surface Water Explorer extraction for UN Environment Programme,Mangrove area loss (%) [6.6.1],,Percent,Estimated,Global Surface Water Explorer extraction for UN Environment Programme,,Obs_Value = 0;  Represent 1996 proxy,3.28
2010,E,Global Surface Water Explorer extraction for UN Environment Programme,Mangrove area loss (%) [6.6.1],,Percent,Estimated,Global Surface Water Explorer extraction for UN Environment Programme,,Obs_Value = 0;  Represent 1996 proxy,3.59
2015,E,Global Surface Water Explorer extraction for UN Environment Programme,Mangrove area loss (%) [6.6.1],,Percent,Estimated,Global Surface Water Explorer extraction for UN Environment Programme,,Obs_Value = 0;  Represent 1996 proxy,4.64
2016,E,Global Surface Water Explorer extraction for UN Environment Programme,Mangrove area loss (%) [6.6.1],,Percent,Estimated,Global Surface Water Explorer extraction for UN Environment Programme,,Obs_Value = 0;  Represent 1996 proxy,5.73
2000,E,Global Surface Water Explorer extraction for UN Environment Programme,Mangrove area (square kilometres) [6.6.1],,Square kilometers,Estimated,Global Surface Water Explorer extraction for UN Environment Programme,Represent 1996 proxy,Represent 1996 proxy,1300.17
2007,E,Global Surface Water Explorer extraction for UN Environment Programme,Mangrove area (square kilometres) [6.6.1],,Square kilometers,Estimated,Global Surface Water Explorer extraction for UN Environment Programme,,Represent 1996 proxy,1284.47
2008,E,Global Surface Water Explorer extraction for UN Environment Programme,Mangrove area (square kilometres) [6.6.1],,Square kilometers,Estimated,Global Surface Water Explorer extraction for UN Environment Programme,,Represent 1996 proxy,1285.18
2009,E,Global Surface Water Explorer extraction for UN Environment Programme,Mangrove area (square kilometres) [6.6.1],,Square kilometers,Estimated,Global Surface Water Explorer extraction for UN Environment Programme,,Represent 1996 proxy,1285.2
2010,E,Global Surface Water Explorer extraction for UN Environment Programme,Mangrove area (square kilometres) [6.6.1],,Square kilometers,Estimated,Global Surface Water Explorer extraction for UN Environment Programme,,Represent 1996 proxy,1284.03
2015,E,Global Surface Water Explorer extraction for UN Environment Programme,Mangrove area (square kilometres) [6.6.1],,Square kilometers,Estimated,Global Surface Water Explorer extraction for UN Environment Programme,,Represent 1996 proxy,1265.0
2016,E,Global Surface Water Explorer extraction for UN Environment Programme,Mangrove area (square kilometres) [6.6.1],,Square kilometers,Estimated,Global Surface Water Explorer extraction for UN Environment Programme,,Represent 1996 proxy,1247.84
2017,E,Global Surface Water Explorer extraction for UN Environment Programme,Wetlands area (square kilometres) [6.6.1],,Square kilometers,Estimated,Global Surface Water Explorer extraction for UN Environment Programme,,,2919.9
2017,E,Global Surface Water Explorer extraction for UN Environment Programme,Wetlands area (% of total land area) [6.6.1],,Percent,Estimated,Global Surface Water Explorer extraction for UN Environment Programme,,,1.49
