Year,SDG Series,Sex,Value
2016,Proportion of children engaged in economic activity [8.7.1],,17.1
2016,Proportion of children engaged in economic activity [8.7.1],Female,8.6
2016,Proportion of children engaged in economic activity [8.7.1],Male,25.7
2016,Proportion of children engaged in economic activity and household chores [8.7.1],,22.8
2016,Proportion of children engaged in economic activity and household chores [8.7.1],Female,18.6
2016,Proportion of children engaged in economic activity and household chores [8.7.1],Male,27.1
